#node	identifier	category	term ID	term description
ATM	9606.ENSP00000278616	GO Process	GO:0000003	Reproduction
ATM	9606.ENSP00000278616	GO Process	GO:0000075	Cell cycle checkpoint signaling
ATM	9606.ENSP00000278616	GO Process	GO:0000077	DNA damage checkpoint signaling
ATM	9606.ENSP00000278616	GO Process	GO:0000278	Mitotic cell cycle
ATM	9606.ENSP00000278616	GO Process	GO:0000280	Nuclear division
ATM	9606.ENSP00000278616	GO Process	GO:0000723	Telomere maintenance
ATM	9606.ENSP00000278616	GO Process	GO:0000724	Double-strand break repair via homologous recombination
ATM	9606.ENSP00000278616	GO Process	GO:0000725	Recombinational repair
ATM	9606.ENSP00000278616	GO Process	GO:0000956	Nuclear-transcribed mRNA catabolic process
ATM	9606.ENSP00000278616	GO Process	GO:0001541	Ovarian follicle development
ATM	9606.ENSP00000278616	GO Process	GO:0001666	Response to hypoxia
ATM	9606.ENSP00000278616	GO Process	GO:0001756	Somitogenesis
ATM	9606.ENSP00000278616	GO Process	GO:0001775	Cell activation
ATM	9606.ENSP00000278616	GO Process	GO:0001932	Regulation of protein phosphorylation
ATM	9606.ENSP00000278616	GO Process	GO:0001934	Positive regulation of protein phosphorylation
ATM	9606.ENSP00000278616	GO Process	GO:0002200	Somatic diversification of immune receptors
ATM	9606.ENSP00000278616	GO Process	GO:0002327	Immature B cell differentiation
ATM	9606.ENSP00000278616	GO Process	GO:0002329	pre-B cell differentiation
ATM	9606.ENSP00000278616	GO Process	GO:0002331	pre-B cell allelic exclusion
ATM	9606.ENSP00000278616	GO Process	GO:0002376	Immune system process
ATM	9606.ENSP00000278616	GO Process	GO:0002520	Immune system development
ATM	9606.ENSP00000278616	GO Process	GO:0002521	Leukocyte differentiation
ATM	9606.ENSP00000278616	GO Process	GO:0002562	Somatic diversification of immune receptors via germline recombination within a single locus
ATM	9606.ENSP00000278616	GO Process	GO:0002682	Regulation of immune system process
ATM	9606.ENSP00000278616	GO Process	GO:0002683	Negative regulation of immune system process
ATM	9606.ENSP00000278616	GO Process	GO:0002694	Regulation of leukocyte activation
ATM	9606.ENSP00000278616	GO Process	GO:0002695	Negative regulation of leukocyte activation
ATM	9606.ENSP00000278616	GO Process	GO:0003002	Regionalization
ATM	9606.ENSP00000278616	GO Process	GO:0003006	Developmental process involved in reproduction
ATM	9606.ENSP00000278616	GO Process	GO:0006139	Nucleobase-containing compound metabolic process
ATM	9606.ENSP00000278616	GO Process	GO:0006259	DNA metabolic process
ATM	9606.ENSP00000278616	GO Process	GO:0006281	DNA repair
ATM	9606.ENSP00000278616	GO Process	GO:0006302	Double-strand break repair
ATM	9606.ENSP00000278616	GO Process	GO:0006303	Double-strand break repair via nonhomologous end joining
ATM	9606.ENSP00000278616	GO Process	GO:0006310	DNA recombination
ATM	9606.ENSP00000278616	GO Process	GO:0006355	Regulation of transcription, DNA-templated
ATM	9606.ENSP00000278616	GO Process	GO:0006357	Regulation of transcription by RNA polymerase II
ATM	9606.ENSP00000278616	GO Process	GO:0006401	RNA catabolic process
ATM	9606.ENSP00000278616	GO Process	GO:0006402	mRNA catabolic process
ATM	9606.ENSP00000278616	GO Process	GO:0006403	RNA localization
ATM	9606.ENSP00000278616	GO Process	GO:0006468	Protein phosphorylation
ATM	9606.ENSP00000278616	GO Process	GO:0006629	Lipid metabolic process
ATM	9606.ENSP00000278616	GO Process	GO:0006644	Phospholipid metabolic process
ATM	9606.ENSP00000278616	GO Process	GO:0006650	Glycerophospholipid metabolic process
ATM	9606.ENSP00000278616	GO Process	GO:0006661	Phosphatidylinositol biosynthetic process
ATM	9606.ENSP00000278616	GO Process	GO:0006725	Cellular aromatic compound metabolic process
ATM	9606.ENSP00000278616	GO Process	GO:0006793	Phosphorus metabolic process
ATM	9606.ENSP00000278616	GO Process	GO:0006796	Phosphate-containing compound metabolic process
ATM	9606.ENSP00000278616	GO Process	GO:0006807	Nitrogen compound metabolic process
ATM	9606.ENSP00000278616	GO Process	GO:0006915	Apoptotic process
ATM	9606.ENSP00000278616	GO Process	GO:0006950	Response to stress
ATM	9606.ENSP00000278616	GO Process	GO:0006974	Cellular response to DNA damage stimulus
ATM	9606.ENSP00000278616	GO Process	GO:0006975	DNA damage induced protein phosphorylation
ATM	9606.ENSP00000278616	GO Process	GO:0006977	DNA damage response, signal transduction by p53 class mediator resulting in cell cycle arrest
ATM	9606.ENSP00000278616	GO Process	GO:0006996	Organelle organization
ATM	9606.ENSP00000278616	GO Process	GO:0007049	Cell cycle
ATM	9606.ENSP00000278616	GO Process	GO:0007059	Chromosome segregation
ATM	9606.ENSP00000278616	GO Process	GO:0007088	Regulation of mitotic nuclear division
ATM	9606.ENSP00000278616	GO Process	GO:0007093	Mitotic cell cycle checkpoint signaling
ATM	9606.ENSP00000278616	GO Process	GO:0007094	Mitotic spindle assembly checkpoint signaling
ATM	9606.ENSP00000278616	GO Process	GO:0007095	Mitotic G2 DNA damage checkpoint signaling
ATM	9606.ENSP00000278616	GO Process	GO:0007127	Meiosis I
ATM	9606.ENSP00000278616	GO Process	GO:0007131	Reciprocal meiotic recombination
ATM	9606.ENSP00000278616	GO Process	GO:0007140	Male meiotic nuclear division
ATM	9606.ENSP00000278616	GO Process	GO:0007143	Female meiotic nuclear division
ATM	9606.ENSP00000278616	GO Process	GO:0007154	Cell communication
ATM	9606.ENSP00000278616	GO Process	GO:0007165	Signal transduction
ATM	9606.ENSP00000278616	GO Process	GO:0007275	Multicellular organism development
ATM	9606.ENSP00000278616	GO Process	GO:0007276	Gamete generation
ATM	9606.ENSP00000278616	GO Process	GO:0007281	Germ cell development
ATM	9606.ENSP00000278616	GO Process	GO:0007292	Female gamete generation
ATM	9606.ENSP00000278616	GO Process	GO:0007346	Regulation of mitotic cell cycle
ATM	9606.ENSP00000278616	GO Process	GO:0007389	Pattern specification process
ATM	9606.ENSP00000278616	GO Process	GO:0007399	Nervous system development
ATM	9606.ENSP00000278616	GO Process	GO:0007417	Central nervous system development
ATM	9606.ENSP00000278616	GO Process	GO:0007420	Brain development
ATM	9606.ENSP00000278616	GO Process	GO:0007507	Heart development
ATM	9606.ENSP00000278616	GO Process	GO:0007548	Sex differentiation
ATM	9606.ENSP00000278616	GO Process	GO:0008152	Metabolic process
ATM	9606.ENSP00000278616	GO Process	GO:0008219	Cell death
ATM	9606.ENSP00000278616	GO Process	GO:0008285	Negative regulation of cell population proliferation
ATM	9606.ENSP00000278616	GO Process	GO:0008334	Histone mRNA metabolic process
ATM	9606.ENSP00000278616	GO Process	GO:0008340	Determination of adult lifespan
ATM	9606.ENSP00000278616	GO Process	GO:0008406	Gonad development
ATM	9606.ENSP00000278616	GO Process	GO:0008585	Female gonad development
ATM	9606.ENSP00000278616	GO Process	GO:0008610	Lipid biosynthetic process
ATM	9606.ENSP00000278616	GO Process	GO:0008630	Intrinsic apoptotic signaling pathway in response to DNA damage
ATM	9606.ENSP00000278616	GO Process	GO:0008654	Phospholipid biosynthetic process
ATM	9606.ENSP00000278616	GO Process	GO:0009056	Catabolic process
ATM	9606.ENSP00000278616	GO Process	GO:0009057	Macromolecule catabolic process
ATM	9606.ENSP00000278616	GO Process	GO:0009058	Biosynthetic process
ATM	9606.ENSP00000278616	GO Process	GO:0009314	Response to radiation
ATM	9606.ENSP00000278616	GO Process	GO:0009628	Response to abiotic stimulus
ATM	9606.ENSP00000278616	GO Process	GO:0009653	Anatomical structure morphogenesis
ATM	9606.ENSP00000278616	GO Process	GO:0009790	Embryo development
ATM	9606.ENSP00000278616	GO Process	GO:0009791	Post-embryonic development
ATM	9606.ENSP00000278616	GO Process	GO:0009792	Embryo development ending in birth or egg hatching
ATM	9606.ENSP00000278616	GO Process	GO:0009888	Tissue development
ATM	9606.ENSP00000278616	GO Process	GO:0009889	Regulation of biosynthetic process
ATM	9606.ENSP00000278616	GO Process	GO:0009891	Positive regulation of biosynthetic process
ATM	9606.ENSP00000278616	GO Process	GO:0009892	Negative regulation of metabolic process
ATM	9606.ENSP00000278616	GO Process	GO:0009893	Positive regulation of metabolic process
ATM	9606.ENSP00000278616	GO Process	GO:0009894	Regulation of catabolic process
ATM	9606.ENSP00000278616	GO Process	GO:0009896	Positive regulation of catabolic process
ATM	9606.ENSP00000278616	GO Process	GO:0009952	Anterior/posterior pattern specification
ATM	9606.ENSP00000278616	GO Process	GO:0009966	Regulation of signal transduction
ATM	9606.ENSP00000278616	GO Process	GO:0009967	Positive regulation of signal transduction
ATM	9606.ENSP00000278616	GO Process	GO:0009968	Negative regulation of signal transduction
ATM	9606.ENSP00000278616	GO Process	GO:0009987	Cellular process
ATM	9606.ENSP00000278616	GO Process	GO:0009994	Oocyte differentiation
ATM	9606.ENSP00000278616	GO Process	GO:0010033	Response to organic substance
ATM	9606.ENSP00000278616	GO Process	GO:0010165	Response to X-ray
ATM	9606.ENSP00000278616	GO Process	GO:0010212	Response to ionizing radiation
ATM	9606.ENSP00000278616	GO Process	GO:0010332	Response to gamma radiation
ATM	9606.ENSP00000278616	GO Process	GO:0010389	Regulation of G2/M transition of mitotic cell cycle
ATM	9606.ENSP00000278616	GO Process	GO:0010468	Regulation of gene expression
ATM	9606.ENSP00000278616	GO Process	GO:0010506	Regulation of autophagy
ATM	9606.ENSP00000278616	GO Process	GO:0010556	Regulation of macromolecule biosynthetic process
ATM	9606.ENSP00000278616	GO Process	GO:0010557	Positive regulation of macromolecule biosynthetic process
ATM	9606.ENSP00000278616	GO Process	GO:0010562	Positive regulation of phosphorus metabolic process
ATM	9606.ENSP00000278616	GO Process	GO:0010564	Regulation of cell cycle process
ATM	9606.ENSP00000278616	GO Process	GO:0010604	Positive regulation of macromolecule metabolic process
ATM	9606.ENSP00000278616	GO Process	GO:0010605	Negative regulation of macromolecule metabolic process
ATM	9606.ENSP00000278616	GO Process	GO:0010628	Positive regulation of gene expression
ATM	9606.ENSP00000278616	GO Process	GO:0010629	Negative regulation of gene expression
ATM	9606.ENSP00000278616	GO Process	GO:0010638	Positive regulation of organelle organization
ATM	9606.ENSP00000278616	GO Process	GO:0010639	Negative regulation of organelle organization
ATM	9606.ENSP00000278616	GO Process	GO:0010646	Regulation of cell communication
ATM	9606.ENSP00000278616	GO Process	GO:0010647	Positive regulation of cell communication
ATM	9606.ENSP00000278616	GO Process	GO:0010648	Negative regulation of cell communication
ATM	9606.ENSP00000278616	GO Process	GO:0010941	Regulation of cell death
ATM	9606.ENSP00000278616	GO Process	GO:0010942	Positive regulation of cell death
ATM	9606.ENSP00000278616	GO Process	GO:0010948	Negative regulation of cell cycle process
ATM	9606.ENSP00000278616	GO Process	GO:0010965	Regulation of mitotic sister chromatid separation
ATM	9606.ENSP00000278616	GO Process	GO:0010972	Negative regulation of G2/M transition of mitotic cell cycle
ATM	9606.ENSP00000278616	GO Process	GO:0012501	Programmed cell death
ATM	9606.ENSP00000278616	GO Process	GO:0016043	Cellular component organization
ATM	9606.ENSP00000278616	GO Process	GO:0016070	RNA metabolic process
ATM	9606.ENSP00000278616	GO Process	GO:0016071	mRNA metabolic process
ATM	9606.ENSP00000278616	GO Process	GO:0016310	Phosphorylation
ATM	9606.ENSP00000278616	GO Process	GO:0016444	Somatic cell DNA recombination
ATM	9606.ENSP00000278616	GO Process	GO:0016570	Histone modification
ATM	9606.ENSP00000278616	GO Process	GO:0016572	Histone phosphorylation
ATM	9606.ENSP00000278616	GO Process	GO:0018105	Peptidyl-serine phosphorylation
ATM	9606.ENSP00000278616	GO Process	GO:0018193	Peptidyl-amino acid modification
ATM	9606.ENSP00000278616	GO Process	GO:0018209	Peptidyl-serine modification
ATM	9606.ENSP00000278616	GO Process	GO:0019219	Regulation of nucleobase-containing compound metabolic process
ATM	9606.ENSP00000278616	GO Process	GO:0019220	Regulation of phosphate metabolic process
ATM	9606.ENSP00000278616	GO Process	GO:0019222	Regulation of metabolic process
ATM	9606.ENSP00000278616	GO Process	GO:0019439	Aromatic compound catabolic process
ATM	9606.ENSP00000278616	GO Process	GO:0019538	Protein metabolic process
ATM	9606.ENSP00000278616	GO Process	GO:0019637	Organophosphate metabolic process
ATM	9606.ENSP00000278616	GO Process	GO:0019953	Sexual reproduction
ATM	9606.ENSP00000278616	GO Process	GO:0022402	Cell cycle process
ATM	9606.ENSP00000278616	GO Process	GO:0022412	Cellular process involved in reproduction in multicellular organism
ATM	9606.ENSP00000278616	GO Process	GO:0022414	Reproductive process
ATM	9606.ENSP00000278616	GO Process	GO:0023051	Regulation of signaling
ATM	9606.ENSP00000278616	GO Process	GO:0023052	Signaling
ATM	9606.ENSP00000278616	GO Process	GO:0023056	Positive regulation of signaling
ATM	9606.ENSP00000278616	GO Process	GO:0023057	Negative regulation of signaling
ATM	9606.ENSP00000278616	GO Process	GO:0030071	Regulation of mitotic metaphase/anaphase transition
ATM	9606.ENSP00000278616	GO Process	GO:0030097	Hemopoiesis
ATM	9606.ENSP00000278616	GO Process	GO:0030098	Lymphocyte differentiation
ATM	9606.ENSP00000278616	GO Process	GO:0030154	Cell differentiation
ATM	9606.ENSP00000278616	GO Process	GO:0030155	Regulation of cell adhesion
ATM	9606.ENSP00000278616	GO Process	GO:0030163	Protein catabolic process
ATM	9606.ENSP00000278616	GO Process	GO:0030183	B cell differentiation
ATM	9606.ENSP00000278616	GO Process	GO:0030330	DNA damage response, signal transduction by p53 class mediator
ATM	9606.ENSP00000278616	GO Process	GO:0030334	Regulation of cell migration
ATM	9606.ENSP00000278616	GO Process	GO:0030335	Positive regulation of cell migration
ATM	9606.ENSP00000278616	GO Process	GO:0030888	Regulation of B cell proliferation
ATM	9606.ENSP00000278616	GO Process	GO:0030889	Negative regulation of B cell proliferation
ATM	9606.ENSP00000278616	GO Process	GO:0031056	Regulation of histone modification
ATM	9606.ENSP00000278616	GO Process	GO:0031058	Positive regulation of histone modification
ATM	9606.ENSP00000278616	GO Process	GO:0031323	Regulation of cellular metabolic process
ATM	9606.ENSP00000278616	GO Process	GO:0031324	Negative regulation of cellular metabolic process
ATM	9606.ENSP00000278616	GO Process	GO:0031325	Positive regulation of cellular metabolic process
ATM	9606.ENSP00000278616	GO Process	GO:0031326	Regulation of cellular biosynthetic process
ATM	9606.ENSP00000278616	GO Process	GO:0031328	Positive regulation of cellular biosynthetic process
ATM	9606.ENSP00000278616	GO Process	GO:0031329	Regulation of cellular catabolic process
ATM	9606.ENSP00000278616	GO Process	GO:0031331	Positive regulation of cellular catabolic process
ATM	9606.ENSP00000278616	GO Process	GO:0031334	Positive regulation of protein-containing complex assembly
ATM	9606.ENSP00000278616	GO Process	GO:0031347	Regulation of defense response
ATM	9606.ENSP00000278616	GO Process	GO:0031399	Regulation of protein modification process
ATM	9606.ENSP00000278616	GO Process	GO:0031401	Positive regulation of protein modification process
ATM	9606.ENSP00000278616	GO Process	GO:0031503	Protein-containing complex localization
ATM	9606.ENSP00000278616	GO Process	GO:0031570	DNA integrity checkpoint signaling
ATM	9606.ENSP00000278616	GO Process	GO:0031571	Mitotic G1 DNA damage checkpoint signaling
ATM	9606.ENSP00000278616	GO Process	GO:0031577	Spindle checkpoint signaling
ATM	9606.ENSP00000278616	GO Process	GO:0032006	Regulation of TOR signaling
ATM	9606.ENSP00000278616	GO Process	GO:0032007	Negative regulation of TOR signaling
ATM	9606.ENSP00000278616	GO Process	GO:0032101	Regulation of response to external stimulus
ATM	9606.ENSP00000278616	GO Process	GO:0032200	Telomere organization
ATM	9606.ENSP00000278616	GO Process	GO:0032204	Regulation of telomere maintenance
ATM	9606.ENSP00000278616	GO Process	GO:0032205	Negative regulation of telomere maintenance
ATM	9606.ENSP00000278616	GO Process	GO:0032206	Positive regulation of telomere maintenance
ATM	9606.ENSP00000278616	GO Process	GO:0032210	Regulation of telomere maintenance via telomerase
ATM	9606.ENSP00000278616	GO Process	GO:0032212	Positive regulation of telomere maintenance via telomerase
ATM	9606.ENSP00000278616	GO Process	GO:0032501	Multicellular organismal process
ATM	9606.ENSP00000278616	GO Process	GO:0032502	Developmental process
ATM	9606.ENSP00000278616	GO Process	GO:0032504	Multicellular organism reproduction
ATM	9606.ENSP00000278616	GO Process	GO:0032526	Response to retinoic acid
ATM	9606.ENSP00000278616	GO Process	GO:0032944	Regulation of mononuclear cell proliferation
ATM	9606.ENSP00000278616	GO Process	GO:0032945	Negative regulation of mononuclear cell proliferation
ATM	9606.ENSP00000278616	GO Process	GO:0033036	Macromolecule localization
ATM	9606.ENSP00000278616	GO Process	GO:0033043	Regulation of organelle organization
ATM	9606.ENSP00000278616	GO Process	GO:0033044	Regulation of chromosome organization
ATM	9606.ENSP00000278616	GO Process	GO:0033045	Regulation of sister chromatid segregation
ATM	9606.ENSP00000278616	GO Process	GO:0033046	Negative regulation of sister chromatid segregation
ATM	9606.ENSP00000278616	GO Process	GO:0033047	Regulation of mitotic sister chromatid segregation
ATM	9606.ENSP00000278616	GO Process	GO:0033048	Negative regulation of mitotic sister chromatid segregation
ATM	9606.ENSP00000278616	GO Process	GO:0033127	Regulation of histone phosphorylation
ATM	9606.ENSP00000278616	GO Process	GO:0033129	Positive regulation of histone phosphorylation
ATM	9606.ENSP00000278616	GO Process	GO:0033151	V(D)J recombination
ATM	9606.ENSP00000278616	GO Process	GO:0033554	Cellular response to stress
ATM	9606.ENSP00000278616	GO Process	GO:0033993	Response to lipid
ATM	9606.ENSP00000278616	GO Process	GO:0034397	Telomere localization
ATM	9606.ENSP00000278616	GO Process	GO:0034641	Cellular nitrogen compound metabolic process
ATM	9606.ENSP00000278616	GO Process	GO:0034655	Nucleobase-containing compound catabolic process
ATM	9606.ENSP00000278616	GO Process	GO:0035264	Multicellular organism growth
ATM	9606.ENSP00000278616	GO Process	GO:0035282	Segmentation
ATM	9606.ENSP00000278616	GO Process	GO:0035556	Intracellular signal transduction
ATM	9606.ENSP00000278616	GO Process	GO:0035825	Homologous recombination
ATM	9606.ENSP00000278616	GO Process	GO:0036092	phosphatidylinositol-3-phosphate biosynthetic process
ATM	9606.ENSP00000278616	GO Process	GO:0036211	Protein modification process
ATM	9606.ENSP00000278616	GO Process	GO:0036289	Peptidyl-serine autophosphorylation
ATM	9606.ENSP00000278616	GO Process	GO:0036293	Response to decreased oxygen levels
ATM	9606.ENSP00000278616	GO Process	GO:0040007	Growth
ATM	9606.ENSP00000278616	GO Process	GO:0040012	Regulation of locomotion
ATM	9606.ENSP00000278616	GO Process	GO:0040017	Positive regulation of locomotion
ATM	9606.ENSP00000278616	GO Process	GO:0042113	B cell activation
ATM	9606.ENSP00000278616	GO Process	GO:0042127	Regulation of cell population proliferation
ATM	9606.ENSP00000278616	GO Process	GO:0042157	Lipoprotein metabolic process
ATM	9606.ENSP00000278616	GO Process	GO:0042159	Lipoprotein catabolic process
ATM	9606.ENSP00000278616	GO Process	GO:0042221	Response to chemical
ATM	9606.ENSP00000278616	GO Process	GO:0042325	Regulation of phosphorylation
ATM	9606.ENSP00000278616	GO Process	GO:0042327	Positive regulation of phosphorylation
ATM	9606.ENSP00000278616	GO Process	GO:0042770	Signal transduction in response to DNA damage
ATM	9606.ENSP00000278616	GO Process	GO:0042981	Regulation of apoptotic process
ATM	9606.ENSP00000278616	GO Process	GO:0043009	Chordate embryonic development
ATM	9606.ENSP00000278616	GO Process	GO:0043030	Regulation of macrophage activation
ATM	9606.ENSP00000278616	GO Process	GO:0043065	Positive regulation of apoptotic process
ATM	9606.ENSP00000278616	GO Process	GO:0043067	Regulation of programmed cell death
ATM	9606.ENSP00000278616	GO Process	GO:0043068	Positive regulation of programmed cell death
ATM	9606.ENSP00000278616	GO Process	GO:0043170	Macromolecule metabolic process
ATM	9606.ENSP00000278616	GO Process	GO:0043254	Regulation of protein-containing complex assembly
ATM	9606.ENSP00000278616	GO Process	GO:0043412	Macromolecule modification
ATM	9606.ENSP00000278616	GO Process	GO:0043516	Regulation of DNA damage response, signal transduction by p53 class mediator
ATM	9606.ENSP00000278616	GO Process	GO:0043517	Positive regulation of DNA damage response, signal transduction by p53 class mediator
ATM	9606.ENSP00000278616	GO Process	GO:0043523	Regulation of neuron apoptotic process
ATM	9606.ENSP00000278616	GO Process	GO:0043525	Positive regulation of neuron apoptotic process
ATM	9606.ENSP00000278616	GO Process	GO:0044087	Regulation of cellular component biogenesis
ATM	9606.ENSP00000278616	GO Process	GO:0044089	Positive regulation of cellular component biogenesis
ATM	9606.ENSP00000278616	GO Process	GO:0044237	Cellular metabolic process
ATM	9606.ENSP00000278616	GO Process	GO:0044238	Primary metabolic process
ATM	9606.ENSP00000278616	GO Process	GO:0044248	Cellular catabolic process
ATM	9606.ENSP00000278616	GO Process	GO:0044249	Cellular biosynthetic process
ATM	9606.ENSP00000278616	GO Process	GO:0044255	Cellular lipid metabolic process
ATM	9606.ENSP00000278616	GO Process	GO:0044260	Cellular macromolecule metabolic process
ATM	9606.ENSP00000278616	GO Process	GO:0044265	Cellular macromolecule catabolic process
ATM	9606.ENSP00000278616	GO Process	GO:0044270	Cellular nitrogen compound catabolic process
ATM	9606.ENSP00000278616	GO Process	GO:0044773	Mitotic DNA damage checkpoint signaling
ATM	9606.ENSP00000278616	GO Process	GO:0044774	Mitotic DNA integrity checkpoint signaling
ATM	9606.ENSP00000278616	GO Process	GO:0044818	Mitotic G2/M transition checkpoint
ATM	9606.ENSP00000278616	GO Process	GO:0044819	Mitotic G1/S transition checkpoint signaling
ATM	9606.ENSP00000278616	GO Process	GO:0045017	Glycerolipid biosynthetic process
ATM	9606.ENSP00000278616	GO Process	GO:0045132	Meiotic chromosome segregation
ATM	9606.ENSP00000278616	GO Process	GO:0045137	Development of primary sexual characteristics
ATM	9606.ENSP00000278616	GO Process	GO:0045141	Meiotic telomere clustering
ATM	9606.ENSP00000278616	GO Process	GO:0045143	Homologous chromosome segregation
ATM	9606.ENSP00000278616	GO Process	GO:0045321	Leukocyte activation
ATM	9606.ENSP00000278616	GO Process	GO:0045785	Positive regulation of cell adhesion
ATM	9606.ENSP00000278616	GO Process	GO:0045786	Negative regulation of cell cycle
ATM	9606.ENSP00000278616	GO Process	GO:0045839	Negative regulation of mitotic nuclear division
ATM	9606.ENSP00000278616	GO Process	GO:0045841	Negative regulation of mitotic metaphase/anaphase transition
ATM	9606.ENSP00000278616	GO Process	GO:0045893	Positive regulation of transcription, DNA-templated
ATM	9606.ENSP00000278616	GO Process	GO:0045930	Negative regulation of mitotic cell cycle
ATM	9606.ENSP00000278616	GO Process	GO:0045934	Negative regulation of nucleobase-containing compound metabolic process
ATM	9606.ENSP00000278616	GO Process	GO:0045935	Positive regulation of nucleobase-containing compound metabolic process
ATM	9606.ENSP00000278616	GO Process	GO:0045937	Positive regulation of phosphate metabolic process
ATM	9606.ENSP00000278616	GO Process	GO:0045944	Positive regulation of transcription by RNA polymerase II
ATM	9606.ENSP00000278616	GO Process	GO:0046474	Glycerophospholipid biosynthetic process
ATM	9606.ENSP00000278616	GO Process	GO:0046483	Heterocycle metabolic process
ATM	9606.ENSP00000278616	GO Process	GO:0046486	Glycerolipid metabolic process
ATM	9606.ENSP00000278616	GO Process	GO:0046488	Phosphatidylinositol metabolic process
ATM	9606.ENSP00000278616	GO Process	GO:0046545	Development of primary female sexual characteristics
ATM	9606.ENSP00000278616	GO Process	GO:0046649	Lymphocyte activation
ATM	9606.ENSP00000278616	GO Process	GO:0046660	Female sex differentiation
ATM	9606.ENSP00000278616	GO Process	GO:0046700	Heterocycle catabolic process
ATM	9606.ENSP00000278616	GO Process	GO:0046777	Protein autophosphorylation
ATM	9606.ENSP00000278616	GO Process	GO:0046854	Phosphatidylinositol phosphate biosynthetic process
ATM	9606.ENSP00000278616	GO Process	GO:0048232	Male gamete generation
ATM	9606.ENSP00000278616	GO Process	GO:0048285	Organelle fission
ATM	9606.ENSP00000278616	GO Process	GO:0048468	Cell development
ATM	9606.ENSP00000278616	GO Process	GO:0048477	Oogenesis
ATM	9606.ENSP00000278616	GO Process	GO:0048513	Animal organ development
ATM	9606.ENSP00000278616	GO Process	GO:0048518	Positive regulation of biological process
ATM	9606.ENSP00000278616	GO Process	GO:0048519	Negative regulation of biological process
ATM	9606.ENSP00000278616	GO Process	GO:0048522	Positive regulation of cellular process
ATM	9606.ENSP00000278616	GO Process	GO:0048523	Negative regulation of cellular process
ATM	9606.ENSP00000278616	GO Process	GO:0048534	Hematopoietic or lymphoid organ development
ATM	9606.ENSP00000278616	GO Process	GO:0048538	Thymus development
ATM	9606.ENSP00000278616	GO Process	GO:0048583	Regulation of response to stimulus
ATM	9606.ENSP00000278616	GO Process	GO:0048584	Positive regulation of response to stimulus
ATM	9606.ENSP00000278616	GO Process	GO:0048585	Negative regulation of response to stimulus
ATM	9606.ENSP00000278616	GO Process	GO:0048589	Developmental growth
ATM	9606.ENSP00000278616	GO Process	GO:0048599	Oocyte development
ATM	9606.ENSP00000278616	GO Process	GO:0048608	Reproductive structure development
ATM	9606.ENSP00000278616	GO Process	GO:0048609	Multicellular organismal reproductive process
ATM	9606.ENSP00000278616	GO Process	GO:0048646	Anatomical structure formation involved in morphogenesis
ATM	9606.ENSP00000278616	GO Process	GO:0048731	System development
ATM	9606.ENSP00000278616	GO Process	GO:0048732	Gland development
ATM	9606.ENSP00000278616	GO Process	GO:0048856	Anatomical structure development
ATM	9606.ENSP00000278616	GO Process	GO:0048869	Cellular developmental process
ATM	9606.ENSP00000278616	GO Process	GO:0050000	Chromosome localization
ATM	9606.ENSP00000278616	GO Process	GO:0050670	Regulation of lymphocyte proliferation
ATM	9606.ENSP00000278616	GO Process	GO:0050672	Negative regulation of lymphocyte proliferation
ATM	9606.ENSP00000278616	GO Process	GO:0050727	Regulation of inflammatory response
ATM	9606.ENSP00000278616	GO Process	GO:0050789	Regulation of biological process
ATM	9606.ENSP00000278616	GO Process	GO:0050794	Regulation of cellular process
ATM	9606.ENSP00000278616	GO Process	GO:0050864	Regulation of B cell activation
ATM	9606.ENSP00000278616	GO Process	GO:0050865	Regulation of cell activation
ATM	9606.ENSP00000278616	GO Process	GO:0050866	Negative regulation of cell activation
ATM	9606.ENSP00000278616	GO Process	GO:0050869	Negative regulation of B cell activation
ATM	9606.ENSP00000278616	GO Process	GO:0050896	Response to stimulus
ATM	9606.ENSP00000278616	GO Process	GO:0051052	Regulation of DNA metabolic process
ATM	9606.ENSP00000278616	GO Process	GO:0051053	Negative regulation of DNA metabolic process
ATM	9606.ENSP00000278616	GO Process	GO:0051054	Positive regulation of DNA metabolic process
ATM	9606.ENSP00000278616	GO Process	GO:0051128	Regulation of cellular component organization
ATM	9606.ENSP00000278616	GO Process	GO:0051129	Negative regulation of cellular component organization
ATM	9606.ENSP00000278616	GO Process	GO:0051130	Positive regulation of cellular component organization
ATM	9606.ENSP00000278616	GO Process	GO:0051171	Regulation of nitrogen compound metabolic process
ATM	9606.ENSP00000278616	GO Process	GO:0051172	Negative regulation of nitrogen compound metabolic process
ATM	9606.ENSP00000278616	GO Process	GO:0051173	Positive regulation of nitrogen compound metabolic process
ATM	9606.ENSP00000278616	GO Process	GO:0051174	Regulation of phosphorus metabolic process
ATM	9606.ENSP00000278616	GO Process	GO:0051179	Localization
ATM	9606.ENSP00000278616	GO Process	GO:0051234	Establishment of localization
ATM	9606.ENSP00000278616	GO Process	GO:0051236	Establishment of RNA localization
ATM	9606.ENSP00000278616	GO Process	GO:0051246	Regulation of protein metabolic process
ATM	9606.ENSP00000278616	GO Process	GO:0051247	Positive regulation of protein metabolic process
ATM	9606.ENSP00000278616	GO Process	GO:0051249	Regulation of lymphocyte activation
ATM	9606.ENSP00000278616	GO Process	GO:0051250	Negative regulation of lymphocyte activation
ATM	9606.ENSP00000278616	GO Process	GO:0051252	Regulation of RNA metabolic process
ATM	9606.ENSP00000278616	GO Process	GO:0051254	Positive regulation of RNA metabolic process
ATM	9606.ENSP00000278616	GO Process	GO:0051276	Chromosome organization
ATM	9606.ENSP00000278616	GO Process	GO:0051303	Establishment of chromosome localization
ATM	9606.ENSP00000278616	GO Process	GO:0051321	Meiotic cell cycle
ATM	9606.ENSP00000278616	GO Process	GO:0051402	Neuron apoptotic process
ATM	9606.ENSP00000278616	GO Process	GO:0051409	Response to nitrosative stress
ATM	9606.ENSP00000278616	GO Process	GO:0051640	Organelle localization
ATM	9606.ENSP00000278616	GO Process	GO:0051641	Cellular localization
ATM	9606.ENSP00000278616	GO Process	GO:0051649	Establishment of localization in cell
ATM	9606.ENSP00000278616	GO Process	GO:0051656	Establishment of organelle localization
ATM	9606.ENSP00000278616	GO Process	GO:0051716	Cellular response to stimulus
ATM	9606.ENSP00000278616	GO Process	GO:0051726	Regulation of cell cycle
ATM	9606.ENSP00000278616	GO Process	GO:0051783	Regulation of nuclear division
ATM	9606.ENSP00000278616	GO Process	GO:0051784	Negative regulation of nuclear division
ATM	9606.ENSP00000278616	GO Process	GO:0051983	Regulation of chromosome segregation
ATM	9606.ENSP00000278616	GO Process	GO:0051985	Negative regulation of chromosome segregation
ATM	9606.ENSP00000278616	GO Process	GO:0060255	Regulation of macromolecule metabolic process
ATM	9606.ENSP00000278616	GO Process	GO:0060322	Head development
ATM	9606.ENSP00000278616	GO Process	GO:0060429	Epithelium development
ATM	9606.ENSP00000278616	GO Process	GO:0061053	Somite development
ATM	9606.ENSP00000278616	GO Process	GO:0061458	Reproductive system development
ATM	9606.ENSP00000278616	GO Process	GO:0061982	Meiosis I cell cycle process
ATM	9606.ENSP00000278616	GO Process	GO:0062197	Cellular response to chemical stress
ATM	9606.ENSP00000278616	GO Process	GO:0065007	Biological regulation
ATM	9606.ENSP00000278616	GO Process	GO:0070192	Chromosome organization involved in meiotic cell cycle
ATM	9606.ENSP00000278616	GO Process	GO:0070482	Response to oxygen levels
ATM	9606.ENSP00000278616	GO Process	GO:0070663	Regulation of leukocyte proliferation
ATM	9606.ENSP00000278616	GO Process	GO:0070664	Negative regulation of leukocyte proliferation
ATM	9606.ENSP00000278616	GO Process	GO:0070727	Cellular macromolecule localization
ATM	9606.ENSP00000278616	GO Process	GO:0070887	Cellular response to chemical stimulus
ATM	9606.ENSP00000278616	GO Process	GO:0070997	Neuron death
ATM	9606.ENSP00000278616	GO Process	GO:0071044	Histone mRNA catabolic process
ATM	9606.ENSP00000278616	GO Process	GO:0071173	Spindle assembly checkpoint signaling
ATM	9606.ENSP00000278616	GO Process	GO:0071174	Mitotic spindle checkpoint signaling
ATM	9606.ENSP00000278616	GO Process	GO:0071214	Cellular response to abiotic stimulus
ATM	9606.ENSP00000278616	GO Process	GO:0071300	Cellular response to retinoic acid
ATM	9606.ENSP00000278616	GO Process	GO:0071310	Cellular response to organic substance
ATM	9606.ENSP00000278616	GO Process	GO:0071396	Cellular response to lipid
ATM	9606.ENSP00000278616	GO Process	GO:0071478	Cellular response to radiation
ATM	9606.ENSP00000278616	GO Process	GO:0071479	Cellular response to ionizing radiation
ATM	9606.ENSP00000278616	GO Process	GO:0071480	Cellular response to gamma radiation
ATM	9606.ENSP00000278616	GO Process	GO:0071481	Cellular response to X-ray
ATM	9606.ENSP00000278616	GO Process	GO:0071500	Cellular response to nitrosative stress
ATM	9606.ENSP00000278616	GO Process	GO:0071704	Organic substance metabolic process
ATM	9606.ENSP00000278616	GO Process	GO:0071840	Cellular component organization or biogenesis
ATM	9606.ENSP00000278616	GO Process	GO:0072331	Signal transduction by p53 class mediator
ATM	9606.ENSP00000278616	GO Process	GO:0072359	Circulatory system development
ATM	9606.ENSP00000278616	GO Process	GO:0080090	Regulation of primary metabolic process
ATM	9606.ENSP00000278616	GO Process	GO:0080134	Regulation of response to stress
ATM	9606.ENSP00000278616	GO Process	GO:0080135	Regulation of cellular response to stress
ATM	9606.ENSP00000278616	GO Process	GO:0090220	Chromosome localization to nuclear envelope involved in homologous chromosome segregation
ATM	9606.ENSP00000278616	GO Process	GO:0090304	Nucleic acid metabolic process
ATM	9606.ENSP00000278616	GO Process	GO:0090398	Cellular senescence
ATM	9606.ENSP00000278616	GO Process	GO:0090399	Replicative senescence
ATM	9606.ENSP00000278616	GO Process	GO:0090407	Organophosphate biosynthetic process
ATM	9606.ENSP00000278616	GO Process	GO:0097190	Apoptotic signaling pathway
ATM	9606.ENSP00000278616	GO Process	GO:0097193	Intrinsic apoptotic signaling pathway
ATM	9606.ENSP00000278616	GO Process	GO:0097694	Establishment of RNA localization to telomere
ATM	9606.ENSP00000278616	GO Process	GO:0097695	Establishment of protein-containing complex localization to telomere
ATM	9606.ENSP00000278616	GO Process	GO:0098813	Nuclear chromosome segregation
ATM	9606.ENSP00000278616	GO Process	GO:0104004	Cellular response to environmental stimulus
ATM	9606.ENSP00000278616	GO Process	GO:0140013	Meiotic nuclear division
ATM	9606.ENSP00000278616	GO Process	GO:0140527	Reciprocal homologous recombination
ATM	9606.ENSP00000278616	GO Process	GO:0150077	Regulation of neuroinflammatory response
ATM	9606.ENSP00000278616	GO Process	GO:1900034	Regulation of cellular response to heat
ATM	9606.ENSP00000278616	GO Process	GO:1901214	Regulation of neuron death
ATM	9606.ENSP00000278616	GO Process	GO:1901216	Positive regulation of neuron death
ATM	9606.ENSP00000278616	GO Process	GO:1901360	Organic cyclic compound metabolic process
ATM	9606.ENSP00000278616	GO Process	GO:1901361	Organic cyclic compound catabolic process
ATM	9606.ENSP00000278616	GO Process	GO:1901564	Organonitrogen compound metabolic process
ATM	9606.ENSP00000278616	GO Process	GO:1901565	Organonitrogen compound catabolic process
ATM	9606.ENSP00000278616	GO Process	GO:1901575	Organic substance catabolic process
ATM	9606.ENSP00000278616	GO Process	GO:1901576	Organic substance biosynthetic process
ATM	9606.ENSP00000278616	GO Process	GO:1901700	Response to oxygen-containing compound
ATM	9606.ENSP00000278616	GO Process	GO:1901701	Cellular response to oxygen-containing compound
ATM	9606.ENSP00000278616	GO Process	GO:1901796	Regulation of signal transduction by p53 class mediator
ATM	9606.ENSP00000278616	GO Process	GO:1901798	Positive regulation of signal transduction by p53 class mediator
ATM	9606.ENSP00000278616	GO Process	GO:1901987	Regulation of cell cycle phase transition
ATM	9606.ENSP00000278616	GO Process	GO:1901988	Negative regulation of cell cycle phase transition
ATM	9606.ENSP00000278616	GO Process	GO:1901990	Regulation of mitotic cell cycle phase transition
ATM	9606.ENSP00000278616	GO Process	GO:1901991	Negative regulation of mitotic cell cycle phase transition
ATM	9606.ENSP00000278616	GO Process	GO:1902099	Regulation of metaphase/anaphase transition of cell cycle
ATM	9606.ENSP00000278616	GO Process	GO:1902100	Negative regulation of metaphase/anaphase transition of cell cycle
ATM	9606.ENSP00000278616	GO Process	GO:1902531	Regulation of intracellular signal transduction
ATM	9606.ENSP00000278616	GO Process	GO:1902532	Negative regulation of intracellular signal transduction
ATM	9606.ENSP00000278616	GO Process	GO:1902533	Positive regulation of intracellular signal transduction
ATM	9606.ENSP00000278616	GO Process	GO:1902680	Positive regulation of RNA biosynthetic process
ATM	9606.ENSP00000278616	GO Process	GO:1902749	Regulation of cell cycle G2/M phase transition
ATM	9606.ENSP00000278616	GO Process	GO:1902750	Negative regulation of cell cycle G2/M phase transition
ATM	9606.ENSP00000278616	GO Process	GO:1902806	Regulation of cell cycle G1/S phase transition
ATM	9606.ENSP00000278616	GO Process	GO:1902807	Negative regulation of cell cycle G1/S phase transition
ATM	9606.ENSP00000278616	GO Process	GO:1903046	Meiotic cell cycle process
ATM	9606.ENSP00000278616	GO Process	GO:1903047	Mitotic cell cycle process
ATM	9606.ENSP00000278616	GO Process	GO:1903131	Mononuclear cell differentiation
ATM	9606.ENSP00000278616	GO Process	GO:1903432	Regulation of TORC1 signaling
ATM	9606.ENSP00000278616	GO Process	GO:1903506	Regulation of nucleic acid-templated transcription
ATM	9606.ENSP00000278616	GO Process	GO:1903508	Positive regulation of nucleic acid-templated transcription
ATM	9606.ENSP00000278616	GO Process	GO:1903624	Regulation of DNA catabolic process
ATM	9606.ENSP00000278616	GO Process	GO:1903626	Positive regulation of DNA catabolic process
ATM	9606.ENSP00000278616	GO Process	GO:1903978	Regulation of microglial cell activation
ATM	9606.ENSP00000278616	GO Process	GO:1904262	Negative regulation of TORC1 signaling
ATM	9606.ENSP00000278616	GO Process	GO:1904353	Regulation of telomere capping
ATM	9606.ENSP00000278616	GO Process	GO:1904354	Negative regulation of telomere capping
ATM	9606.ENSP00000278616	GO Process	GO:1904356	Regulation of telomere maintenance via telomere lengthening
ATM	9606.ENSP00000278616	GO Process	GO:1904358	Positive regulation of telomere maintenance via telomere lengthening
ATM	9606.ENSP00000278616	GO Process	GO:1904882	Regulation of telomerase catalytic core complex assembly
ATM	9606.ENSP00000278616	GO Process	GO:1904884	Positive regulation of telomerase catalytic core complex assembly
ATM	9606.ENSP00000278616	GO Process	GO:1905818	Regulation of chromosome separation
ATM	9606.ENSP00000278616	GO Process	GO:1905819	Negative regulation of chromosome separation
ATM	9606.ENSP00000278616	GO Process	GO:1905843	Regulation of cellular response to gamma radiation
ATM	9606.ENSP00000278616	GO Process	GO:2000045	Regulation of G1/S transition of mitotic cell cycle
ATM	9606.ENSP00000278616	GO Process	GO:2000134	Negative regulation of G1/S transition of mitotic cell cycle
ATM	9606.ENSP00000278616	GO Process	GO:2000145	Regulation of cell motility
ATM	9606.ENSP00000278616	GO Process	GO:2000147	Positive regulation of cell motility
ATM	9606.ENSP00000278616	GO Process	GO:2000278	Regulation of DNA biosynthetic process
ATM	9606.ENSP00000278616	GO Process	GO:2000573	Positive regulation of DNA biosynthetic process
ATM	9606.ENSP00000278616	GO Process	GO:2000816	Negative regulation of mitotic sister chromatid separation
ATM	9606.ENSP00000278616	GO Process	GO:2001020	Regulation of response to DNA damage stimulus
ATM	9606.ENSP00000278616	GO Process	GO:2001022	Positive regulation of response to DNA damage stimulus
ATM	9606.ENSP00000278616	GO Process	GO:2001141	Regulation of RNA biosynthetic process
ATM	9606.ENSP00000278616	GO Process	GO:2001228	Regulation of response to gamma radiation
ATM	9606.ENSP00000278616	GO Process	GO:2001251	Negative regulation of chromosome organization
ATM	9606.ENSP00000278616	GO Process	GO:2001252	Positive regulation of chromosome organization
ATM	9606.ENSP00000278616	GO Function	GO:0000166	Nucleotide binding
ATM	9606.ENSP00000278616	GO Function	GO:0003676	Nucleic acid binding
ATM	9606.ENSP00000278616	GO Function	GO:0003677	DNA binding
ATM	9606.ENSP00000278616	GO Function	GO:0003824	Catalytic activity
ATM	9606.ENSP00000278616	GO Function	GO:0004672	Protein kinase activity
ATM	9606.ENSP00000278616	GO Function	GO:0004674	Protein serine/threonine kinase activity
ATM	9606.ENSP00000278616	GO Function	GO:0004677	DNA-dependent protein kinase activity
ATM	9606.ENSP00000278616	GO Function	GO:0005488	Binding
ATM	9606.ENSP00000278616	GO Function	GO:0005515	Protein binding
ATM	9606.ENSP00000278616	GO Function	GO:0005524	ATP binding
ATM	9606.ENSP00000278616	GO Function	GO:0016301	Kinase activity
ATM	9606.ENSP00000278616	GO Function	GO:0016303	1-phosphatidylinositol-3-kinase activity
ATM	9606.ENSP00000278616	GO Function	GO:0016740	Transferase activity
ATM	9606.ENSP00000278616	GO Function	GO:0016772	Transferase activity, transferring phosphorus-containing groups
ATM	9606.ENSP00000278616	GO Function	GO:0016773	Phosphotransferase activity, alcohol group as acceptor
ATM	9606.ENSP00000278616	GO Function	GO:0017076	Purine nucleotide binding
ATM	9606.ENSP00000278616	GO Function	GO:0030554	Adenyl nucleotide binding
ATM	9606.ENSP00000278616	GO Function	GO:0032553	Ribonucleotide binding
ATM	9606.ENSP00000278616	GO Function	GO:0032555	Purine ribonucleotide binding
ATM	9606.ENSP00000278616	GO Function	GO:0032559	Adenyl ribonucleotide binding
ATM	9606.ENSP00000278616	GO Function	GO:0035004	Phosphatidylinositol 3-kinase activity
ATM	9606.ENSP00000278616	GO Function	GO:0035639	Purine ribonucleoside triphosphate binding
ATM	9606.ENSP00000278616	GO Function	GO:0036094	Small molecule binding
ATM	9606.ENSP00000278616	GO Function	GO:0042802	Identical protein binding
ATM	9606.ENSP00000278616	GO Function	GO:0043167	Ion binding
ATM	9606.ENSP00000278616	GO Function	GO:0043168	Anion binding
ATM	9606.ENSP00000278616	GO Function	GO:0044877	Protein-containing complex binding
ATM	9606.ENSP00000278616	GO Function	GO:0047485	Protein N-terminus binding
ATM	9606.ENSP00000278616	GO Function	GO:0052742	Phosphatidylinositol kinase activity
ATM	9606.ENSP00000278616	GO Function	GO:0097159	Organic cyclic compound binding
ATM	9606.ENSP00000278616	GO Function	GO:0097367	Carbohydrate derivative binding
ATM	9606.ENSP00000278616	GO Function	GO:0106310	Protein serine kinase activity
ATM	9606.ENSP00000278616	GO Function	GO:0140096	Catalytic activity, acting on a protein
ATM	9606.ENSP00000278616	GO Function	GO:1901265	Nucleoside phosphate binding
ATM	9606.ENSP00000278616	GO Function	GO:1901363	Heterocyclic compound binding
ATM	9606.ENSP00000278616	GO Component	GO:0005622	Intracellular anatomical structure
ATM	9606.ENSP00000278616	GO Component	GO:0005634	Nucleus
ATM	9606.ENSP00000278616	GO Component	GO:0005654	Nucleoplasm
ATM	9606.ENSP00000278616	GO Component	GO:0005730	Nucleolus
ATM	9606.ENSP00000278616	GO Component	GO:0005737	Cytoplasm
ATM	9606.ENSP00000278616	GO Component	GO:0005777	Peroxisome
ATM	9606.ENSP00000278616	GO Component	GO:0005782	Peroxisomal matrix
ATM	9606.ENSP00000278616	GO Component	GO:0005813	Centrosome
ATM	9606.ENSP00000278616	GO Component	GO:0005815	Microtubule organizing center
ATM	9606.ENSP00000278616	GO Component	GO:0005819	Spindle
ATM	9606.ENSP00000278616	GO Component	GO:0005829	Cytosol
ATM	9606.ENSP00000278616	GO Component	GO:0005856	Cytoskeleton
ATM	9606.ENSP00000278616	GO Component	GO:0015630	Microtubule cytoskeleton
ATM	9606.ENSP00000278616	GO Component	GO:0031410	Cytoplasmic vesicle
ATM	9606.ENSP00000278616	GO Component	GO:0031907	Microbody lumen
ATM	9606.ENSP00000278616	GO Component	GO:0031974	Membrane-enclosed lumen
ATM	9606.ENSP00000278616	GO Component	GO:0031981	Nuclear lumen
ATM	9606.ENSP00000278616	GO Component	GO:0031982	Vesicle
ATM	9606.ENSP00000278616	GO Component	GO:0032991	Protein-containing complex
ATM	9606.ENSP00000278616	GO Component	GO:0042579	Microbody
ATM	9606.ENSP00000278616	GO Component	GO:0043226	Organelle
ATM	9606.ENSP00000278616	GO Component	GO:0043227	Membrane-bounded organelle
ATM	9606.ENSP00000278616	GO Component	GO:0043228	Non-membrane-bounded organelle
ATM	9606.ENSP00000278616	GO Component	GO:0043229	Intracellular organelle
ATM	9606.ENSP00000278616	GO Component	GO:0043231	Intracellular membrane-bounded organelle
ATM	9606.ENSP00000278616	GO Component	GO:0043232	Intracellular non-membrane-bounded organelle
ATM	9606.ENSP00000278616	GO Component	GO:0043233	Organelle lumen
ATM	9606.ENSP00000278616	GO Component	GO:0070013	Intracellular organelle lumen
ATM	9606.ENSP00000278616	GO Component	GO:0097708	Intracellular vesicle
ATM	9606.ENSP00000278616	GO Component	GO:0110165	Cellular anatomical entity
ATM	9606.ENSP00000278616	GO Component	GO:1990391	DNA repair complex
ATM	9606.ENSP00000278616	STRING clusters	CL:6143	DNA repair pathways, full network, and HDR through Homologous Recombination (HRR)
ATM	9606.ENSP00000278616	STRING clusters	CL:6144	DNA repair pathways, full network, and HDR through Homologous Recombination (HRR)
ATM	9606.ENSP00000278616	STRING clusters	CL:6145	DNA repair pathways, full network, and HDR through Homologous Recombination (HRR)
ATM	9606.ENSP00000278616	STRING clusters	CL:6146	Mixed, incl. Fanconi anemia pathway, and DNA repair complex
ATM	9606.ENSP00000278616	STRING clusters	CL:6147	DNA repair pathways, full network, and HDR through Homologous Recombination (HRR)
ATM	9606.ENSP00000278616	STRING clusters	CL:6148	Diseases of DNA repair, and DNA repair complex
ATM	9606.ENSP00000278616	STRING clusters	CL:6149	Homologous DNA Pairing and Strand Exchange, and Response to intra-S DNA damage checkpoint signaling
ATM	9606.ENSP00000278616	STRING clusters	CL:6150	Resolution of D-loop Structures through Holliday Junction Intermediates, and RIDDLE syndrome
ATM	9606.ENSP00000278616	STRING clusters	CL:6195	BRCA1-C complex, and NIPBL role in DNA damage - Cornelia de Lange syndrome
ATM	9606.ENSP00000278616	STRING clusters	CL:6196	NIPBL role in DNA damage - Cornelia de Lange syndrome
ATM	9606.ENSP00000278616	KEGG	hsa01524	Platinum drug resistance
ATM	9606.ENSP00000278616	KEGG	hsa03440	Homologous recombination
ATM	9606.ENSP00000278616	KEGG	hsa04064	NF-kappa B signaling pathway
ATM	9606.ENSP00000278616	KEGG	hsa04068	FoxO signaling pathway
ATM	9606.ENSP00000278616	KEGG	hsa04110	Cell cycle
ATM	9606.ENSP00000278616	KEGG	hsa04115	p53 signaling pathway
ATM	9606.ENSP00000278616	KEGG	hsa04210	Apoptosis
ATM	9606.ENSP00000278616	KEGG	hsa04218	Cellular senescence
ATM	9606.ENSP00000278616	KEGG	hsa05131	Shigellosis
ATM	9606.ENSP00000278616	KEGG	hsa05165	Human papillomavirus infection
ATM	9606.ENSP00000278616	KEGG	hsa05166	Human T-cell leukemia virus 1 infection
ATM	9606.ENSP00000278616	KEGG	hsa05170	Human immunodeficiency virus 1 infection
ATM	9606.ENSP00000278616	KEGG	hsa05202	Transcriptional misregulation in cancer
ATM	9606.ENSP00000278616	KEGG	hsa05206	MicroRNAs in cancer
ATM	9606.ENSP00000278616	Reactome	HSA-1474165	Reproduction
ATM	9606.ENSP00000278616	Reactome	HSA-1500620	Meiosis
ATM	9606.ENSP00000278616	Reactome	HSA-1632852	Macroautophagy
ATM	9606.ENSP00000278616	Reactome	HSA-1640170	Cell Cycle
ATM	9606.ENSP00000278616	Reactome	HSA-1643685	Disease
ATM	9606.ENSP00000278616	Reactome	HSA-212436	Generic Transcription Pathway
ATM	9606.ENSP00000278616	Reactome	HSA-2262752	Cellular responses to stress
ATM	9606.ENSP00000278616	Reactome	HSA-2559583	Cellular Senescence
ATM	9606.ENSP00000278616	Reactome	HSA-2559586	DNA Damage/Telomere Stress Induced Senescence
ATM	9606.ENSP00000278616	Reactome	HSA-3371453	Regulation of HSF1-mediated heat shock response
ATM	9606.ENSP00000278616	Reactome	HSA-3371556	Cellular response to heat stress
ATM	9606.ENSP00000278616	Reactome	HSA-349425	Autodegradation of the E3 ubiquitin ligase COP1
ATM	9606.ENSP00000278616	Reactome	HSA-3700989	Transcriptional Regulation by TP53
ATM	9606.ENSP00000278616	Reactome	HSA-5633007	Regulation of TP53 Activity
ATM	9606.ENSP00000278616	Reactome	HSA-5633008	TP53 Regulates Transcription of Cell Death Genes
ATM	9606.ENSP00000278616	Reactome	HSA-5685938	HDR through Single Strand Annealing (SSA)
ATM	9606.ENSP00000278616	Reactome	HSA-5685942	HDR through Homologous Recombination (HRR)
ATM	9606.ENSP00000278616	Reactome	HSA-5693532	DNA Double-Strand Break Repair
ATM	9606.ENSP00000278616	Reactome	HSA-5693537	Resolution of D-Loop Structures
ATM	9606.ENSP00000278616	Reactome	HSA-5693538	Homology Directed Repair
ATM	9606.ENSP00000278616	Reactome	HSA-5693548	Sensing of DNA Double Strand Breaks
ATM	9606.ENSP00000278616	Reactome	HSA-5693554	Resolution of D-loop Structures through Synthesis-Dependent Strand Annealing (SDSA)
ATM	9606.ENSP00000278616	Reactome	HSA-5693565	Recruitment and ATM-mediated phosphorylation of repair and signaling proteins at DNA double strand breaks
ATM	9606.ENSP00000278616	Reactome	HSA-5693567	HDR through Homologous Recombination (HRR) or Single Strand Annealing (SSA)
ATM	9606.ENSP00000278616	Reactome	HSA-5693568	Resolution of D-loop Structures through Holliday Junction Intermediates
ATM	9606.ENSP00000278616	Reactome	HSA-5693571	Nonhomologous End-Joining (NHEJ)
ATM	9606.ENSP00000278616	Reactome	HSA-5693579	Homologous DNA Pairing and Strand Exchange
ATM	9606.ENSP00000278616	Reactome	HSA-5693606	DNA Double Strand Break Response
ATM	9606.ENSP00000278616	Reactome	HSA-5693607	Processing of DNA double-strand break ends
ATM	9606.ENSP00000278616	Reactome	HSA-5693616	Presynaptic phase of homologous DNA pairing and strand exchange
ATM	9606.ENSP00000278616	Reactome	HSA-6796648	TP53 Regulates Transcription of DNA Repair Genes
ATM	9606.ENSP00000278616	Reactome	HSA-6803204	TP53 Regulates Transcription of Genes Involved in Cytochrome C Release
ATM	9606.ENSP00000278616	Reactome	HSA-6803207	TP53 Regulates Transcription of Caspase Activators and Caspases
ATM	9606.ENSP00000278616	Reactome	HSA-6804756	Regulation of TP53 Activity through Phosphorylation
ATM	9606.ENSP00000278616	Reactome	HSA-6804757	Regulation of TP53 Degradation
ATM	9606.ENSP00000278616	Reactome	HSA-6804760	Regulation of TP53 Activity through Methylation
ATM	9606.ENSP00000278616	Reactome	HSA-6806003	Regulation of TP53 Expression and Degradation
ATM	9606.ENSP00000278616	Reactome	HSA-69473	G2/M DNA damage checkpoint
ATM	9606.ENSP00000278616	Reactome	HSA-69481	G2/M Checkpoints
ATM	9606.ENSP00000278616	Reactome	HSA-69541	Stabilization of p53
ATM	9606.ENSP00000278616	Reactome	HSA-69563	p53-Dependent G1 DNA Damage Response
ATM	9606.ENSP00000278616	Reactome	HSA-69580	p53-Dependent G1/S DNA damage checkpoint
ATM	9606.ENSP00000278616	Reactome	HSA-69615	G1/S DNA Damage Checkpoints
ATM	9606.ENSP00000278616	Reactome	HSA-69620	Cell Cycle Checkpoints
ATM	9606.ENSP00000278616	Reactome	HSA-73857	RNA Polymerase II Transcription
ATM	9606.ENSP00000278616	Reactome	HSA-73894	DNA Repair
ATM	9606.ENSP00000278616	Reactome	HSA-74160	Gene expression (Transcription)
ATM	9606.ENSP00000278616	Reactome	HSA-8953897	Cellular responses to stimuli
ATM	9606.ENSP00000278616	Reactome	HSA-912446	Meiotic recombination
ATM	9606.ENSP00000278616	Reactome	HSA-9612973	Autophagy
ATM	9606.ENSP00000278616	Reactome	HSA-9663891	Selective autophagy
ATM	9606.ENSP00000278616	Reactome	HSA-9664873	Pexophagy
ATM	9606.ENSP00000278616	Reactome	HSA-9675135	Diseases of DNA repair
ATM	9606.ENSP00000278616	Reactome	HSA-9675136	Diseases of DNA Double-Strand Break Repair
ATM	9606.ENSP00000278616	Reactome	HSA-9701190	Defective homologous recombination repair (HRR) due to BRCA2 loss of function
ATM	9606.ENSP00000278616	Reactome	HSA-9701192	Defective homologous recombination repair (HRR) due to BRCA1 loss of function
ATM	9606.ENSP00000278616	Reactome	HSA-9701193	Defective homologous recombination repair (HRR) due to PALB2 loss of function
ATM	9606.ENSP00000278616	Reactome	HSA-9704331	Defective HDR through Homologous Recombination Repair (HRR) due to PALB2 loss of BRCA1 binding function
ATM	9606.ENSP00000278616	Reactome	HSA-9704646	Defective HDR through Homologous Recombination Repair (HRR) due to PALB2 loss of BRCA2/RAD51/RAD51C binding function
ATM	9606.ENSP00000278616	Reactome	HSA-9709570	Impaired BRCA2 binding to RAD51
ATM	9606.ENSP00000278616	Reactome	HSA-9709603	Impaired BRCA2 binding to PALB2
ATM	9606.ENSP00000278616	WikiPathways	WP1530	miRNA regulation of DNA damage response
ATM	9606.ENSP00000278616	WikiPathways	WP1545	miRNAs involved in DNA damage response
ATM	9606.ENSP00000278616	WikiPathways	WP1742	TP53 network
ATM	9606.ENSP00000278616	WikiPathways	WP179	Cell cycle
ATM	9606.ENSP00000278616	WikiPathways	WP186	Homologous recombination
ATM	9606.ENSP00000278616	WikiPathways	WP1971	Integrated cancer pathway
ATM	9606.ENSP00000278616	WikiPathways	WP2261	Glioblastoma signaling pathways
ATM	9606.ENSP00000278616	WikiPathways	WP2263	Androgen receptor network in prostate cancer
ATM	9606.ENSP00000278616	WikiPathways	WP2516	ATM signaling pathway
ATM	9606.ENSP00000278616	WikiPathways	WP2942	DDX1 as a regulatory component of the Drosha microprocessor
ATM	9606.ENSP00000278616	WikiPathways	WP34	Ovarian infertility
ATM	9606.ENSP00000278616	WikiPathways	WP3651	Pathways affected in adenoid cystic carcinoma
ATM	9606.ENSP00000278616	WikiPathways	WP3657	Hematopoietic stem cell gene regulation by GABP alpha/beta complex
ATM	9606.ENSP00000278616	WikiPathways	WP3878	ATM signaling in development and disease 
ATM	9606.ENSP00000278616	WikiPathways	WP3959	DNA IR-double strand breaks and cellular response via ATM
ATM	9606.ENSP00000278616	WikiPathways	WP3982	miRNA regulation of p53 pathway in prostate cancer
ATM	9606.ENSP00000278616	WikiPathways	WP4016	DNA IR-damage and cellular response via ATR
ATM	9606.ENSP00000278616	WikiPathways	WP4262	Breast cancer pathway
ATM	9606.ENSP00000278616	WikiPathways	WP45	G1 to S cell cycle control
ATM	9606.ENSP00000278616	WikiPathways	WP4656	Joubert syndrome
ATM	9606.ENSP00000278616	WikiPathways	WP4673	Male infertility
ATM	9606.ENSP00000278616	WikiPathways	WP4946	DNA repair pathways, full network
ATM	9606.ENSP00000278616	WikiPathways	WP5087	Malignant pleural mesothelioma
ATM	9606.ENSP00000278616	WikiPathways	WP5118	SMC1/SMC3 role in DNA damage - Cornelia de Lange Syndrome
ATM	9606.ENSP00000278616	WikiPathways	WP5119	NIPBL role in DNA damage - Cornelia de Lange syndrome
ATM	9606.ENSP00000278616	WikiPathways	WP5316	Primary ovarian insufficiency
ATM	9606.ENSP00000278616	WikiPathways	WP5322	CKAP4 signaling pathway map
ATM	9606.ENSP00000278616	WikiPathways	WP707	DNA damage response
ATM	9606.ENSP00000278616	WikiPathways	WP710	DNA damage response (only ATM dependent)
ATM	9606.ENSP00000278616	DISEASES	DOID:0050177	Monogenic disease
ATM	9606.ENSP00000278616	DISEASES	DOID:0050686	Organ system cancer
ATM	9606.ENSP00000278616	DISEASES	DOID:0050687	Cell type cancer
ATM	9606.ENSP00000278616	DISEASES	DOID:0050737	Autosomal recessive disease
ATM	9606.ENSP00000278616	DISEASES	DOID:0050739	Autosomal genetic disease
ATM	9606.ENSP00000278616	DISEASES	DOID:0050753	Cerebellar ataxia
ATM	9606.ENSP00000278616	DISEASES	DOID:0050950	Autosomal recessive cerebellar ataxia
ATM	9606.ENSP00000278616	DISEASES	DOID:0050951	Hereditary ataxia
ATM	9606.ENSP00000278616	DISEASES	DOID:0060118	Thoracic disease
ATM	9606.ENSP00000278616	DISEASES	DOID:0060122	Integumentary system cancer
ATM	9606.ENSP00000278616	DISEASES	DOID:11054	Urinary bladder cancer
ATM	9606.ENSP00000278616	DISEASES	DOID:12704	Ataxia telangiectasia
ATM	9606.ENSP00000278616	DISEASES	DOID:1272	Telangiectasis
ATM	9606.ENSP00000278616	DISEASES	DOID:1287	Cardiovascular system disease
ATM	9606.ENSP00000278616	DISEASES	DOID:1289	Neurodegenerative disease
ATM	9606.ENSP00000278616	DISEASES	DOID:14566	Disease of cellular proliferation
ATM	9606.ENSP00000278616	DISEASES	DOID:15	Reproductive system disease
ATM	9606.ENSP00000278616	DISEASES	DOID:16	Integumentary system disease
ATM	9606.ENSP00000278616	DISEASES	DOID:1612	Breast cancer
ATM	9606.ENSP00000278616	DISEASES	DOID:162	Cancer
ATM	9606.ENSP00000278616	DISEASES	DOID:178	Vascular disease
ATM	9606.ENSP00000278616	DISEASES	DOID:18	Urinary system disease
ATM	9606.ENSP00000278616	DISEASES	DOID:1909	Melanoma
ATM	9606.ENSP00000278616	DISEASES	DOID:225	Syndrome
ATM	9606.ENSP00000278616	DISEASES	DOID:229	Female reproductive system disease
ATM	9606.ENSP00000278616	DISEASES	DOID:2786	Cerebellar disease
ATM	9606.ENSP00000278616	DISEASES	DOID:331	Central nervous system disease
ATM	9606.ENSP00000278616	DISEASES	DOID:341	Peripheral vascular disease
ATM	9606.ENSP00000278616	DISEASES	DOID:345	Uterine disease
ATM	9606.ENSP00000278616	DISEASES	DOID:3463	Breast disease
ATM	9606.ENSP00000278616	DISEASES	DOID:365	Bladder disease
ATM	9606.ENSP00000278616	DISEASES	DOID:37	Skin disease
ATM	9606.ENSP00000278616	DISEASES	DOID:3996	Urinary system cancer
ATM	9606.ENSP00000278616	DISEASES	DOID:4	Disease
ATM	9606.ENSP00000278616	DISEASES	DOID:4159	Skin cancer
ATM	9606.ENSP00000278616	DISEASES	DOID:5093	Thoracic cancer
ATM	9606.ENSP00000278616	DISEASES	DOID:630	Genetic disease
ATM	9606.ENSP00000278616	DISEASES	DOID:7	Disease of anatomical entity
ATM	9606.ENSP00000278616	DISEASES	DOID:7400	Nijmegen breakage syndrome
ATM	9606.ENSP00000278616	DISEASES	DOID:863	Nervous system disease
ATM	9606.ENSP00000278616	DISEASES	DOID:936	Brain disease
ATM	9606.ENSP00000278616	TISSUES	BTO:0000000	Tissues, cell types and enzyme sources
ATM	9606.ENSP00000278616	TISSUES	BTO:0000042	Animal
ATM	9606.ENSP00000278616	TISSUES	BTO:0000089	Blood
ATM	9606.ENSP00000278616	TISSUES	BTO:0000142	Brain
ATM	9606.ENSP00000278616	TISSUES	BTO:0000174	Embryonic structure
ATM	9606.ENSP00000278616	TISSUES	BTO:0000180	Cervical carcinoma cell
ATM	9606.ENSP00000278616	TISSUES	BTO:0000227	Central nervous system
ATM	9606.ENSP00000278616	TISSUES	BTO:0000282	Head
ATM	9606.ENSP00000278616	TISSUES	BTO:0000284	Organism form
ATM	9606.ENSP00000278616	TISSUES	BTO:0000345	Digestive gland
ATM	9606.ENSP00000278616	TISSUES	BTO:0000374	Bone cell line
ATM	9606.ENSP00000278616	TISSUES	BTO:0000379	Embryo
ATM	9606.ENSP00000278616	TISSUES	BTO:0000385	Bone cancer cell line
ATM	9606.ENSP00000278616	TISSUES	BTO:0000407	Osteosarcoma cell line
ATM	9606.ENSP00000278616	TISSUES	BTO:0000421	Connective tissue
ATM	9606.ENSP00000278616	TISSUES	BTO:0000426	Erythroleukemia cell
ATM	9606.ENSP00000278616	TISSUES	BTO:0000452	Fibroblast
ATM	9606.ENSP00000278616	TISSUES	BTO:0000522	Gland
ATM	9606.ENSP00000278616	TISSUES	BTO:0000570	Hematopoietic system
ATM	9606.ENSP00000278616	TISSUES	BTO:0000574	Hematopoietic cell
ATM	9606.ENSP00000278616	TISSUES	BTO:0000580	Blood cancer cell
ATM	9606.ENSP00000278616	TISSUES	BTO:0000583	Bone marrow cancer cell
ATM	9606.ENSP00000278616	TISSUES	BTO:0000751	Leukocyte
ATM	9606.ENSP00000278616	TISSUES	BTO:0000753	Lymphoid tissue
ATM	9606.ENSP00000278616	TISSUES	BTO:0000759	Liver
ATM	9606.ENSP00000278616	TISSUES	BTO:0000775	Lymphocyte
ATM	9606.ENSP00000278616	TISSUES	BTO:0000776	B-lymphocyte
ATM	9606.ENSP00000278616	TISSUES	BTO:0000914	Natural killer cell
ATM	9606.ENSP00000278616	TISSUES	BTO:0001096	Lymphoid cell
ATM	9606.ENSP00000278616	TISSUES	BTO:0001271	Leukemia cell
ATM	9606.ENSP00000278616	TISSUES	BTO:0001484	Nervous system
ATM	9606.ENSP00000278616	TISSUES	BTO:0001488	Endocrine gland
ATM	9606.ENSP00000278616	TISSUES	BTO:0001489	Whole body
ATM	9606.ENSP00000278616	TISSUES	BTO:0001490	Other source
ATM	9606.ENSP00000278616	TISSUES	BTO:0001491	Viscus
ATM	9606.ENSP00000278616	TISSUES	BTO:0001541	Pronephros
ATM	9606.ENSP00000278616	TISSUES	BTO:0001938	U2-OS cell
ATM	9606.ENSP00000278616	TISSUES	BTO:0004716	Null cell
ATM	9606.ENSP00000278616	TISSUES	BTO:0004717	Large granular lymphocyte
ATM	9606.ENSP00000278616	TISSUES	BTO:0005810	Immune system
ATM	9606.ENSP00000278616	COMPARTMENTS	GOCC:0005622	Intracellular
ATM	9606.ENSP00000278616	COMPARTMENTS	GOCC:0005634	Nucleus
ATM	9606.ENSP00000278616	COMPARTMENTS	GOCC:0005654	Nucleoplasm
ATM	9606.ENSP00000278616	COMPARTMENTS	GOCC:0005730	Nucleolus
ATM	9606.ENSP00000278616	COMPARTMENTS	GOCC:0005737	Cytoplasm
ATM	9606.ENSP00000278616	COMPARTMENTS	GOCC:0005777	Peroxisome
ATM	9606.ENSP00000278616	COMPARTMENTS	GOCC:0005782	Peroxisomal matrix
ATM	9606.ENSP00000278616	COMPARTMENTS	GOCC:0005813	Centrosome
ATM	9606.ENSP00000278616	COMPARTMENTS	GOCC:0005815	Microtubule organizing center
ATM	9606.ENSP00000278616	COMPARTMENTS	GOCC:0005856	Cytoskeleton
ATM	9606.ENSP00000278616	COMPARTMENTS	GOCC:0015630	Microtubule cytoskeleton
ATM	9606.ENSP00000278616	COMPARTMENTS	GOCC:0030870	Mre11 complex
ATM	9606.ENSP00000278616	COMPARTMENTS	GOCC:0031907	Microbody lumen
ATM	9606.ENSP00000278616	COMPARTMENTS	GOCC:0031974	Membrane-enclosed lumen
ATM	9606.ENSP00000278616	COMPARTMENTS	GOCC:0031981	Nuclear lumen
ATM	9606.ENSP00000278616	COMPARTMENTS	GOCC:0032991	Protein-containing complex
ATM	9606.ENSP00000278616	COMPARTMENTS	GOCC:0042579	Microbody
ATM	9606.ENSP00000278616	COMPARTMENTS	GOCC:0043226	Organelle
ATM	9606.ENSP00000278616	COMPARTMENTS	GOCC:0043227	Membrane-bounded organelle
ATM	9606.ENSP00000278616	COMPARTMENTS	GOCC:0043228	Non-membrane-bounded organelle
ATM	9606.ENSP00000278616	COMPARTMENTS	GOCC:0043229	Intracellular organelle
ATM	9606.ENSP00000278616	COMPARTMENTS	GOCC:0043231	Intracellular membrane-bounded organelle
ATM	9606.ENSP00000278616	COMPARTMENTS	GOCC:0043232	Intracellular non-membrane-bounded organelle
ATM	9606.ENSP00000278616	COMPARTMENTS	GOCC:0043233	Organelle lumen
ATM	9606.ENSP00000278616	COMPARTMENTS	GOCC:0061695	Transferase complex, transferring phosphorus-containing groups
ATM	9606.ENSP00000278616	COMPARTMENTS	GOCC:0070013	Intracellular organelle lumen
ATM	9606.ENSP00000278616	COMPARTMENTS	GOCC:0070418	DNA-dependent protein kinase complex
ATM	9606.ENSP00000278616	COMPARTMENTS	GOCC:0070419	Nonhomologous end joining complex
ATM	9606.ENSP00000278616	COMPARTMENTS	GOCC:0110165	Cellular anatomical entity
ATM	9606.ENSP00000278616	COMPARTMENTS	GOCC:1902494	Catalytic complex
ATM	9606.ENSP00000278616	COMPARTMENTS	GOCC:1902554	Serine/threonine protein kinase complex
ATM	9606.ENSP00000278616	COMPARTMENTS	GOCC:1902911	Protein kinase complex
ATM	9606.ENSP00000278616	COMPARTMENTS	GOCC:1990234	Transferase complex
ATM	9606.ENSP00000278616	COMPARTMENTS	GOCC:1990391	DNA repair complex
ATM	9606.ENSP00000278616	Monarch	EFO:0000408	Disease
ATM	9606.ENSP00000278616	Monarch	EFO:0000618	Nervous system disease
ATM	9606.ENSP00000278616	Monarch	EFO:0000677	Mental or behavioural disorder
ATM	9606.ENSP00000278616	Monarch	EFO:0003765	Sign or symptom
ATM	9606.ENSP00000278616	Monarch	EFO:0004305	Erythrocyte count
ATM	9606.ENSP00000278616	Monarch	EFO:0004306	Erythrocyte indices
ATM	9606.ENSP00000278616	Monarch	EFO:0004308	Leukocyte count
ATM	9606.ENSP00000278616	Monarch	EFO:0004309	Platelet count
ATM	9606.ENSP00000278616	Monarch	EFO:0004503	Hematological measurement
ATM	9606.ENSP00000278616	Monarch	EFO:0004505	Telomere length
ATM	9606.ENSP00000278616	Monarch	EFO:0004554	Genomic measurement
ATM	9606.ENSP00000278616	Monarch	EFO:0004586	Complete blood cell count
ATM	9606.ENSP00000278616	Monarch	EFO:0004587	Lymphocyte count
ATM	9606.ENSP00000278616	Monarch	EFO:0004632	Nevus count
ATM	9606.ENSP00000278616	Monarch	EFO:0004731	Eye measurement
ATM	9606.ENSP00000278616	Monarch	EFO:0004842	Eosinophil count
ATM	9606.ENSP00000278616	Monarch	EFO:0004872	Inflammatory biomarker measurement
ATM	9606.ENSP00000278616	Monarch	EFO:0005036	Platelet measurement
ATM	9606.ENSP00000278616	Monarch	EFO:0005047	Erythrocyte measurement
ATM	9606.ENSP00000278616	Monarch	EFO:0005090	Basophil count
ATM	9606.ENSP00000278616	Monarch	EFO:0005772	Neurodegenerative disease
ATM	9606.ENSP00000278616	Monarch	EFO:0005774	Brain disease
ATM	9606.ENSP00000278616	Monarch	EFO:0005815	Tauopathy
ATM	9606.ENSP00000278616	Monarch	EFO:0006843	Infectious disease biomarker
ATM	9606.ENSP00000278616	Monarch	EFO:0007814	Refractive error measurement
ATM	9606.ENSP00000278616	Monarch	EFO:0007987	Granulocyte count
ATM	9606.ENSP00000278616	Monarch	EFO:0007988	Myeloid white cell count
ATM	9606.ENSP00000278616	Monarch	EFO:0007991	Eosinophil percentage of leukocytes
ATM	9606.ENSP00000278616	Monarch	EFO:0009386	Central nervous system disease
ATM	9606.ENSP00000278616	Monarch	EFO:0010700	Reticulocyte measurement
ATM	9606.ENSP00000278616	Monarch	EFO:0010701	Mean reticulocyte volume
ATM	9606.ENSP00000278616	Monarch	EFO:1001870	Late-onset Alzheimers disease
ATM	9606.ENSP00000278616	Monarch	HP:0000002	Abnormality of body height
ATM	9606.ENSP00000278616	Monarch	HP:0000008	Abnormal morphology of female internal genitalia
ATM	9606.ENSP00000278616	Monarch	HP:0000025	Functional abnormality of male internal genitalia
ATM	9606.ENSP00000278616	Monarch	HP:0000032	Abnormality of male external genitalia
ATM	9606.ENSP00000278616	Monarch	HP:0000035	Abnormal testis morphology
ATM	9606.ENSP00000278616	Monarch	HP:0000078	Abnormality of the genital system
ATM	9606.ENSP00000278616	Monarch	HP:0000080	Abnormality of reproductive system physiology
ATM	9606.ENSP00000278616	Monarch	HP:0000118	Phenotypic abnormality
ATM	9606.ENSP00000278616	Monarch	HP:0000119	Abnormality of the genitourinary system
ATM	9606.ENSP00000278616	Monarch	HP:0000134	Female hypogonadism
ATM	9606.ENSP00000278616	Monarch	HP:0000135	Hypogonadism
ATM	9606.ENSP00000278616	Monarch	HP:0000137	Abnormality of the ovary
ATM	9606.ENSP00000278616	Monarch	HP:0000138	Ovarian cyst
ATM	9606.ENSP00000278616	Monarch	HP:0000147	Polycystic ovaries
ATM	9606.ENSP00000278616	Monarch	HP:0000152	Abnormality of head or neck
ATM	9606.ENSP00000278616	Monarch	HP:0000234	Abnormality of the head
ATM	9606.ENSP00000278616	Monarch	HP:0000245	Abnormal paranasal sinus morphology
ATM	9606.ENSP00000278616	Monarch	HP:0000246	Sinusitis
ATM	9606.ENSP00000278616	Monarch	HP:0000271	Abnormality of the face
ATM	9606.ENSP00000278616	Monarch	HP:0000315	Abnormality of the orbital region
ATM	9606.ENSP00000278616	Monarch	HP:0000366	Abnormality of the nose
ATM	9606.ENSP00000278616	Monarch	HP:0000478	Abnormality of the eye
ATM	9606.ENSP00000278616	Monarch	HP:0000486	Strabismus
ATM	9606.ENSP00000278616	Monarch	HP:0000496	Abnormality of eye movement
ATM	9606.ENSP00000278616	Monarch	HP:0000502	Abnormal conjunctiva morphology
ATM	9606.ENSP00000278616	Monarch	HP:0000524	Conjunctival telangiectasia
ATM	9606.ENSP00000278616	Monarch	HP:0000549	Abnormal conjugate eye movement
ATM	9606.ENSP00000278616	Monarch	HP:0000600	Abnormality of the pharynx
ATM	9606.ENSP00000278616	Monarch	HP:0000639	Nystagmus
ATM	9606.ENSP00000278616	Monarch	HP:0000707	Abnormality of the nervous system
ATM	9606.ENSP00000278616	Monarch	HP:0000708	Behavioral abnormality
ATM	9606.ENSP00000278616	Monarch	HP:0000769	Abnormality of the breast
ATM	9606.ENSP00000278616	Monarch	HP:0000777	Abnormality of the thymus
ATM	9606.ENSP00000278616	Monarch	HP:0000778	Hypoplasia of the thymus
ATM	9606.ENSP00000278616	Monarch	HP:0000811	Abnormal external genitalia
ATM	9606.ENSP00000278616	Monarch	HP:0000812	Abnormal internal genitalia
ATM	9606.ENSP00000278616	Monarch	HP:0000818	Abnormality of the endocrine system
ATM	9606.ENSP00000278616	Monarch	HP:0000819	Diabetes mellitus
ATM	9606.ENSP00000278616	Monarch	HP:0000823	Delayed puberty
ATM	9606.ENSP00000278616	Monarch	HP:0000924	Abnormality of the skeletal system
ATM	9606.ENSP00000278616	Monarch	HP:0000929	Abnormal skull morphology
ATM	9606.ENSP00000278616	Monarch	HP:0000951	Abnormality of the skin
ATM	9606.ENSP00000278616	Monarch	HP:0000953	Hyperpigmentation of the skin
ATM	9606.ENSP00000278616	Monarch	HP:0000957	Cafe-au-lait spot
ATM	9606.ENSP00000278616	Monarch	HP:0001000	Abnormality of skin pigmentation
ATM	9606.ENSP00000278616	Monarch	HP:0001009	Telangiectasia
ATM	9606.ENSP00000278616	Monarch	HP:0001034	Hypermelanotic macule
ATM	9606.ENSP00000278616	Monarch	HP:0001250	Seizure
ATM	9606.ENSP00000278616	Monarch	HP:0001251	Ataxia
ATM	9606.ENSP00000278616	Monarch	HP:0001257	Spasticity
ATM	9606.ENSP00000278616	Monarch	HP:0001260	Dysarthria
ATM	9606.ENSP00000278616	Monarch	HP:0001266	Choreoathetosis
ATM	9606.ENSP00000278616	Monarch	HP:0001276	Hypertonia
ATM	9606.ENSP00000278616	Monarch	HP:0001288	Gait disturbance
ATM	9606.ENSP00000278616	Monarch	HP:0001315	Reduced tendon reflexes
ATM	9606.ENSP00000278616	Monarch	HP:0001332	Dystonia
ATM	9606.ENSP00000278616	Monarch	HP:0001336	Myoclonus
ATM	9606.ENSP00000278616	Monarch	HP:0001337	Tremor
ATM	9606.ENSP00000278616	Monarch	HP:0001438	Abnormal abdomen morphology
ATM	9606.ENSP00000278616	Monarch	HP:0001507	Growth abnormality
ATM	9606.ENSP00000278616	Monarch	HP:0001508	Failure to thrive
ATM	9606.ENSP00000278616	Monarch	HP:0001510	Growth delay
ATM	9606.ENSP00000278616	Monarch	HP:0001574	Abnormality of the integument
ATM	9606.ENSP00000278616	Monarch	HP:0001595	Abnormal hair morphology
ATM	9606.ENSP00000278616	Monarch	HP:0001626	Abnormality of the cardiovascular system
ATM	9606.ENSP00000278616	Monarch	HP:0001739	Abnormal nasopharynx morphology
ATM	9606.ENSP00000278616	Monarch	HP:0001743	Abnormality of the spleen
ATM	9606.ENSP00000278616	Monarch	HP:0001744	Splenomegaly
ATM	9606.ENSP00000278616	Monarch	HP:0001824	Weight loss
ATM	9606.ENSP00000278616	Monarch	HP:0001871	Abnormality of blood and blood-forming tissues
ATM	9606.ENSP00000278616	Monarch	HP:0001881	Abnormal leukocyte morphology
ATM	9606.ENSP00000278616	Monarch	HP:0001888	Lymphopenia
ATM	9606.ENSP00000278616	Monarch	HP:0001909	Leukemia
ATM	9606.ENSP00000278616	Monarch	HP:0001939	Abnormality of metabolism/homeostasis
ATM	9606.ENSP00000278616	Monarch	HP:0001945	Fever
ATM	9606.ENSP00000278616	Monarch	HP:0001952	Glucose intolerance
ATM	9606.ENSP00000278616	Monarch	HP:0002012	Abnormality of the abdominal organs
ATM	9606.ENSP00000278616	Monarch	HP:0002039	Anorexia
ATM	9606.ENSP00000278616	Monarch	HP:0002072	Chorea
ATM	9606.ENSP00000278616	Monarch	HP:0002086	Abnormality of the respiratory system
ATM	9606.ENSP00000278616	Monarch	HP:0002087	Abnormality of the upper respiratory tract
ATM	9606.ENSP00000278616	Monarch	HP:0002088	Abnormal lung morphology
ATM	9606.ENSP00000278616	Monarch	HP:0002110	Bronchiectasis
ATM	9606.ENSP00000278616	Monarch	HP:0002167	Neurological speech impairment
ATM	9606.ENSP00000278616	Monarch	HP:0002205	Recurrent respiratory infections
ATM	9606.ENSP00000278616	Monarch	HP:0002216	Premature graying of hair
ATM	9606.ENSP00000278616	Monarch	HP:0002305	Athetosis
ATM	9606.ENSP00000278616	Monarch	HP:0002493	Upper motor neuron dysfunction
ATM	9606.ENSP00000278616	Monarch	HP:0002597	Abnormality of the vasculature
ATM	9606.ENSP00000278616	Monarch	HP:0002664	Neoplasm
ATM	9606.ENSP00000278616	Monarch	HP:0002665	Lymphoma
ATM	9606.ENSP00000278616	Monarch	HP:0002715	Abnormality of the immune system
ATM	9606.ENSP00000278616	Monarch	HP:0002716	Lymphadenopathy
ATM	9606.ENSP00000278616	Monarch	HP:0002719	Recurrent infections
ATM	9606.ENSP00000278616	Monarch	HP:0002720	Decreased circulating IgA level
ATM	9606.ENSP00000278616	Monarch	HP:0002721	Immunodeficiency
ATM	9606.ENSP00000278616	Monarch	HP:0002733	Abnormal lymph node morphology
ATM	9606.ENSP00000278616	Monarch	HP:0002788	Recurrent upper respiratory tract infections
ATM	9606.ENSP00000278616	Monarch	HP:0002837	Recurrent bronchitis
ATM	9606.ENSP00000278616	Monarch	HP:0002843	Abnormal T cell morphology
ATM	9606.ENSP00000278616	Monarch	HP:0002910	Elevated hepatic transaminase
ATM	9606.ENSP00000278616	Monarch	HP:0003002	Breast carcinoma
ATM	9606.ENSP00000278616	Monarch	HP:0003011	Abnormality of the musculature
ATM	9606.ENSP00000278616	Monarch	HP:0003202	Skeletal muscle atrophy
ATM	9606.ENSP00000278616	Monarch	HP:0003220	Abnormality of chromosome stability
ATM	9606.ENSP00000278616	Monarch	HP:0003271	Visceromegaly
ATM	9606.ENSP00000278616	Monarch	HP:0003808	Abnormal muscle tone
ATM	9606.ENSP00000278616	Monarch	HP:0004305	Involuntary movements
ATM	9606.ENSP00000278616	Monarch	HP:0004313	Decreased circulating antibody level
ATM	9606.ENSP00000278616	Monarch	HP:0004315	Decreased circulating IgG level
ATM	9606.ENSP00000278616	Monarch	HP:0004322	Short stature
ATM	9606.ENSP00000278616	Monarch	HP:0004323	Abnormality of body weight
ATM	9606.ENSP00000278616	Monarch	HP:0004325	Decreased body weight
ATM	9606.ENSP00000278616	Monarch	HP:0004332	Abnormal lymphocyte morphology
ATM	9606.ENSP00000278616	Monarch	HP:0004370	Abnormality of temperature regulation
ATM	9606.ENSP00000278616	Monarch	HP:0004377	Hematological neoplasm
ATM	9606.ENSP00000278616	Monarch	HP:0005357	Defective B cell differentiation
ATM	9606.ENSP00000278616	Monarch	HP:0005368	Abnormality of humoral immunity
ATM	9606.ENSP00000278616	Monarch	HP:0005372	Abnormality of B cell physiology
ATM	9606.ENSP00000278616	Monarch	HP:0005374	Cellular immunodeficiency
ATM	9606.ENSP00000278616	Monarch	HP:0005384	Defective B cell activation
ATM	9606.ENSP00000278616	Monarch	HP:0005403	T lymphocytopenia
ATM	9606.ENSP00000278616	Monarch	HP:0005407	Decreased proportion of CD4-positive helper T cells
ATM	9606.ENSP00000278616	Monarch	HP:0005550	Chronic lymphatic leukemia
ATM	9606.ENSP00000278616	Monarch	HP:0005558	Chronic leukemia
ATM	9606.ENSP00000278616	Monarch	HP:0005561	Abnormality of bone marrow cell morphology
ATM	9606.ENSP00000278616	Monarch	HP:0005599	Hypopigmentation of hair
ATM	9606.ENSP00000278616	Monarch	HP:0005607	Abnormal tracheobronchial morphology
ATM	9606.ENSP00000278616	Monarch	HP:0005978	Type II diabetes mellitus
ATM	9606.ENSP00000278616	Monarch	HP:0006254	Elevated alpha-fetoprotein
ATM	9606.ENSP00000278616	Monarch	HP:0007400	Irregular hyperpigmentation
ATM	9606.ENSP00000278616	Monarch	HP:0007495	Prematurely aged appearance
ATM	9606.ENSP00000278616	Monarch	HP:0007565	Multiple cafe-au-lait spots
ATM	9606.ENSP00000278616	Monarch	HP:0008047	Abnormality of the vasculature of the eye
ATM	9606.ENSP00000278616	Monarch	HP:0008054	Abnormal morphology of the conjunctival vasculature
ATM	9606.ENSP00000278616	Monarch	HP:0008065	Aplasia/Hypoplasia of the skin
ATM	9606.ENSP00000278616	Monarch	HP:0008348	Decreased circulating IgG2 level
ATM	9606.ENSP00000278616	Monarch	HP:0008373	Puberty and gonadal disorders
ATM	9606.ENSP00000278616	Monarch	HP:0008669	Abnormal spermatogenesis
ATM	9606.ENSP00000278616	Monarch	HP:0009121	Abnormal axial skeleton morphology
ATM	9606.ENSP00000278616	Monarch	HP:0009887	Abnormality of hair pigmentation
ATM	9606.ENSP00000278616	Monarch	HP:0010460	Abnormality of the female genitalia
ATM	9606.ENSP00000278616	Monarch	HP:0010461	Abnormality of the male genitalia
ATM	9606.ENSP00000278616	Monarch	HP:0010515	Aplasia/Hypoplasia of the thymus
ATM	9606.ENSP00000278616	Monarch	HP:0010701	Abnormal immunoglobulin level
ATM	9606.ENSP00000278616	Monarch	HP:0010876	Abnormal circulating protein concentration
ATM	9606.ENSP00000278616	Monarch	HP:0010978	Abnormality of immune system physiology
ATM	9606.ENSP00000278616	Monarch	HP:0010987	Abnormal cellular immune system morphology
ATM	9606.ENSP00000278616	Monarch	HP:0011014	Abnormal glucose homeostasis
ATM	9606.ENSP00000278616	Monarch	HP:0011017	Abnormal cellular physiology
ATM	9606.ENSP00000278616	Monarch	HP:0011024	Abnormality of the gastrointestinal tract
ATM	9606.ENSP00000278616	Monarch	HP:0011121	Abnormality of skin morphology
ATM	9606.ENSP00000278616	Monarch	HP:0011138	Abnormality of skin adnexa morphology
ATM	9606.ENSP00000278616	Monarch	HP:0011276	Vascular skin abnormality
ATM	9606.ENSP00000278616	Monarch	HP:0011354	Generalized abnormality of skin
ATM	9606.ENSP00000278616	Monarch	HP:0011355	Localized skin lesion
ATM	9606.ENSP00000278616	Monarch	HP:0011442	Abnormal central motor function
ATM	9606.ENSP00000278616	Monarch	HP:0011443	Abnormality of coordination
ATM	9606.ENSP00000278616	Monarch	HP:0011446	Abnormality of higher mental function
ATM	9606.ENSP00000278616	Monarch	HP:0011458	Abdominal symptom
ATM	9606.ENSP00000278616	Monarch	HP:0011793	Neoplasm by anatomical site
ATM	9606.ENSP00000278616	Monarch	HP:0011804	Abnormal muscle physiology
ATM	9606.ENSP00000278616	Monarch	HP:0011805	Abnormal skeletal muscle morphology
ATM	9606.ENSP00000278616	Monarch	HP:0011821	Abnormal facial skeleton morphology
ATM	9606.ENSP00000278616	Monarch	HP:0011839	Abnormal T cell count
ATM	9606.ENSP00000278616	Monarch	HP:0011842	Abnormal skeletal morphology
ATM	9606.ENSP00000278616	Monarch	HP:0011893	Abnormal leukocyte count
ATM	9606.ENSP00000278616	Monarch	HP:0011947	Respiratory tract infection
ATM	9606.ENSP00000278616	Monarch	HP:0012189	Hodgkin lymphoma
ATM	9606.ENSP00000278616	Monarch	HP:0012191	B-cell lymphoma
ATM	9606.ENSP00000278616	Monarch	HP:0012243	Abnormal reproductive system morphology
ATM	9606.ENSP00000278616	Monarch	HP:0012252	Abnormal respiratory system morphology
ATM	9606.ENSP00000278616	Monarch	HP:0012337	Abnormal homeostasis
ATM	9606.ENSP00000278616	Monarch	HP:0012372	Abnormal eye morphology
ATM	9606.ENSP00000278616	Monarch	HP:0012373	Abnormal eye physiology
ATM	9606.ENSP00000278616	Monarch	HP:0012378	Fatigue
ATM	9606.ENSP00000278616	Monarch	HP:0012379	Abnormal enzyme/coenzyme activity
ATM	9606.ENSP00000278616	Monarch	HP:0012387	Bronchitis
ATM	9606.ENSP00000278616	Monarch	HP:0012539	Non-Hodgkin lymphoma
ATM	9606.ENSP00000278616	Monarch	HP:0012547	Abnormal involuntary eye movements
ATM	9606.ENSP00000278616	Monarch	HP:0012638	Abnormal nervous system physiology
ATM	9606.ENSP00000278616	Monarch	HP:0012647	Abnormal inflammatory response
ATM	9606.ENSP00000278616	Monarch	HP:0012649	Increased inflammatory response
ATM	9606.ENSP00000278616	Monarch	HP:0012733	Macule
ATM	9606.ENSP00000278616	Monarch	HP:0012874	Abnormal male reproductive system physiology
ATM	9606.ENSP00000278616	Monarch	HP:0025031	Abnormality of the digestive system
ATM	9606.ENSP00000278616	Monarch	HP:0025032	Abnormality of digestive system physiology
ATM	9606.ENSP00000278616	Monarch	HP:0025142	Constitutional symptom
ATM	9606.ENSP00000278616	Monarch	HP:0025354	Abnormal cellular phenotype
ATM	9606.ENSP00000278616	Monarch	HP:0025408	Abnormal spleen morphology
ATM	9606.ENSP00000278616	Monarch	HP:0025426	Abnormal bronchus morphology
ATM	9606.ENSP00000278616	Monarch	HP:0025540	Abnormal T cell subset distribution
ATM	9606.ENSP00000278616	Monarch	HP:0030012	Abnormal female reproductive system physiology
ATM	9606.ENSP00000278616	Monarch	HP:0030236	Abnormality of muscle size
ATM	9606.ENSP00000278616	Monarch	HP:0030669	Abnormal ocular adnexa morphology
ATM	9606.ENSP00000278616	Monarch	HP:0031065	Abnormal ovarian morphology
ATM	9606.ENSP00000278616	Monarch	HP:0031066	Abnormal ovarian physiology
ATM	9606.ENSP00000278616	Monarch	HP:0031093	Abnormal breast morphology
ATM	9606.ENSP00000278616	Monarch	HP:0031392	Abnormal proportion of CD4-positive T cells
ATM	9606.ENSP00000278616	Monarch	HP:0031409	Abnormal lymphocyte physiology
ATM	9606.ENSP00000278616	Monarch	HP:0031826	Abnormal reflex
ATM	9606.ENSP00000278616	Monarch	HP:0032039	Abnormality of the ocular adnexa
ATM	9606.ENSP00000278616	Monarch	HP:0032101	Unusual infection
ATM	9606.ENSP00000278616	Monarch	HP:0032135	Decreased circulating IgG subclass level
ATM	9606.ENSP00000278616	Monarch	HP:0032180	Abnormal circulating metabolite concentration
ATM	9606.ENSP00000278616	Monarch	HP:0032218	Decreased proportion of CD4-positive T cells
ATM	9606.ENSP00000278616	Monarch	HP:0032251	Abnormal immune system morphology
ATM	9606.ENSP00000278616	Monarch	HP:0033127	Abnormality of the musculoskeletal system
ATM	9606.ENSP00000278616	Monarch	HP:0033151	Abnormal pharynx morphology
ATM	9606.ENSP00000278616	Monarch	HP:0033796	Abnormal leukocyte physiology
ATM	9606.ENSP00000278616	Monarch	HP:0040088	Abnormal lymphocyte count
ATM	9606.ENSP00000278616	Monarch	HP:0045056	Abnormal levels of alpha-fetoprotein
ATM	9606.ENSP00000278616	Monarch	HP:0100013	Neoplasm of the breast
ATM	9606.ENSP00000278616	Monarch	HP:0100022	Abnormality of movement
ATM	9606.ENSP00000278616	Monarch	HP:0100543	Cognitive impairment
ATM	9606.ENSP00000278616	Monarch	HP:0100579	Mucosal telangiectasiae
ATM	9606.ENSP00000278616	Monarch	HP:0100585	Telangiectasia of the skin
ATM	9606.ENSP00000278616	Monarch	HP:0100763	Abnormality of the lymphatic system
ATM	9606.ENSP00000278616	Monarch	HP:0410240	Abnormal circulating IgA level
ATM	9606.ENSP00000278616	Monarch	HP:0410242	Abnormal circulating IgG level
ATM	9606.ENSP00000278616	Monarch	HP:0500267	Abnormal proportion of CD4-positive helper T cells
ATM	9606.ENSP00000278616	Monarch	MONDO:0001627	Dementia
ATM	9606.ENSP00000278616	Monarch	MONDO:0002025	Psychiatric disorder
ATM	9606.ENSP00000278616	Monarch	MONDO:0002039	Cognitive disorder
ATM	9606.ENSP00000278616	Monarch	MONDO:0004975	Alzheimer disease
ATM	9606.ENSP00000278616	UniProt Keywords	KW-0007	Acetylation
ATM	9606.ENSP00000278616	UniProt Keywords	KW-0043	Tumor suppressor
ATM	9606.ENSP00000278616	UniProt Keywords	KW-0067	ATP-binding
ATM	9606.ENSP00000278616	UniProt Keywords	KW-0131	Cell cycle
ATM	9606.ENSP00000278616	UniProt Keywords	KW-0227	DNA damage
ATM	9606.ENSP00000278616	UniProt Keywords	KW-0238	DNA-binding
ATM	9606.ENSP00000278616	UniProt Keywords	KW-0418	Kinase
ATM	9606.ENSP00000278616	UniProt Keywords	KW-0523	Neurodegeneration
ATM	9606.ENSP00000278616	UniProt Keywords	KW-0539	Nucleus
ATM	9606.ENSP00000278616	UniProt Keywords	KW-0547	Nucleotide-binding
ATM	9606.ENSP00000278616	UniProt Keywords	KW-0597	Phosphoprotein
ATM	9606.ENSP00000278616	UniProt Keywords	KW-0723	Serine/threonine-protein kinase
ATM	9606.ENSP00000278616	UniProt Keywords	KW-0808	Transferase
ATM	9606.ENSP00000278616	UniProt Keywords	KW-0968	Cytoplasmic vesicle
ATM	9606.ENSP00000278616	Pfam	PF02259	FAT domain
ATM	9606.ENSP00000278616	InterPro	IPR000403	Phosphatidylinositol 3-/4-kinase, catalytic domain
ATM	9606.ENSP00000278616	InterPro	IPR003151	PIK-related kinase, FAT
ATM	9606.ENSP00000278616	InterPro	IPR003152	FATC domain
ATM	9606.ENSP00000278616	InterPro	IPR011009	Protein kinase-like domain superfamily
ATM	9606.ENSP00000278616	InterPro	IPR014009	PIK-related kinase
ATM	9606.ENSP00000278616	InterPro	IPR016024	Armadillo-type fold
ATM	9606.ENSP00000278616	InterPro	IPR018936	Phosphatidylinositol 3/4-kinase, conserved site
ATM	9606.ENSP00000278616	InterPro	IPR021668	Telomere-length maintenance and DNA damage repair
ATM	9606.ENSP00000278616	InterPro	IPR036940	Phosphatidylinositol 3-/4-kinase, catalytic domain superfamily
ATM	9606.ENSP00000278616	InterPro	IPR038980	Serine/threonine-protein kinase ATM, plant
ATM	9606.ENSP00000278616	InterPro	IPR044107	ATM, catalytic domain
ATM	9606.ENSP00000278616	SMART	SM00146	Phosphoinositide 3-kinase, catalytic domain
ATM	9606.ENSP00000278616	SMART	SM01342	Telomere-length maintenance and DNA damage repair
ATM	9606.ENSP00000278616	SMART	SM01343	The FATC domain is named after FRAP, ATM, TRRAP C-terminal (PMID:10782091). The solution structure of the FATC domain suggests it plays a role in redox-dependent structural and cellular stability (PMID:15772072).
BRCA1	9606.ENSP00000418960	GO Process	GO:0000075	Cell cycle checkpoint signaling
BRCA1	9606.ENSP00000418960	GO Process	GO:0000077	DNA damage checkpoint signaling
BRCA1	9606.ENSP00000418960	GO Process	GO:0000209	Protein polyubiquitination
BRCA1	9606.ENSP00000418960	GO Process	GO:0000226	Microtubule cytoskeleton organization
BRCA1	9606.ENSP00000418960	GO Process	GO:0000278	Mitotic cell cycle
BRCA1	9606.ENSP00000418960	GO Process	GO:0000724	Double-strand break repair via homologous recombination
BRCA1	9606.ENSP00000418960	GO Process	GO:0000725	Recombinational repair
BRCA1	9606.ENSP00000418960	GO Process	GO:0001817	Regulation of cytokine production
BRCA1	9606.ENSP00000418960	GO Process	GO:0001819	Positive regulation of cytokine production
BRCA1	9606.ENSP00000418960	GO Process	GO:0006082	Organic acid metabolic process
BRCA1	9606.ENSP00000418960	GO Process	GO:0006139	Nucleobase-containing compound metabolic process
BRCA1	9606.ENSP00000418960	GO Process	GO:0006259	DNA metabolic process
BRCA1	9606.ENSP00000418960	GO Process	GO:0006260	DNA replication
BRCA1	9606.ENSP00000418960	GO Process	GO:0006261	DNA-templated DNA replication
BRCA1	9606.ENSP00000418960	GO Process	GO:0006281	DNA repair
BRCA1	9606.ENSP00000418960	GO Process	GO:0006282	Regulation of DNA repair
BRCA1	9606.ENSP00000418960	GO Process	GO:0006301	Postreplication repair
BRCA1	9606.ENSP00000418960	GO Process	GO:0006302	Double-strand break repair
BRCA1	9606.ENSP00000418960	GO Process	GO:0006310	DNA recombination
BRCA1	9606.ENSP00000418960	GO Process	GO:0006325	Chromatin organization
BRCA1	9606.ENSP00000418960	GO Process	GO:0006349	Regulation of gene expression by genomic imprinting
BRCA1	9606.ENSP00000418960	GO Process	GO:0006355	Regulation of transcription, DNA-templated
BRCA1	9606.ENSP00000418960	GO Process	GO:0006357	Regulation of transcription by RNA polymerase II
BRCA1	9606.ENSP00000418960	GO Process	GO:0006508	Proteolysis
BRCA1	9606.ENSP00000418960	GO Process	GO:0006513	Protein monoubiquitination
BRCA1	9606.ENSP00000418960	GO Process	GO:0006629	Lipid metabolic process
BRCA1	9606.ENSP00000418960	GO Process	GO:0006631	Fatty acid metabolic process
BRCA1	9606.ENSP00000418960	GO Process	GO:0006633	Fatty acid biosynthetic process
BRCA1	9606.ENSP00000418960	GO Process	GO:0006725	Cellular aromatic compound metabolic process
BRCA1	9606.ENSP00000418960	GO Process	GO:0006807	Nitrogen compound metabolic process
BRCA1	9606.ENSP00000418960	GO Process	GO:0006915	Apoptotic process
BRCA1	9606.ENSP00000418960	GO Process	GO:0006950	Response to stress
BRCA1	9606.ENSP00000418960	GO Process	GO:0006974	Cellular response to DNA damage stimulus
BRCA1	9606.ENSP00000418960	GO Process	GO:0006996	Organelle organization
BRCA1	9606.ENSP00000418960	GO Process	GO:0007010	Cytoskeleton organization
BRCA1	9606.ENSP00000418960	GO Process	GO:0007017	Microtubule-based process
BRCA1	9606.ENSP00000418960	GO Process	GO:0007049	Cell cycle
BRCA1	9606.ENSP00000418960	GO Process	GO:0007059	Chromosome segregation
BRCA1	9606.ENSP00000418960	GO Process	GO:0007093	Mitotic cell cycle checkpoint signaling
BRCA1	9606.ENSP00000418960	GO Process	GO:0007095	Mitotic G2 DNA damage checkpoint signaling
BRCA1	9606.ENSP00000418960	GO Process	GO:0007098	Centrosome cycle
BRCA1	9606.ENSP00000418960	GO Process	GO:0007154	Cell communication
BRCA1	9606.ENSP00000418960	GO Process	GO:0007165	Signal transduction
BRCA1	9606.ENSP00000418960	GO Process	GO:0007275	Multicellular organism development
BRCA1	9606.ENSP00000418960	GO Process	GO:0007346	Regulation of mitotic cell cycle
BRCA1	9606.ENSP00000418960	GO Process	GO:0007549	Dosage compensation
BRCA1	9606.ENSP00000418960	GO Process	GO:0008152	Metabolic process
BRCA1	9606.ENSP00000418960	GO Process	GO:0008219	Cell death
BRCA1	9606.ENSP00000418960	GO Process	GO:0008610	Lipid biosynthetic process
BRCA1	9606.ENSP00000418960	GO Process	GO:0008630	Intrinsic apoptotic signaling pathway in response to DNA damage
BRCA1	9606.ENSP00000418960	GO Process	GO:0009048	Dosage compensation by inactivation of X chromosome
BRCA1	9606.ENSP00000418960	GO Process	GO:0009058	Biosynthetic process
BRCA1	9606.ENSP00000418960	GO Process	GO:0009314	Response to radiation
BRCA1	9606.ENSP00000418960	GO Process	GO:0009628	Response to abiotic stimulus
BRCA1	9606.ENSP00000418960	GO Process	GO:0009719	Response to endogenous stimulus
BRCA1	9606.ENSP00000418960	GO Process	GO:0009725	Response to hormone
BRCA1	9606.ENSP00000418960	GO Process	GO:0009790	Embryo development
BRCA1	9606.ENSP00000418960	GO Process	GO:0009792	Embryo development ending in birth or egg hatching
BRCA1	9606.ENSP00000418960	GO Process	GO:0009889	Regulation of biosynthetic process
BRCA1	9606.ENSP00000418960	GO Process	GO:0009890	Negative regulation of biosynthetic process
BRCA1	9606.ENSP00000418960	GO Process	GO:0009891	Positive regulation of biosynthetic process
BRCA1	9606.ENSP00000418960	GO Process	GO:0009892	Negative regulation of metabolic process
BRCA1	9606.ENSP00000418960	GO Process	GO:0009893	Positive regulation of metabolic process
BRCA1	9606.ENSP00000418960	GO Process	GO:0009966	Regulation of signal transduction
BRCA1	9606.ENSP00000418960	GO Process	GO:0009968	Negative regulation of signal transduction
BRCA1	9606.ENSP00000418960	GO Process	GO:0009987	Cellular process
BRCA1	9606.ENSP00000418960	GO Process	GO:0010033	Response to organic substance
BRCA1	9606.ENSP00000418960	GO Process	GO:0010212	Response to ionizing radiation
BRCA1	9606.ENSP00000418960	GO Process	GO:0010243	Response to organonitrogen compound
BRCA1	9606.ENSP00000418960	GO Process	GO:0010389	Regulation of G2/M transition of mitotic cell cycle
BRCA1	9606.ENSP00000418960	GO Process	GO:0010390	Histone monoubiquitination
BRCA1	9606.ENSP00000418960	GO Process	GO:0010468	Regulation of gene expression
BRCA1	9606.ENSP00000418960	GO Process	GO:0010556	Regulation of macromolecule biosynthetic process
BRCA1	9606.ENSP00000418960	GO Process	GO:0010557	Positive regulation of macromolecule biosynthetic process
BRCA1	9606.ENSP00000418960	GO Process	GO:0010558	Negative regulation of macromolecule biosynthetic process
BRCA1	9606.ENSP00000418960	GO Process	GO:0010564	Regulation of cell cycle process
BRCA1	9606.ENSP00000418960	GO Process	GO:0010565	Regulation of cellular ketone metabolic process
BRCA1	9606.ENSP00000418960	GO Process	GO:0010574	Regulation of vascular endothelial growth factor production
BRCA1	9606.ENSP00000418960	GO Process	GO:0010575	Positive regulation of vascular endothelial growth factor production
BRCA1	9606.ENSP00000418960	GO Process	GO:0010604	Positive regulation of macromolecule metabolic process
BRCA1	9606.ENSP00000418960	GO Process	GO:0010605	Negative regulation of macromolecule metabolic process
BRCA1	9606.ENSP00000418960	GO Process	GO:0010628	Positive regulation of gene expression
BRCA1	9606.ENSP00000418960	GO Process	GO:0010639	Negative regulation of organelle organization
BRCA1	9606.ENSP00000418960	GO Process	GO:0010646	Regulation of cell communication
BRCA1	9606.ENSP00000418960	GO Process	GO:0010648	Negative regulation of cell communication
BRCA1	9606.ENSP00000418960	GO Process	GO:0010824	Regulation of centrosome duplication
BRCA1	9606.ENSP00000418960	GO Process	GO:0010826	Negative regulation of centrosome duplication
BRCA1	9606.ENSP00000418960	GO Process	GO:0010941	Regulation of cell death
BRCA1	9606.ENSP00000418960	GO Process	GO:0010948	Negative regulation of cell cycle process
BRCA1	9606.ENSP00000418960	GO Process	GO:0010972	Negative regulation of G2/M transition of mitotic cell cycle
BRCA1	9606.ENSP00000418960	GO Process	GO:0012501	Programmed cell death
BRCA1	9606.ENSP00000418960	GO Process	GO:0014070	Response to organic cyclic compound
BRCA1	9606.ENSP00000418960	GO Process	GO:0016043	Cellular component organization
BRCA1	9606.ENSP00000418960	GO Process	GO:0016053	Organic acid biosynthetic process
BRCA1	9606.ENSP00000418960	GO Process	GO:0016567	Protein ubiquitination
BRCA1	9606.ENSP00000418960	GO Process	GO:0016570	Histone modification
BRCA1	9606.ENSP00000418960	GO Process	GO:0016574	Histone ubiquitination
BRCA1	9606.ENSP00000418960	GO Process	GO:0016578	Histone deubiquitination
BRCA1	9606.ENSP00000418960	GO Process	GO:0016579	Protein deubiquitination
BRCA1	9606.ENSP00000418960	GO Process	GO:0019216	Regulation of lipid metabolic process
BRCA1	9606.ENSP00000418960	GO Process	GO:0019217	Regulation of fatty acid metabolic process
BRCA1	9606.ENSP00000418960	GO Process	GO:0019219	Regulation of nucleobase-containing compound metabolic process
BRCA1	9606.ENSP00000418960	GO Process	GO:0019222	Regulation of metabolic process
BRCA1	9606.ENSP00000418960	GO Process	GO:0019538	Protein metabolic process
BRCA1	9606.ENSP00000418960	GO Process	GO:0019752	Carboxylic acid metabolic process
BRCA1	9606.ENSP00000418960	GO Process	GO:0022402	Cell cycle process
BRCA1	9606.ENSP00000418960	GO Process	GO:0022603	Regulation of anatomical structure morphogenesis
BRCA1	9606.ENSP00000418960	GO Process	GO:0023051	Regulation of signaling
BRCA1	9606.ENSP00000418960	GO Process	GO:0023052	Signaling
BRCA1	9606.ENSP00000418960	GO Process	GO:0023057	Negative regulation of signaling
BRCA1	9606.ENSP00000418960	GO Process	GO:0031023	Microtubule organizing center organization
BRCA1	9606.ENSP00000418960	GO Process	GO:0031056	Regulation of histone modification
BRCA1	9606.ENSP00000418960	GO Process	GO:0031057	Negative regulation of histone modification
BRCA1	9606.ENSP00000418960	GO Process	GO:0031058	Positive regulation of histone modification
BRCA1	9606.ENSP00000418960	GO Process	GO:0031060	Regulation of histone methylation
BRCA1	9606.ENSP00000418960	GO Process	GO:0031061	Negative regulation of histone methylation
BRCA1	9606.ENSP00000418960	GO Process	GO:0031062	Positive regulation of histone methylation
BRCA1	9606.ENSP00000418960	GO Process	GO:0031297	Replication fork processing
BRCA1	9606.ENSP00000418960	GO Process	GO:0031323	Regulation of cellular metabolic process
BRCA1	9606.ENSP00000418960	GO Process	GO:0031324	Negative regulation of cellular metabolic process
BRCA1	9606.ENSP00000418960	GO Process	GO:0031325	Positive regulation of cellular metabolic process
BRCA1	9606.ENSP00000418960	GO Process	GO:0031326	Regulation of cellular biosynthetic process
BRCA1	9606.ENSP00000418960	GO Process	GO:0031327	Negative regulation of cellular biosynthetic process
BRCA1	9606.ENSP00000418960	GO Process	GO:0031328	Positive regulation of cellular biosynthetic process
BRCA1	9606.ENSP00000418960	GO Process	GO:0031396	Regulation of protein ubiquitination
BRCA1	9606.ENSP00000418960	GO Process	GO:0031398	Positive regulation of protein ubiquitination
BRCA1	9606.ENSP00000418960	GO Process	GO:0031399	Regulation of protein modification process
BRCA1	9606.ENSP00000418960	GO Process	GO:0031400	Negative regulation of protein modification process
BRCA1	9606.ENSP00000418960	GO Process	GO:0031401	Positive regulation of protein modification process
BRCA1	9606.ENSP00000418960	GO Process	GO:0031570	DNA integrity checkpoint signaling
BRCA1	9606.ENSP00000418960	GO Process	GO:0032446	Protein modification by small protein conjugation
BRCA1	9606.ENSP00000418960	GO Process	GO:0032501	Multicellular organismal process
BRCA1	9606.ENSP00000418960	GO Process	GO:0032502	Developmental process
BRCA1	9606.ENSP00000418960	GO Process	GO:0032787	Monocarboxylic acid metabolic process
BRCA1	9606.ENSP00000418960	GO Process	GO:0032886	Regulation of microtubule-based process
BRCA1	9606.ENSP00000418960	GO Process	GO:0033043	Regulation of organelle organization
BRCA1	9606.ENSP00000418960	GO Process	GO:0033143	Regulation of intracellular steroid hormone receptor signaling pathway
BRCA1	9606.ENSP00000418960	GO Process	GO:0033144	Negative regulation of intracellular steroid hormone receptor signaling pathway
BRCA1	9606.ENSP00000418960	GO Process	GO:0033146	Regulation of intracellular estrogen receptor signaling pathway
BRCA1	9606.ENSP00000418960	GO Process	GO:0033147	Negative regulation of intracellular estrogen receptor signaling pathway
BRCA1	9606.ENSP00000418960	GO Process	GO:0033522	Histone H2A ubiquitination
BRCA1	9606.ENSP00000418960	GO Process	GO:0033554	Cellular response to stress
BRCA1	9606.ENSP00000418960	GO Process	GO:0034097	Response to cytokine
BRCA1	9606.ENSP00000418960	GO Process	GO:0034612	Response to tumor necrosis factor
BRCA1	9606.ENSP00000418960	GO Process	GO:0034641	Cellular nitrogen compound metabolic process
BRCA1	9606.ENSP00000418960	GO Process	GO:0035065	Regulation of histone acetylation
BRCA1	9606.ENSP00000418960	GO Process	GO:0035066	Positive regulation of histone acetylation
BRCA1	9606.ENSP00000418960	GO Process	GO:0035067	Negative regulation of histone acetylation
BRCA1	9606.ENSP00000418960	GO Process	GO:0035518	Histone H2A monoubiquitination
BRCA1	9606.ENSP00000418960	GO Process	GO:0035556	Intracellular signal transduction
BRCA1	9606.ENSP00000418960	GO Process	GO:0035825	Homologous recombination
BRCA1	9606.ENSP00000418960	GO Process	GO:0036211	Protein modification process
BRCA1	9606.ENSP00000418960	GO Process	GO:0040029	Regulation of gene expression, epigenetic
BRCA1	9606.ENSP00000418960	GO Process	GO:0042221	Response to chemical
BRCA1	9606.ENSP00000418960	GO Process	GO:0042304	Regulation of fatty acid biosynthetic process
BRCA1	9606.ENSP00000418960	GO Process	GO:0042770	Signal transduction in response to DNA damage
BRCA1	9606.ENSP00000418960	GO Process	GO:0042981	Regulation of apoptotic process
BRCA1	9606.ENSP00000418960	GO Process	GO:0043009	Chordate embryonic development
BRCA1	9606.ENSP00000418960	GO Process	GO:0043066	Negative regulation of apoptotic process
BRCA1	9606.ENSP00000418960	GO Process	GO:0043067	Regulation of programmed cell death
BRCA1	9606.ENSP00000418960	GO Process	GO:0043069	Negative regulation of programmed cell death
BRCA1	9606.ENSP00000418960	GO Process	GO:0043170	Macromolecule metabolic process
BRCA1	9606.ENSP00000418960	GO Process	GO:0043412	Macromolecule modification
BRCA1	9606.ENSP00000418960	GO Process	GO:0043436	Oxoacid metabolic process
BRCA1	9606.ENSP00000418960	GO Process	GO:0043627	Response to estrogen
BRCA1	9606.ENSP00000418960	GO Process	GO:0044030	Regulation of DNA methylation
BRCA1	9606.ENSP00000418960	GO Process	GO:0044087	Regulation of cellular component biogenesis
BRCA1	9606.ENSP00000418960	GO Process	GO:0044237	Cellular metabolic process
BRCA1	9606.ENSP00000418960	GO Process	GO:0044238	Primary metabolic process
BRCA1	9606.ENSP00000418960	GO Process	GO:0044249	Cellular biosynthetic process
BRCA1	9606.ENSP00000418960	GO Process	GO:0044255	Cellular lipid metabolic process
BRCA1	9606.ENSP00000418960	GO Process	GO:0044260	Cellular macromolecule metabolic process
BRCA1	9606.ENSP00000418960	GO Process	GO:0044281	Small molecule metabolic process
BRCA1	9606.ENSP00000418960	GO Process	GO:0044283	Small molecule biosynthetic process
BRCA1	9606.ENSP00000418960	GO Process	GO:0044773	Mitotic DNA damage checkpoint signaling
BRCA1	9606.ENSP00000418960	GO Process	GO:0044774	Mitotic DNA integrity checkpoint signaling
BRCA1	9606.ENSP00000418960	GO Process	GO:0044818	Mitotic G2/M transition checkpoint
BRCA1	9606.ENSP00000418960	GO Process	GO:0045005	DNA-templated DNA replication maintenance of fidelity
BRCA1	9606.ENSP00000418960	GO Process	GO:0045717	Negative regulation of fatty acid biosynthetic process
BRCA1	9606.ENSP00000418960	GO Process	GO:0045739	Positive regulation of DNA repair
BRCA1	9606.ENSP00000418960	GO Process	GO:0045765	Regulation of angiogenesis
BRCA1	9606.ENSP00000418960	GO Process	GO:0045766	Positive regulation of angiogenesis
BRCA1	9606.ENSP00000418960	GO Process	GO:0045786	Negative regulation of cell cycle
BRCA1	9606.ENSP00000418960	GO Process	GO:0045833	Negative regulation of lipid metabolic process
BRCA1	9606.ENSP00000418960	GO Process	GO:0045892	Negative regulation of transcription, DNA-templated
BRCA1	9606.ENSP00000418960	GO Process	GO:0045893	Positive regulation of transcription, DNA-templated
BRCA1	9606.ENSP00000418960	GO Process	GO:0045922	Negative regulation of fatty acid metabolic process
BRCA1	9606.ENSP00000418960	GO Process	GO:0045930	Negative regulation of mitotic cell cycle
BRCA1	9606.ENSP00000418960	GO Process	GO:0045934	Negative regulation of nucleobase-containing compound metabolic process
BRCA1	9606.ENSP00000418960	GO Process	GO:0045935	Positive regulation of nucleobase-containing compound metabolic process
BRCA1	9606.ENSP00000418960	GO Process	GO:0045944	Positive regulation of transcription by RNA polymerase II
BRCA1	9606.ENSP00000418960	GO Process	GO:0046394	Carboxylic acid biosynthetic process
BRCA1	9606.ENSP00000418960	GO Process	GO:0046483	Heterocycle metabolic process
BRCA1	9606.ENSP00000418960	GO Process	GO:0046599	Regulation of centriole replication
BRCA1	9606.ENSP00000418960	GO Process	GO:0046600	Negative regulation of centriole replication
BRCA1	9606.ENSP00000418960	GO Process	GO:0046605	Regulation of centrosome cycle
BRCA1	9606.ENSP00000418960	GO Process	GO:0046606	Negative regulation of centrosome cycle
BRCA1	9606.ENSP00000418960	GO Process	GO:0046890	Regulation of lipid biosynthetic process
BRCA1	9606.ENSP00000418960	GO Process	GO:0048518	Positive regulation of biological process
BRCA1	9606.ENSP00000418960	GO Process	GO:0048519	Negative regulation of biological process
BRCA1	9606.ENSP00000418960	GO Process	GO:0048522	Positive regulation of cellular process
BRCA1	9606.ENSP00000418960	GO Process	GO:0048523	Negative regulation of cellular process
BRCA1	9606.ENSP00000418960	GO Process	GO:0048583	Regulation of response to stimulus
BRCA1	9606.ENSP00000418960	GO Process	GO:0048584	Positive regulation of response to stimulus
BRCA1	9606.ENSP00000418960	GO Process	GO:0048585	Negative regulation of response to stimulus
BRCA1	9606.ENSP00000418960	GO Process	GO:0048856	Anatomical structure development
BRCA1	9606.ENSP00000418960	GO Process	GO:0050789	Regulation of biological process
BRCA1	9606.ENSP00000418960	GO Process	GO:0050793	Regulation of developmental process
BRCA1	9606.ENSP00000418960	GO Process	GO:0050794	Regulation of cellular process
BRCA1	9606.ENSP00000418960	GO Process	GO:0050896	Response to stimulus
BRCA1	9606.ENSP00000418960	GO Process	GO:0051052	Regulation of DNA metabolic process
BRCA1	9606.ENSP00000418960	GO Process	GO:0051054	Positive regulation of DNA metabolic process
BRCA1	9606.ENSP00000418960	GO Process	GO:0051055	Negative regulation of lipid biosynthetic process
BRCA1	9606.ENSP00000418960	GO Process	GO:0051094	Positive regulation of developmental process
BRCA1	9606.ENSP00000418960	GO Process	GO:0051128	Regulation of cellular component organization
BRCA1	9606.ENSP00000418960	GO Process	GO:0051129	Negative regulation of cellular component organization
BRCA1	9606.ENSP00000418960	GO Process	GO:0051171	Regulation of nitrogen compound metabolic process
BRCA1	9606.ENSP00000418960	GO Process	GO:0051172	Negative regulation of nitrogen compound metabolic process
BRCA1	9606.ENSP00000418960	GO Process	GO:0051173	Positive regulation of nitrogen compound metabolic process
BRCA1	9606.ENSP00000418960	GO Process	GO:0051239	Regulation of multicellular organismal process
BRCA1	9606.ENSP00000418960	GO Process	GO:0051240	Positive regulation of multicellular organismal process
BRCA1	9606.ENSP00000418960	GO Process	GO:0051246	Regulation of protein metabolic process
BRCA1	9606.ENSP00000418960	GO Process	GO:0051247	Positive regulation of protein metabolic process
BRCA1	9606.ENSP00000418960	GO Process	GO:0051248	Negative regulation of protein metabolic process
BRCA1	9606.ENSP00000418960	GO Process	GO:0051252	Regulation of RNA metabolic process
BRCA1	9606.ENSP00000418960	GO Process	GO:0051253	Negative regulation of RNA metabolic process
BRCA1	9606.ENSP00000418960	GO Process	GO:0051254	Positive regulation of RNA metabolic process
BRCA1	9606.ENSP00000418960	GO Process	GO:0051276	Chromosome organization
BRCA1	9606.ENSP00000418960	GO Process	GO:0051493	Regulation of cytoskeleton organization
BRCA1	9606.ENSP00000418960	GO Process	GO:0051494	Negative regulation of cytoskeleton organization
BRCA1	9606.ENSP00000418960	GO Process	GO:0051569	Regulation of histone H3-K4 methylation
BRCA1	9606.ENSP00000418960	GO Process	GO:0051570	Regulation of histone H3-K9 methylation
BRCA1	9606.ENSP00000418960	GO Process	GO:0051571	Positive regulation of histone H3-K4 methylation
BRCA1	9606.ENSP00000418960	GO Process	GO:0051572	Negative regulation of histone H3-K4 methylation
BRCA1	9606.ENSP00000418960	GO Process	GO:0051573	Negative regulation of histone H3-K9 methylation
BRCA1	9606.ENSP00000418960	GO Process	GO:0051574	Positive regulation of histone H3-K9 methylation
BRCA1	9606.ENSP00000418960	GO Process	GO:0051716	Cellular response to stimulus
BRCA1	9606.ENSP00000418960	GO Process	GO:0051726	Regulation of cell cycle
BRCA1	9606.ENSP00000418960	GO Process	GO:0051865	Protein autoubiquitination
BRCA1	9606.ENSP00000418960	GO Process	GO:0060255	Regulation of macromolecule metabolic process
BRCA1	9606.ENSP00000418960	GO Process	GO:0060548	Negative regulation of cell death
BRCA1	9606.ENSP00000418960	GO Process	GO:0062012	Regulation of small molecule metabolic process
BRCA1	9606.ENSP00000418960	GO Process	GO:0062014	Negative regulation of small molecule metabolic process
BRCA1	9606.ENSP00000418960	GO Process	GO:0065007	Biological regulation
BRCA1	9606.ENSP00000418960	GO Process	GO:0070510	Regulation of histone H4-K20 methylation
BRCA1	9606.ENSP00000418960	GO Process	GO:0070512	Positive regulation of histone H4-K20 methylation
BRCA1	9606.ENSP00000418960	GO Process	GO:0070536	Protein K63-linked deubiquitination
BRCA1	9606.ENSP00000418960	GO Process	GO:0070537	Histone H2A K63-linked deubiquitination
BRCA1	9606.ENSP00000418960	GO Process	GO:0070646	Protein modification by small protein removal
BRCA1	9606.ENSP00000418960	GO Process	GO:0070647	Protein modification by small protein conjugation or removal
BRCA1	9606.ENSP00000418960	GO Process	GO:0070887	Cellular response to chemical stimulus
BRCA1	9606.ENSP00000418960	GO Process	GO:0071214	Cellular response to abiotic stimulus
BRCA1	9606.ENSP00000418960	GO Process	GO:0071310	Cellular response to organic substance
BRCA1	9606.ENSP00000418960	GO Process	GO:0071345	Cellular response to cytokine stimulus
BRCA1	9606.ENSP00000418960	GO Process	GO:0071356	Cellular response to tumor necrosis factor
BRCA1	9606.ENSP00000418960	GO Process	GO:0071407	Cellular response to organic cyclic compound
BRCA1	9606.ENSP00000418960	GO Process	GO:0071417	Cellular response to organonitrogen compound
BRCA1	9606.ENSP00000418960	GO Process	GO:0071478	Cellular response to radiation
BRCA1	9606.ENSP00000418960	GO Process	GO:0071479	Cellular response to ionizing radiation
BRCA1	9606.ENSP00000418960	GO Process	GO:0071495	Cellular response to endogenous stimulus
BRCA1	9606.ENSP00000418960	GO Process	GO:0071680	Response to indole-3-methanol
BRCA1	9606.ENSP00000418960	GO Process	GO:0071681	Cellular response to indole-3-methanol
BRCA1	9606.ENSP00000418960	GO Process	GO:0071704	Organic substance metabolic process
BRCA1	9606.ENSP00000418960	GO Process	GO:0071840	Cellular component organization or biogenesis
BRCA1	9606.ENSP00000418960	GO Process	GO:0072330	Monocarboxylic acid biosynthetic process
BRCA1	9606.ENSP00000418960	GO Process	GO:0080090	Regulation of primary metabolic process
BRCA1	9606.ENSP00000418960	GO Process	GO:0080134	Regulation of response to stress
BRCA1	9606.ENSP00000418960	GO Process	GO:0080135	Regulation of cellular response to stress
BRCA1	9606.ENSP00000418960	GO Process	GO:0085020	Protein K6-linked ubiquitination
BRCA1	9606.ENSP00000418960	GO Process	GO:0090239	Regulation of histone H4 acetylation
BRCA1	9606.ENSP00000418960	GO Process	GO:0090240	Positive regulation of histone H4 acetylation
BRCA1	9606.ENSP00000418960	GO Process	GO:0090304	Nucleic acid metabolic process
BRCA1	9606.ENSP00000418960	GO Process	GO:0097190	Apoptotic signaling pathway
BRCA1	9606.ENSP00000418960	GO Process	GO:0097193	Intrinsic apoptotic signaling pathway
BRCA1	9606.ENSP00000418960	GO Process	GO:0097305	Response to alcohol
BRCA1	9606.ENSP00000418960	GO Process	GO:0097306	Cellular response to alcohol
BRCA1	9606.ENSP00000418960	GO Process	GO:0104004	Cellular response to environmental stimulus
BRCA1	9606.ENSP00000418960	GO Process	GO:0110025	DNA strand resection involved in replication fork processing
BRCA1	9606.ENSP00000418960	GO Process	GO:1901342	Regulation of vasculature development
BRCA1	9606.ENSP00000418960	GO Process	GO:1901360	Organic cyclic compound metabolic process
BRCA1	9606.ENSP00000418960	GO Process	GO:1901564	Organonitrogen compound metabolic process
BRCA1	9606.ENSP00000418960	GO Process	GO:1901576	Organic substance biosynthetic process
BRCA1	9606.ENSP00000418960	GO Process	GO:1901698	Response to nitrogen compound
BRCA1	9606.ENSP00000418960	GO Process	GO:1901699	Cellular response to nitrogen compound
BRCA1	9606.ENSP00000418960	GO Process	GO:1901700	Response to oxygen-containing compound
BRCA1	9606.ENSP00000418960	GO Process	GO:1901701	Cellular response to oxygen-containing compound
BRCA1	9606.ENSP00000418960	GO Process	GO:1901976	Regulation of cell cycle checkpoint
BRCA1	9606.ENSP00000418960	GO Process	GO:1901983	Regulation of protein acetylation
BRCA1	9606.ENSP00000418960	GO Process	GO:1901984	Negative regulation of protein acetylation
BRCA1	9606.ENSP00000418960	GO Process	GO:1901985	Positive regulation of protein acetylation
BRCA1	9606.ENSP00000418960	GO Process	GO:1901987	Regulation of cell cycle phase transition
BRCA1	9606.ENSP00000418960	GO Process	GO:1901988	Negative regulation of cell cycle phase transition
BRCA1	9606.ENSP00000418960	GO Process	GO:1901990	Regulation of mitotic cell cycle phase transition
BRCA1	9606.ENSP00000418960	GO Process	GO:1901991	Negative regulation of mitotic cell cycle phase transition
BRCA1	9606.ENSP00000418960	GO Process	GO:1902041	Regulation of extrinsic apoptotic signaling pathway via death domain receptors
BRCA1	9606.ENSP00000418960	GO Process	GO:1902042	Negative regulation of extrinsic apoptotic signaling pathway via death domain receptors
BRCA1	9606.ENSP00000418960	GO Process	GO:1902115	Regulation of organelle assembly
BRCA1	9606.ENSP00000418960	GO Process	GO:1902116	Negative regulation of organelle assembly
BRCA1	9606.ENSP00000418960	GO Process	GO:1902531	Regulation of intracellular signal transduction
BRCA1	9606.ENSP00000418960	GO Process	GO:1902679	Negative regulation of RNA biosynthetic process
BRCA1	9606.ENSP00000418960	GO Process	GO:1902680	Positive regulation of RNA biosynthetic process
BRCA1	9606.ENSP00000418960	GO Process	GO:1902749	Regulation of cell cycle G2/M phase transition
BRCA1	9606.ENSP00000418960	GO Process	GO:1902750	Negative regulation of cell cycle G2/M phase transition
BRCA1	9606.ENSP00000418960	GO Process	GO:1903047	Mitotic cell cycle process
BRCA1	9606.ENSP00000418960	GO Process	GO:1903320	Regulation of protein modification by small protein conjugation or removal
BRCA1	9606.ENSP00000418960	GO Process	GO:1903322	Positive regulation of protein modification by small protein conjugation or removal
BRCA1	9606.ENSP00000418960	GO Process	GO:1903506	Regulation of nucleic acid-templated transcription
BRCA1	9606.ENSP00000418960	GO Process	GO:1903507	Negative regulation of nucleic acid-templated transcription
BRCA1	9606.ENSP00000418960	GO Process	GO:1903508	Positive regulation of nucleic acid-templated transcription
BRCA1	9606.ENSP00000418960	GO Process	GO:1904018	Positive regulation of vasculature development
BRCA1	9606.ENSP00000418960	GO Process	GO:2000001	Regulation of DNA damage checkpoint
BRCA1	9606.ENSP00000418960	GO Process	GO:2000026	Regulation of multicellular organismal development
BRCA1	9606.ENSP00000418960	GO Process	GO:2000377	Regulation of reactive oxygen species metabolic process
BRCA1	9606.ENSP00000418960	GO Process	GO:2000378	Negative regulation of reactive oxygen species metabolic process
BRCA1	9606.ENSP00000418960	GO Process	GO:2000615	Regulation of histone H3-K9 acetylation
BRCA1	9606.ENSP00000418960	GO Process	GO:2000617	Positive regulation of histone H3-K9 acetylation
BRCA1	9606.ENSP00000418960	GO Process	GO:2000618	Regulation of histone H4-K16 acetylation
BRCA1	9606.ENSP00000418960	GO Process	GO:2000620	Positive regulation of histone H4-K16 acetylation
BRCA1	9606.ENSP00000418960	GO Process	GO:2000756	Regulation of peptidyl-lysine acetylation
BRCA1	9606.ENSP00000418960	GO Process	GO:2000757	Negative regulation of peptidyl-lysine acetylation
BRCA1	9606.ENSP00000418960	GO Process	GO:2000758	Positive regulation of peptidyl-lysine acetylation
BRCA1	9606.ENSP00000418960	GO Process	GO:2001020	Regulation of response to DNA damage stimulus
BRCA1	9606.ENSP00000418960	GO Process	GO:2001022	Positive regulation of response to DNA damage stimulus
BRCA1	9606.ENSP00000418960	GO Process	GO:2001141	Regulation of RNA biosynthetic process
BRCA1	9606.ENSP00000418960	GO Process	GO:2001233	Regulation of apoptotic signaling pathway
BRCA1	9606.ENSP00000418960	GO Process	GO:2001234	Negative regulation of apoptotic signaling pathway
BRCA1	9606.ENSP00000418960	GO Process	GO:2001236	Regulation of extrinsic apoptotic signaling pathway
BRCA1	9606.ENSP00000418960	GO Process	GO:2001237	Negative regulation of extrinsic apoptotic signaling pathway
BRCA1	9606.ENSP00000418960	GO Function	GO:0000976	Transcription cis-regulatory region binding
BRCA1	9606.ENSP00000418960	GO Function	GO:0001067	Transcription regulatory region nucleic acid binding
BRCA1	9606.ENSP00000418960	GO Function	GO:0003676	Nucleic acid binding
BRCA1	9606.ENSP00000418960	GO Function	GO:0003677	DNA binding
BRCA1	9606.ENSP00000418960	GO Function	GO:0003684	Damaged DNA binding
BRCA1	9606.ENSP00000418960	GO Function	GO:0003690	Double-stranded DNA binding
BRCA1	9606.ENSP00000418960	GO Function	GO:0003712	Transcription coregulator activity
BRCA1	9606.ENSP00000418960	GO Function	GO:0003713	Transcription coactivator activity
BRCA1	9606.ENSP00000418960	GO Function	GO:0003723	RNA binding
BRCA1	9606.ENSP00000418960	GO Function	GO:0003824	Catalytic activity
BRCA1	9606.ENSP00000418960	GO Function	GO:0004842	Ubiquitin-protein transferase activity
BRCA1	9606.ENSP00000418960	GO Function	GO:0005488	Binding
BRCA1	9606.ENSP00000418960	GO Function	GO:0005515	Protein binding
BRCA1	9606.ENSP00000418960	GO Function	GO:0008092	Cytoskeletal protein binding
BRCA1	9606.ENSP00000418960	GO Function	GO:0008270	Zinc ion binding
BRCA1	9606.ENSP00000418960	GO Function	GO:0015631	Tubulin binding
BRCA1	9606.ENSP00000418960	GO Function	GO:0016740	Transferase activity
BRCA1	9606.ENSP00000418960	GO Function	GO:0019787	Ubiquitin-like protein transferase activity
BRCA1	9606.ENSP00000418960	GO Function	GO:0019899	Enzyme binding
BRCA1	9606.ENSP00000418960	GO Function	GO:0031625	Ubiquitin protein ligase binding
BRCA1	9606.ENSP00000418960	GO Function	GO:0043167	Ion binding
BRCA1	9606.ENSP00000418960	GO Function	GO:0043169	Cation binding
BRCA1	9606.ENSP00000418960	GO Function	GO:0043565	Sequence-specific DNA binding
BRCA1	9606.ENSP00000418960	GO Function	GO:0044389	Ubiquitin-like protein ligase binding
BRCA1	9606.ENSP00000418960	GO Function	GO:0046872	Metal ion binding
BRCA1	9606.ENSP00000418960	GO Function	GO:0046914	Transition metal ion binding
BRCA1	9606.ENSP00000418960	GO Function	GO:0070063	RNA polymerase binding
BRCA1	9606.ENSP00000418960	GO Function	GO:0097159	Organic cyclic compound binding
BRCA1	9606.ENSP00000418960	GO Function	GO:0140096	Catalytic activity, acting on a protein
BRCA1	9606.ENSP00000418960	GO Function	GO:0140110	Transcription regulator activity
BRCA1	9606.ENSP00000418960	GO Function	GO:1901363	Heterocyclic compound binding
BRCA1	9606.ENSP00000418960	GO Function	GO:1990837	Sequence-specific double-stranded DNA binding
BRCA1	9606.ENSP00000418960	GO Component	GO:0000151	Ubiquitin ligase complex
BRCA1	9606.ENSP00000418960	GO Component	GO:0000152	Nuclear ubiquitin ligase complex
BRCA1	9606.ENSP00000418960	GO Component	GO:0000228	Nuclear chromosome
BRCA1	9606.ENSP00000418960	GO Component	GO:0000793	Condensed chromosome
BRCA1	9606.ENSP00000418960	GO Component	GO:0000794	Condensed nuclear chromosome
BRCA1	9606.ENSP00000418960	GO Component	GO:0000795	Synaptonemal complex
BRCA1	9606.ENSP00000418960	GO Component	GO:0000800	Lateral element
BRCA1	9606.ENSP00000418960	GO Component	GO:0000930	Gamma-tubulin complex
BRCA1	9606.ENSP00000418960	GO Component	GO:0000931	Gamma-tubulin large complex
BRCA1	9606.ENSP00000418960	GO Component	GO:0005622	Intracellular anatomical structure
BRCA1	9606.ENSP00000418960	GO Component	GO:0005634	Nucleus
BRCA1	9606.ENSP00000418960	GO Component	GO:0005654	Nucleoplasm
BRCA1	9606.ENSP00000418960	GO Component	GO:0005694	Chromosome
BRCA1	9606.ENSP00000418960	GO Component	GO:0005737	Cytoplasm
BRCA1	9606.ENSP00000418960	GO Component	GO:0005815	Microtubule organizing center
BRCA1	9606.ENSP00000418960	GO Component	GO:0005856	Cytoskeleton
BRCA1	9606.ENSP00000418960	GO Component	GO:0005886	Plasma membrane
BRCA1	9606.ENSP00000418960	GO Component	GO:0015630	Microtubule cytoskeleton
BRCA1	9606.ENSP00000418960	GO Component	GO:0016020	Membrane
BRCA1	9606.ENSP00000418960	GO Component	GO:0016021	Integral component of membrane
BRCA1	9606.ENSP00000418960	GO Component	GO:0016604	Nuclear body
BRCA1	9606.ENSP00000418960	GO Component	GO:0031224	Intrinsic component of membrane
BRCA1	9606.ENSP00000418960	GO Component	GO:0031436	BRCA1-BARD1 complex
BRCA1	9606.ENSP00000418960	GO Component	GO:0031974	Membrane-enclosed lumen
BRCA1	9606.ENSP00000418960	GO Component	GO:0031981	Nuclear lumen
BRCA1	9606.ENSP00000418960	GO Component	GO:0032991	Protein-containing complex
BRCA1	9606.ENSP00000418960	GO Component	GO:0043226	Organelle
BRCA1	9606.ENSP00000418960	GO Component	GO:0043227	Membrane-bounded organelle
BRCA1	9606.ENSP00000418960	GO Component	GO:0043228	Non-membrane-bounded organelle
BRCA1	9606.ENSP00000418960	GO Component	GO:0043229	Intracellular organelle
BRCA1	9606.ENSP00000418960	GO Component	GO:0043231	Intracellular membrane-bounded organelle
BRCA1	9606.ENSP00000418960	GO Component	GO:0043232	Intracellular non-membrane-bounded organelle
BRCA1	9606.ENSP00000418960	GO Component	GO:0043233	Organelle lumen
BRCA1	9606.ENSP00000418960	GO Component	GO:0070013	Intracellular organelle lumen
BRCA1	9606.ENSP00000418960	GO Component	GO:0070531	BRCA1-A complex
BRCA1	9606.ENSP00000418960	GO Component	GO:0070532	BRCA1-B complex
BRCA1	9606.ENSP00000418960	GO Component	GO:0070533	BRCA1-C complex
BRCA1	9606.ENSP00000418960	GO Component	GO:0071944	Cell periphery
BRCA1	9606.ENSP00000418960	GO Component	GO:0099086	Synaptonemal structure
BRCA1	9606.ENSP00000418960	GO Component	GO:0110165	Cellular anatomical entity
BRCA1	9606.ENSP00000418960	GO Component	GO:0140513	Nuclear protein-containing complex
BRCA1	9606.ENSP00000418960	GO Component	GO:0140535	Intracellular protein-containing complex
BRCA1	9606.ENSP00000418960	GO Component	GO:1902494	Catalytic complex
BRCA1	9606.ENSP00000418960	GO Component	GO:1990234	Transferase complex
BRCA1	9606.ENSP00000418960	GO Component	GO:1990391	DNA repair complex
BRCA1	9606.ENSP00000418960	GO Component	GO:1990904	Ribonucleoprotein complex
BRCA1	9606.ENSP00000418960	STRING clusters	CL:6143	DNA repair pathways, full network, and HDR through Homologous Recombination (HRR)
BRCA1	9606.ENSP00000418960	STRING clusters	CL:6144	DNA repair pathways, full network, and HDR through Homologous Recombination (HRR)
BRCA1	9606.ENSP00000418960	STRING clusters	CL:6145	DNA repair pathways, full network, and HDR through Homologous Recombination (HRR)
BRCA1	9606.ENSP00000418960	STRING clusters	CL:6146	Mixed, incl. Fanconi anemia pathway, and DNA repair complex
BRCA1	9606.ENSP00000418960	STRING clusters	CL:6147	DNA repair pathways, full network, and HDR through Homologous Recombination (HRR)
BRCA1	9606.ENSP00000418960	STRING clusters	CL:6148	Diseases of DNA repair, and DNA repair complex
BRCA1	9606.ENSP00000418960	STRING clusters	CL:6149	Homologous DNA Pairing and Strand Exchange, and Response to intra-S DNA damage checkpoint signaling
BRCA1	9606.ENSP00000418960	STRING clusters	CL:6150	Resolution of D-loop Structures through Holliday Junction Intermediates, and RIDDLE syndrome
BRCA1	9606.ENSP00000418960	STRING clusters	CL:6195	BRCA1-C complex, and NIPBL role in DNA damage - Cornelia de Lange syndrome
BRCA1	9606.ENSP00000418960	STRING clusters	CL:6207	BRCA1-C complex
BRCA1	9606.ENSP00000418960	KEGG	hsa01524	Platinum drug resistance
BRCA1	9606.ENSP00000418960	KEGG	hsa03440	Homologous recombination
BRCA1	9606.ENSP00000418960	KEGG	hsa03460	Fanconi anemia pathway
BRCA1	9606.ENSP00000418960	KEGG	hsa04120	Ubiquitin mediated proteolysis
BRCA1	9606.ENSP00000418960	KEGG	hsa04151	PI3K-Akt signaling pathway
BRCA1	9606.ENSP00000418960	KEGG	hsa05206	MicroRNAs in cancer
BRCA1	9606.ENSP00000418960	KEGG	hsa05224	Breast cancer
BRCA1	9606.ENSP00000418960	Reactome	HSA-1221632	Meiotic synapsis
BRCA1	9606.ENSP00000418960	Reactome	HSA-1474165	Reproduction
BRCA1	9606.ENSP00000418960	Reactome	HSA-1500620	Meiosis
BRCA1	9606.ENSP00000418960	Reactome	HSA-1640170	Cell Cycle
BRCA1	9606.ENSP00000418960	Reactome	HSA-1643685	Disease
BRCA1	9606.ENSP00000418960	Reactome	HSA-212436	Generic Transcription Pathway
BRCA1	9606.ENSP00000418960	Reactome	HSA-2262752	Cellular responses to stress
BRCA1	9606.ENSP00000418960	Reactome	HSA-2990846	SUMOylation
BRCA1	9606.ENSP00000418960	Reactome	HSA-3108214	SUMOylation of DNA damage response and repair proteins
BRCA1	9606.ENSP00000418960	Reactome	HSA-3108232	SUMO E3 ligases SUMOylate target proteins
BRCA1	9606.ENSP00000418960	Reactome	HSA-3700989	Transcriptional Regulation by TP53
BRCA1	9606.ENSP00000418960	Reactome	HSA-392499	Metabolism of proteins
BRCA1	9606.ENSP00000418960	Reactome	HSA-5633007	Regulation of TP53 Activity
BRCA1	9606.ENSP00000418960	Reactome	HSA-5685938	HDR through Single Strand Annealing (SSA)
BRCA1	9606.ENSP00000418960	Reactome	HSA-5685942	HDR through Homologous Recombination (HRR)
BRCA1	9606.ENSP00000418960	Reactome	HSA-5688426	Deubiquitination
BRCA1	9606.ENSP00000418960	Reactome	HSA-5689901	Metalloprotease DUBs
BRCA1	9606.ENSP00000418960	Reactome	HSA-5693532	DNA Double-Strand Break Repair
BRCA1	9606.ENSP00000418960	Reactome	HSA-5693537	Resolution of D-Loop Structures
BRCA1	9606.ENSP00000418960	Reactome	HSA-5693538	Homology Directed Repair
BRCA1	9606.ENSP00000418960	Reactome	HSA-5693554	Resolution of D-loop Structures through Synthesis-Dependent Strand Annealing (SDSA)
BRCA1	9606.ENSP00000418960	Reactome	HSA-5693565	Recruitment and ATM-mediated phosphorylation of repair and signaling proteins at DNA double strand breaks
BRCA1	9606.ENSP00000418960	Reactome	HSA-5693567	HDR through Homologous Recombination (HRR) or Single Strand Annealing (SSA)
BRCA1	9606.ENSP00000418960	Reactome	HSA-5693568	Resolution of D-loop Structures through Holliday Junction Intermediates
BRCA1	9606.ENSP00000418960	Reactome	HSA-5693571	Nonhomologous End-Joining (NHEJ)
BRCA1	9606.ENSP00000418960	Reactome	HSA-5693579	Homologous DNA Pairing and Strand Exchange
BRCA1	9606.ENSP00000418960	Reactome	HSA-5693606	DNA Double Strand Break Response
BRCA1	9606.ENSP00000418960	Reactome	HSA-5693607	Processing of DNA double-strand break ends
BRCA1	9606.ENSP00000418960	Reactome	HSA-5693616	Presynaptic phase of homologous DNA pairing and strand exchange
BRCA1	9606.ENSP00000418960	Reactome	HSA-597592	Post-translational protein modification
BRCA1	9606.ENSP00000418960	Reactome	HSA-6796648	TP53 Regulates Transcription of DNA Repair Genes
BRCA1	9606.ENSP00000418960	Reactome	HSA-6804756	Regulation of TP53 Activity through Phosphorylation
BRCA1	9606.ENSP00000418960	Reactome	HSA-69473	G2/M DNA damage checkpoint
BRCA1	9606.ENSP00000418960	Reactome	HSA-69481	G2/M Checkpoints
BRCA1	9606.ENSP00000418960	Reactome	HSA-69620	Cell Cycle Checkpoints
BRCA1	9606.ENSP00000418960	Reactome	HSA-73857	RNA Polymerase II Transcription
BRCA1	9606.ENSP00000418960	Reactome	HSA-73894	DNA Repair
BRCA1	9606.ENSP00000418960	Reactome	HSA-74160	Gene expression (Transcription)
BRCA1	9606.ENSP00000418960	Reactome	HSA-8951664	Neddylation
BRCA1	9606.ENSP00000418960	Reactome	HSA-8953750	Transcriptional Regulation by E2F6
BRCA1	9606.ENSP00000418960	Reactome	HSA-8953897	Cellular responses to stimuli
BRCA1	9606.ENSP00000418960	Reactome	HSA-912446	Meiotic recombination
BRCA1	9606.ENSP00000418960	Reactome	HSA-9663199	Defective DNA double strand break response due to BRCA1 loss of function
BRCA1	9606.ENSP00000418960	Reactome	HSA-9675135	Diseases of DNA repair
BRCA1	9606.ENSP00000418960	Reactome	HSA-9675136	Diseases of DNA Double-Strand Break Repair
BRCA1	9606.ENSP00000418960	Reactome	HSA-9699150	Defective DNA double strand break response due to BARD1 loss of function
BRCA1	9606.ENSP00000418960	Reactome	HSA-9701190	Defective homologous recombination repair (HRR) due to BRCA2 loss of function
BRCA1	9606.ENSP00000418960	Reactome	HSA-9701192	Defective homologous recombination repair (HRR) due to BRCA1 loss of function
BRCA1	9606.ENSP00000418960	Reactome	HSA-9701193	Defective homologous recombination repair (HRR) due to PALB2 loss of function
BRCA1	9606.ENSP00000418960	Reactome	HSA-9704331	Defective HDR through Homologous Recombination Repair (HRR) due to PALB2 loss of BRCA1 binding function
BRCA1	9606.ENSP00000418960	Reactome	HSA-9704646	Defective HDR through Homologous Recombination Repair (HRR) due to PALB2 loss of BRCA2/RAD51/RAD51C binding function
BRCA1	9606.ENSP00000418960	Reactome	HSA-9709570	Impaired BRCA2 binding to RAD51
BRCA1	9606.ENSP00000418960	Reactome	HSA-9709603	Impaired BRCA2 binding to PALB2
BRCA1	9606.ENSP00000418960	Reactome	HSA-9711123	Cellular response to chemical stress
BRCA1	9606.ENSP00000418960	Reactome	HSA-9755511	KEAP1-NFE2L2 pathway
BRCA1	9606.ENSP00000418960	WikiPathways	WP138	Androgen receptor signaling pathway
BRCA1	9606.ENSP00000418960	WikiPathways	WP1530	miRNA regulation of DNA damage response
BRCA1	9606.ENSP00000418960	WikiPathways	WP1971	Integrated cancer pathway
BRCA1	9606.ENSP00000418960	WikiPathways	WP2261	Glioblastoma signaling pathways
BRCA1	9606.ENSP00000418960	WikiPathways	WP2263	Androgen receptor network in prostate cancer
BRCA1	9606.ENSP00000418960	WikiPathways	WP2516	ATM signaling pathway
BRCA1	9606.ENSP00000418960	WikiPathways	WP3646	Hepatitis C and hepatocellular carcinoma
BRCA1	9606.ENSP00000418960	WikiPathways	WP3651	Pathways affected in adenoid cystic carcinoma
BRCA1	9606.ENSP00000418960	WikiPathways	WP3959	DNA IR-double strand breaks and cellular response via ATM
BRCA1	9606.ENSP00000418960	WikiPathways	WP4016	DNA IR-damage and cellular response via ATR
BRCA1	9606.ENSP00000418960	WikiPathways	WP4172	PI3K-Akt signaling pathway
BRCA1	9606.ENSP00000418960	WikiPathways	WP4262	Breast cancer pathway
BRCA1	9606.ENSP00000418960	WikiPathways	WP4946	DNA repair pathways, full network
BRCA1	9606.ENSP00000418960	WikiPathways	WP5087	Malignant pleural mesothelioma
BRCA1	9606.ENSP00000418960	WikiPathways	WP5114	Nucleotide excision repair in xeroderma pigmentosum 
BRCA1	9606.ENSP00000418960	WikiPathways	WP5118	SMC1/SMC3 role in DNA damage - Cornelia de Lange Syndrome
BRCA1	9606.ENSP00000418960	WikiPathways	WP5316	Primary ovarian insufficiency
BRCA1	9606.ENSP00000418960	WikiPathways	WP5322	CKAP4 signaling pathway map
BRCA1	9606.ENSP00000418960	WikiPathways	WP707	DNA damage response
BRCA1	9606.ENSP00000418960	DISEASES	DOID:0050177	Monogenic disease
BRCA1	9606.ENSP00000418960	DISEASES	DOID:0050671	Female breast cancer
BRCA1	9606.ENSP00000418960	DISEASES	DOID:0050686	Organ system cancer
BRCA1	9606.ENSP00000418960	DISEASES	DOID:0050687	Cell type cancer
BRCA1	9606.ENSP00000418960	DISEASES	DOID:0050736	Autosomal dominant disease
BRCA1	9606.ENSP00000418960	DISEASES	DOID:0050739	Autosomal genetic disease
BRCA1	9606.ENSP00000418960	DISEASES	DOID:0060071	Pre-malignant neoplasm
BRCA1	9606.ENSP00000418960	DISEASES	DOID:0060074	Ductal carcinoma in situ
BRCA1	9606.ENSP00000418960	DISEASES	DOID:0060118	Thoracic disease
BRCA1	9606.ENSP00000418960	DISEASES	DOID:0080015	Physical disorder
BRCA1	9606.ENSP00000418960	DISEASES	DOID:0080355	Hepatobiliary system cancer
BRCA1	9606.ENSP00000418960	DISEASES	DOID:0080364	Malignant adenoma
BRCA1	9606.ENSP00000418960	DISEASES	DOID:10283	Prostate cancer
BRCA1	9606.ENSP00000418960	DISEASES	DOID:1100	Ovarian disease
BRCA1	9606.ENSP00000418960	DISEASES	DOID:120	Female reproductive organ cancer
BRCA1	9606.ENSP00000418960	DISEASES	DOID:12449	Aplastic anemia
BRCA1	9606.ENSP00000418960	DISEASES	DOID:1342	Congenital hypoplastic anemia
BRCA1	9606.ENSP00000418960	DISEASES	DOID:13636	Fanconi anemia
BRCA1	9606.ENSP00000418960	DISEASES	DOID:14566	Disease of cellular proliferation
BRCA1	9606.ENSP00000418960	DISEASES	DOID:15	Reproductive system disease
BRCA1	9606.ENSP00000418960	DISEASES	DOID:1612	Breast cancer
BRCA1	9606.ENSP00000418960	DISEASES	DOID:1614	Male breast cancer
BRCA1	9606.ENSP00000418960	DISEASES	DOID:162	Cancer
BRCA1	9606.ENSP00000418960	DISEASES	DOID:1725	Peritoneum cancer
BRCA1	9606.ENSP00000418960	DISEASES	DOID:1791	Peritoneal carcinoma
BRCA1	9606.ENSP00000418960	DISEASES	DOID:193	Reproductive organ cancer
BRCA1	9606.ENSP00000418960	DISEASES	DOID:1962	Fallopian tube disease
BRCA1	9606.ENSP00000418960	DISEASES	DOID:1963	Fallopian tube carcinoma
BRCA1	9606.ENSP00000418960	DISEASES	DOID:1964	Fallopian tube cancer
BRCA1	9606.ENSP00000418960	DISEASES	DOID:2151	Malignant ovarian surface epithelial-stromal neoplasm
BRCA1	9606.ENSP00000418960	DISEASES	DOID:2152	Ovary epithelial cancer
BRCA1	9606.ENSP00000418960	DISEASES	DOID:225	Syndrome
BRCA1	9606.ENSP00000418960	DISEASES	DOID:2277	Gonadal disease
BRCA1	9606.ENSP00000418960	DISEASES	DOID:229	Female reproductive system disease
BRCA1	9606.ENSP00000418960	DISEASES	DOID:2355	Anemia
BRCA1	9606.ENSP00000418960	DISEASES	DOID:2394	Ovarian cancer
BRCA1	9606.ENSP00000418960	DISEASES	DOID:28	Endocrine system disease
BRCA1	9606.ENSP00000418960	DISEASES	DOID:299	Adenocarcinoma
BRCA1	9606.ENSP00000418960	DISEASES	DOID:3007	Breast ductal carcinoma
BRCA1	9606.ENSP00000418960	DISEASES	DOID:3008	Invasive ductal carcinoma
BRCA1	9606.ENSP00000418960	DISEASES	DOID:3010	Lobular neoplasia
BRCA1	9606.ENSP00000418960	DISEASES	DOID:3012	Li-Fraumeni syndrome
BRCA1	9606.ENSP00000418960	DISEASES	DOID:305	Carcinoma
BRCA1	9606.ENSP00000418960	DISEASES	DOID:3111	Cystadenocarcinoma
BRCA1	9606.ENSP00000418960	DISEASES	DOID:3114	Serous cystadenocarcinoma
BRCA1	9606.ENSP00000418960	DISEASES	DOID:3118	Hepatobiliary disease
BRCA1	9606.ENSP00000418960	DISEASES	DOID:3119	Gastrointestinal system cancer
BRCA1	9606.ENSP00000418960	DISEASES	DOID:3459	Breast carcinoma
BRCA1	9606.ENSP00000418960	DISEASES	DOID:3463	Breast disease
BRCA1	9606.ENSP00000418960	DISEASES	DOID:3856	Male reproductive organ cancer
BRCA1	9606.ENSP00000418960	DISEASES	DOID:3883	Lynch syndrome
BRCA1	9606.ENSP00000418960	DISEASES	DOID:4	Disease
BRCA1	9606.ENSP00000418960	DISEASES	DOID:4001	Ovarian carcinoma
BRCA1	9606.ENSP00000418960	DISEASES	DOID:4138	Bile duct disease
BRCA1	9606.ENSP00000418960	DISEASES	DOID:4606	Bile duct cancer
BRCA1	9606.ENSP00000418960	DISEASES	DOID:4607	Biliary tract cancer
BRCA1	9606.ENSP00000418960	DISEASES	DOID:47	Prostate disease
BRCA1	9606.ENSP00000418960	DISEASES	DOID:48	Male reproductive system disease
BRCA1	9606.ENSP00000418960	DISEASES	DOID:4896	Bile duct adenocarcinoma
BRCA1	9606.ENSP00000418960	DISEASES	DOID:4897	Bile duct carcinoma
BRCA1	9606.ENSP00000418960	DISEASES	DOID:4947	Cholangiocarcinoma
BRCA1	9606.ENSP00000418960	DISEASES	DOID:5093	Thoracic cancer
BRCA1	9606.ENSP00000418960	DISEASES	DOID:5683	Hereditary breast ovarian cancer syndrome
BRCA1	9606.ENSP00000418960	DISEASES	DOID:60004	Malignant cystadenoma
BRCA1	9606.ENSP00000418960	DISEASES	DOID:630	Genetic disease
BRCA1	9606.ENSP00000418960	DISEASES	DOID:6741	Bilateral breast cancer
BRCA1	9606.ENSP00000418960	DISEASES	DOID:7	Disease of anatomical entity
BRCA1	9606.ENSP00000418960	DISEASES	DOID:74	Hematopoietic system disease
BRCA1	9606.ENSP00000418960	DISEASES	DOID:77	Gastrointestinal system disease
BRCA1	9606.ENSP00000418960	DISEASES	DOID:8029	Sporadic breast cancer
BRCA1	9606.ENSP00000418960	DISEASES	DOID:8719	In situ carcinoma
BRCA1	9606.ENSP00000418960	DISEASES	DOID:8791	Breast carcinoma in situ
BRCA1	9606.ENSP00000418960	DISEASES	DOID:9741	Biliary tract disease
BRCA1	9606.ENSP00000418960	TISSUES	BTO:0000000	Tissues, cell types and enzyme sources
BRCA1	9606.ENSP00000418960	TISSUES	BTO:0000042	Animal
BRCA1	9606.ENSP00000418960	TISSUES	BTO:0000080	Male reproductive gland
BRCA1	9606.ENSP00000418960	TISSUES	BTO:0000081	Reproductive system
BRCA1	9606.ENSP00000418960	TISSUES	BTO:0000082	Male reproductive system
BRCA1	9606.ENSP00000418960	TISSUES	BTO:0000083	Female reproductive system
BRCA1	9606.ENSP00000418960	TISSUES	BTO:0000149	Breast
BRCA1	9606.ENSP00000418960	TISSUES	BTO:0000174	Embryonic structure
BRCA1	9606.ENSP00000418960	TISSUES	BTO:0000180	Cervical carcinoma cell
BRCA1	9606.ENSP00000418960	TISSUES	BTO:0000254	Female reproductive gland
BRCA1	9606.ENSP00000418960	TISSUES	BTO:0000284	Organism form
BRCA1	9606.ENSP00000418960	TISSUES	BTO:0000356	Breast cancer cell line
BRCA1	9606.ENSP00000418960	TISSUES	BTO:0000379	Embryo
BRCA1	9606.ENSP00000418960	TISSUES	BTO:0000416	Epithelium
BRCA1	9606.ENSP00000418960	TISSUES	BTO:0000426	Erythroleukemia cell
BRCA1	9606.ENSP00000418960	TISSUES	BTO:0000431	Excretory gland
BRCA1	9606.ENSP00000418960	TISSUES	BTO:0000522	Gland
BRCA1	9606.ENSP00000418960	TISSUES	BTO:0000534	Gonad
BRCA1	9606.ENSP00000418960	TISSUES	BTO:0000580	Blood cancer cell
BRCA1	9606.ENSP00000418960	TISSUES	BTO:0000583	Bone marrow cancer cell
BRCA1	9606.ENSP00000418960	TISSUES	BTO:0000634	Integument
BRCA1	9606.ENSP00000418960	TISSUES	BTO:0000744	Lymphocytic leukemia cell
BRCA1	9606.ENSP00000418960	TISSUES	BTO:0000816	Breast cell line
BRCA1	9606.ENSP00000418960	TISSUES	BTO:0000817	Mammary gland
BRCA1	9606.ENSP00000418960	TISSUES	BTO:0000975	Ovary
BRCA1	9606.ENSP00000418960	TISSUES	BTO:0000980	Oviduct
BRCA1	9606.ENSP00000418960	TISSUES	BTO:0001028	Peripheral nervous system
BRCA1	9606.ENSP00000418960	TISSUES	BTO:0001271	Leukemia cell
BRCA1	9606.ENSP00000418960	TISSUES	BTO:0001363	Testis
BRCA1	9606.ENSP00000418960	TISSUES	BTO:0001368	Thorax
BRCA1	9606.ENSP00000418960	TISSUES	BTO:0001484	Nervous system
BRCA1	9606.ENSP00000418960	TISSUES	BTO:0001488	Endocrine gland
BRCA1	9606.ENSP00000418960	TISSUES	BTO:0001489	Whole body
BRCA1	9606.ENSP00000418960	TISSUES	BTO:0001493	Trunk
BRCA1	9606.ENSP00000418960	TISSUES	BTO:0001541	Pronephros
BRCA1	9606.ENSP00000418960	TISSUES	BTO:0001546	Chronic lymphocytic leukemia cell
BRCA1	9606.ENSP00000418960	TISSUES	BTO:0001568	MDA-MB-436 cell
BRCA1	9606.ENSP00000418960	TISSUES	BTO:0002402	Oviduct epithelium
BRCA1	9606.ENSP00000418960	TISSUES	BTO:0003091	Urogenital system
BRCA1	9606.ENSP00000418960	TISSUES	BTO:0003096	Internal male genital organ
BRCA1	9606.ENSP00000418960	TISSUES	BTO:0003099	Internal female genital organ
BRCA1	9606.ENSP00000418960	TISSUES	BTO:0003323	HCC-1937 cell
BRCA1	9606.ENSP00000418960	TISSUES	BTO:0003568	Mammary gland cell line
BRCA1	9606.ENSP00000418960	TISSUES	BTO:0003661	Ovary epithelium
BRCA1	9606.ENSP00000418960	TISSUES	BTO:0004086	Mammary gland tumor cell line
BRCA1	9606.ENSP00000418960	TISSUES	BTO:0004483	Ovarian surface epithelium
BRCA1	9606.ENSP00000418960	TISSUES	BTO:0005932	SUM cell
BRCA1	9606.ENSP00000418960	TISSUES	BTO:0005933	SUM-1315MO2 cell
BRCA1	9606.ENSP00000418960	TISSUES	BTO:0006254	UWB1.289+BRCA1 cell
BRCA1	9606.ENSP00000418960	COMPARTMENTS	GOCC:0000151	Ubiquitin ligase complex
BRCA1	9606.ENSP00000418960	COMPARTMENTS	GOCC:0000152	Nuclear ubiquitin ligase complex
BRCA1	9606.ENSP00000418960	COMPARTMENTS	GOCC:0000228	Nuclear chromosome
BRCA1	9606.ENSP00000418960	COMPARTMENTS	GOCC:0000793	Condensed chromosome
BRCA1	9606.ENSP00000418960	COMPARTMENTS	GOCC:0000794	Condensed nuclear chromosome
BRCA1	9606.ENSP00000418960	COMPARTMENTS	GOCC:0000795	Synaptonemal complex
BRCA1	9606.ENSP00000418960	COMPARTMENTS	GOCC:0000800	Lateral element
BRCA1	9606.ENSP00000418960	COMPARTMENTS	GOCC:0000930	Gamma-tubulin complex
BRCA1	9606.ENSP00000418960	COMPARTMENTS	GOCC:0000931	Gamma-tubulin large complex
BRCA1	9606.ENSP00000418960	COMPARTMENTS	GOCC:0005622	Intracellular
BRCA1	9606.ENSP00000418960	COMPARTMENTS	GOCC:0005634	Nucleus
BRCA1	9606.ENSP00000418960	COMPARTMENTS	GOCC:0005654	Nucleoplasm
BRCA1	9606.ENSP00000418960	COMPARTMENTS	GOCC:0005694	Chromosome
BRCA1	9606.ENSP00000418960	COMPARTMENTS	GOCC:0005737	Cytoplasm
BRCA1	9606.ENSP00000418960	COMPARTMENTS	GOCC:0005815	Microtubule organizing center
BRCA1	9606.ENSP00000418960	COMPARTMENTS	GOCC:0005856	Cytoskeleton
BRCA1	9606.ENSP00000418960	COMPARTMENTS	GOCC:0005886	Plasma membrane
BRCA1	9606.ENSP00000418960	COMPARTMENTS	GOCC:0015630	Microtubule cytoskeleton
BRCA1	9606.ENSP00000418960	COMPARTMENTS	GOCC:0016020	Membrane
BRCA1	9606.ENSP00000418960	COMPARTMENTS	GOCC:0016604	Nuclear body
BRCA1	9606.ENSP00000418960	COMPARTMENTS	GOCC:0030870	Mre11 complex
BRCA1	9606.ENSP00000418960	COMPARTMENTS	GOCC:0031436	BRCA1-BARD1 complex
BRCA1	9606.ENSP00000418960	COMPARTMENTS	GOCC:0031974	Membrane-enclosed lumen
BRCA1	9606.ENSP00000418960	COMPARTMENTS	GOCC:0031981	Nuclear lumen
BRCA1	9606.ENSP00000418960	COMPARTMENTS	GOCC:0032991	Protein-containing complex
BRCA1	9606.ENSP00000418960	COMPARTMENTS	GOCC:0043226	Organelle
BRCA1	9606.ENSP00000418960	COMPARTMENTS	GOCC:0043227	Membrane-bounded organelle
BRCA1	9606.ENSP00000418960	COMPARTMENTS	GOCC:0043228	Non-membrane-bounded organelle
BRCA1	9606.ENSP00000418960	COMPARTMENTS	GOCC:0043229	Intracellular organelle
BRCA1	9606.ENSP00000418960	COMPARTMENTS	GOCC:0043231	Intracellular membrane-bounded organelle
BRCA1	9606.ENSP00000418960	COMPARTMENTS	GOCC:0043232	Intracellular non-membrane-bounded organelle
BRCA1	9606.ENSP00000418960	COMPARTMENTS	GOCC:0043233	Organelle lumen
BRCA1	9606.ENSP00000418960	COMPARTMENTS	GOCC:0070013	Intracellular organelle lumen
BRCA1	9606.ENSP00000418960	COMPARTMENTS	GOCC:0070419	Nonhomologous end joining complex
BRCA1	9606.ENSP00000418960	COMPARTMENTS	GOCC:0070531	BRCA1-A complex
BRCA1	9606.ENSP00000418960	COMPARTMENTS	GOCC:0070532	BRCA1-B complex
BRCA1	9606.ENSP00000418960	COMPARTMENTS	GOCC:0070533	BRCA1-C complex
BRCA1	9606.ENSP00000418960	COMPARTMENTS	GOCC:0070767	BRCA1-Rad51 complex
BRCA1	9606.ENSP00000418960	COMPARTMENTS	GOCC:0071944	Cell periphery
BRCA1	9606.ENSP00000418960	COMPARTMENTS	GOCC:0099086	Synaptonemal structure
BRCA1	9606.ENSP00000418960	COMPARTMENTS	GOCC:0110165	Cellular anatomical entity
BRCA1	9606.ENSP00000418960	COMPARTMENTS	GOCC:1902494	Catalytic complex
BRCA1	9606.ENSP00000418960	COMPARTMENTS	GOCC:1990234	Transferase complex
BRCA1	9606.ENSP00000418960	COMPARTMENTS	GOCC:1990391	DNA repair complex
BRCA1	9606.ENSP00000418960	COMPARTMENTS	GOCC:1990904	Ribonucleoprotein complex
BRCA1	9606.ENSP00000418960	Monarch	EFO:0000246	Age
BRCA1	9606.ENSP00000418960	Monarch	EFO:0000719	Temporal measurement
BRCA1	9606.ENSP00000418960	Monarch	EFO:0004272	Anemia (phenotype)
BRCA1	9606.ENSP00000418960	Monarch	EFO:0004302	Anthropometric measurement
BRCA1	9606.ENSP00000418960	Monarch	EFO:0004308	Leukocyte count
BRCA1	9606.ENSP00000418960	Monarch	EFO:0004324	Body weights and measures
BRCA1	9606.ENSP00000418960	Monarch	EFO:0004340	Body mass index
BRCA1	9606.ENSP00000418960	Monarch	EFO:0004503	Hematological measurement
BRCA1	9606.ENSP00000418960	Monarch	EFO:0004582	Liver enzyme measurement
BRCA1	9606.ENSP00000418960	Monarch	EFO:0004586	Complete blood cell count
BRCA1	9606.ENSP00000418960	Monarch	EFO:0004703	Age at menarche
BRCA1	9606.ENSP00000418960	Monarch	EFO:0004704	Age at menopause
BRCA1	9606.ENSP00000418960	Monarch	EFO:0004736	Aspartate aminotransferase measurement
BRCA1	9606.ENSP00000418960	Monarch	EFO:0004747	Protein measurement
BRCA1	9606.ENSP00000418960	Monarch	EFO:0004842	Eosinophil count
BRCA1	9606.ENSP00000418960	Monarch	EFO:0005091	Monocyte count
BRCA1	9606.ENSP00000418960	Monarch	EFO:0007987	Granulocyte count
BRCA1	9606.ENSP00000418960	Monarch	EFO:0007988	Myeloid white cell count
BRCA1	9606.ENSP00000418960	Monarch	EFO:0007989	Monocyte percentage of leukocytes
BRCA1	9606.ENSP00000418960	Monarch	HP:0000002	Abnormality of body height
BRCA1	9606.ENSP00000418960	Monarch	HP:0000008	Abnormal morphology of female internal genitalia
BRCA1	9606.ENSP00000418960	Monarch	HP:0000010	Recurrent urinary tract infections
BRCA1	9606.ENSP00000418960	Monarch	HP:0000022	Abnormal male internal genitalia morphology
BRCA1	9606.ENSP00000418960	Monarch	HP:0000025	Functional abnormality of male internal genitalia
BRCA1	9606.ENSP00000418960	Monarch	HP:0000027	Azoospermia
BRCA1	9606.ENSP00000418960	Monarch	HP:0000028	Cryptorchidism
BRCA1	9606.ENSP00000418960	Monarch	HP:0000032	Abnormality of male external genitalia
BRCA1	9606.ENSP00000418960	Monarch	HP:0000035	Abnormal testis morphology
BRCA1	9606.ENSP00000418960	Monarch	HP:0000036	Abnormal penis morphology
BRCA1	9606.ENSP00000418960	Monarch	HP:0000047	Hypospadias
BRCA1	9606.ENSP00000418960	Monarch	HP:0000069	Abnormality of the ureter
BRCA1	9606.ENSP00000418960	Monarch	HP:0000072	Hydroureter
BRCA1	9606.ENSP00000418960	Monarch	HP:0000077	Abnormality of the kidney
BRCA1	9606.ENSP00000418960	Monarch	HP:0000078	Abnormality of the genital system
BRCA1	9606.ENSP00000418960	Monarch	HP:0000079	Abnormality of the urinary system
BRCA1	9606.ENSP00000418960	Monarch	HP:0000080	Abnormality of reproductive system physiology
BRCA1	9606.ENSP00000418960	Monarch	HP:0000083	Renal insufficiency
BRCA1	9606.ENSP00000418960	Monarch	HP:0000118	Phenotypic abnormality
BRCA1	9606.ENSP00000418960	Monarch	HP:0000119	Abnormality of the genitourinary system
BRCA1	9606.ENSP00000418960	Monarch	HP:0000130	Abnormality of the uterus
BRCA1	9606.ENSP00000418960	Monarch	HP:0000135	Hypogonadism
BRCA1	9606.ENSP00000418960	Monarch	HP:0000137	Abnormality of the ovary
BRCA1	9606.ENSP00000418960	Monarch	HP:0000144	Decreased fertility
BRCA1	9606.ENSP00000418960	Monarch	HP:0000152	Abnormality of head or neck
BRCA1	9606.ENSP00000418960	Monarch	HP:0000153	Abnormality of the mouth
BRCA1	9606.ENSP00000418960	Monarch	HP:0000159	Abnormal lip morphology
BRCA1	9606.ENSP00000418960	Monarch	HP:0000163	Abnormal oral cavity morphology
BRCA1	9606.ENSP00000418960	Monarch	HP:0000164	Abnormality of the dentition
BRCA1	9606.ENSP00000418960	Monarch	HP:0000172	Abnormal uvula morphology
BRCA1	9606.ENSP00000418960	Monarch	HP:0000174	Abnormal palate morphology
BRCA1	9606.ENSP00000418960	Monarch	HP:0000175	Cleft palate
BRCA1	9606.ENSP00000418960	Monarch	HP:0000177	Abnormal upper lip morphology
BRCA1	9606.ENSP00000418960	Monarch	HP:0000189	Narrow palate
BRCA1	9606.ENSP00000418960	Monarch	HP:0000202	Oral cleft
BRCA1	9606.ENSP00000418960	Monarch	HP:0000215	Thick upper lip vermilion
BRCA1	9606.ENSP00000418960	Monarch	HP:0000218	High palate
BRCA1	9606.ENSP00000418960	Monarch	HP:0000234	Abnormality of the head
BRCA1	9606.ENSP00000418960	Monarch	HP:0000238	Hydrocephalus
BRCA1	9606.ENSP00000418960	Monarch	HP:0000240	Abnormality of skull size
BRCA1	9606.ENSP00000418960	Monarch	HP:0000252	Microcephaly
BRCA1	9606.ENSP00000418960	Monarch	HP:0000268	Dolichocephaly
BRCA1	9606.ENSP00000418960	Monarch	HP:0000271	Abnormality of the face
BRCA1	9606.ENSP00000418960	Monarch	HP:0000277	Abnormal mandible morphology
BRCA1	9606.ENSP00000418960	Monarch	HP:0000280	Coarse facial features
BRCA1	9606.ENSP00000418960	Monarch	HP:0000286	Epicanthus
BRCA1	9606.ENSP00000418960	Monarch	HP:0000290	Abnormality of the forehead
BRCA1	9606.ENSP00000418960	Monarch	HP:0000294	Low anterior hairline
BRCA1	9606.ENSP00000418960	Monarch	HP:0000315	Abnormality of the orbital region
BRCA1	9606.ENSP00000418960	Monarch	HP:0000316	Hypertelorism
BRCA1	9606.ENSP00000418960	Monarch	HP:0000324	Facial asymmetry
BRCA1	9606.ENSP00000418960	Monarch	HP:0000340	Sloping forehead
BRCA1	9606.ENSP00000418960	Monarch	HP:0000347	Micrognathia
BRCA1	9606.ENSP00000418960	Monarch	HP:0000356	Abnormality of the outer ear
BRCA1	9606.ENSP00000418960	Monarch	HP:0000364	Hearing abnormality
BRCA1	9606.ENSP00000418960	Monarch	HP:0000365	Hearing impairment
BRCA1	9606.ENSP00000418960	Monarch	HP:0000366	Abnormality of the nose
BRCA1	9606.ENSP00000418960	Monarch	HP:0000377	Abnormal pinna morphology
BRCA1	9606.ENSP00000418960	Monarch	HP:0000415	Abnormality of the choanae
BRCA1	9606.ENSP00000418960	Monarch	HP:0000422	Abnormal nasal bridge morphology
BRCA1	9606.ENSP00000418960	Monarch	HP:0000426	Prominent nasal bridge
BRCA1	9606.ENSP00000418960	Monarch	HP:0000429	Abnormal morphology of the nasal alae
BRCA1	9606.ENSP00000418960	Monarch	HP:0000453	Choanal atresia
BRCA1	9606.ENSP00000418960	Monarch	HP:0000463	Anteverted nares
BRCA1	9606.ENSP00000418960	Monarch	HP:0000478	Abnormality of the eye
BRCA1	9606.ENSP00000418960	Monarch	HP:0000481	Abnormal cornea morphology
BRCA1	9606.ENSP00000418960	Monarch	HP:0000483	Astigmatism
BRCA1	9606.ENSP00000418960	Monarch	HP:0000486	Strabismus
BRCA1	9606.ENSP00000418960	Monarch	HP:0000492	Abnormal eyelid morphology
BRCA1	9606.ENSP00000418960	Monarch	HP:0000496	Abnormality of eye movement
BRCA1	9606.ENSP00000418960	Monarch	HP:0000499	Abnormal eyelash morphology
BRCA1	9606.ENSP00000418960	Monarch	HP:0000504	Abnormality of vision
BRCA1	9606.ENSP00000418960	Monarch	HP:0000505	Visual impairment
BRCA1	9606.ENSP00000418960	Monarch	HP:0000508	Ptosis
BRCA1	9606.ENSP00000418960	Monarch	HP:0000517	Abnormal lens morphology
BRCA1	9606.ENSP00000418960	Monarch	HP:0000518	Cataract
BRCA1	9606.ENSP00000418960	Monarch	HP:0000520	Proptosis
BRCA1	9606.ENSP00000418960	Monarch	HP:0000525	Abnormality iris morphology
BRCA1	9606.ENSP00000418960	Monarch	HP:0000527	Long eyelashes
BRCA1	9606.ENSP00000418960	Monarch	HP:0000539	Abnormality of refraction
BRCA1	9606.ENSP00000418960	Monarch	HP:0000549	Abnormal conjugate eye movement
BRCA1	9606.ENSP00000418960	Monarch	HP:0000553	Abnormal uvea morphology
BRCA1	9606.ENSP00000418960	Monarch	HP:0000568	Microphthalmia
BRCA1	9606.ENSP00000418960	Monarch	HP:0000581	Blepharophimosis
BRCA1	9606.ENSP00000418960	Monarch	HP:0000582	Upslanted palpebral fissure
BRCA1	9606.ENSP00000418960	Monarch	HP:0000598	Abnormality of the ear
BRCA1	9606.ENSP00000418960	Monarch	HP:0000599	Abnormality of the frontal hairline
BRCA1	9606.ENSP00000418960	Monarch	HP:0000639	Nystagmus
BRCA1	9606.ENSP00000418960	Monarch	HP:0000689	Dental malocclusion
BRCA1	9606.ENSP00000418960	Monarch	HP:0000692	Tooth malposition
BRCA1	9606.ENSP00000418960	Monarch	HP:0000707	Abnormality of the nervous system
BRCA1	9606.ENSP00000418960	Monarch	HP:0000750	Delayed speech and language development
BRCA1	9606.ENSP00000418960	Monarch	HP:0000769	Abnormality of the breast
BRCA1	9606.ENSP00000418960	Monarch	HP:0000795	Abnormality of the urethra
BRCA1	9606.ENSP00000418960	Monarch	HP:0000811	Abnormal external genitalia
BRCA1	9606.ENSP00000418960	Monarch	HP:0000812	Abnormal internal genitalia
BRCA1	9606.ENSP00000418960	Monarch	HP:0000813	Bicornuate uterus
BRCA1	9606.ENSP00000418960	Monarch	HP:0000818	Abnormality of the endocrine system
BRCA1	9606.ENSP00000418960	Monarch	HP:0000864	Abnormality of the hypothalamus-pituitary axis
BRCA1	9606.ENSP00000418960	Monarch	HP:0000924	Abnormality of the skeletal system
BRCA1	9606.ENSP00000418960	Monarch	HP:0000925	Abnormality of the vertebral column
BRCA1	9606.ENSP00000418960	Monarch	HP:0000929	Abnormal skull morphology
BRCA1	9606.ENSP00000418960	Monarch	HP:0000951	Abnormality of the skin
BRCA1	9606.ENSP00000418960	Monarch	HP:0000953	Hyperpigmentation of the skin
BRCA1	9606.ENSP00000418960	Monarch	HP:0000957	Cafe-au-lait spot
BRCA1	9606.ENSP00000418960	Monarch	HP:0001000	Abnormality of skin pigmentation
BRCA1	9606.ENSP00000418960	Monarch	HP:0001010	Hypopigmentation of the skin
BRCA1	9606.ENSP00000418960	Monarch	HP:0001034	Hypermelanotic macule
BRCA1	9606.ENSP00000418960	Monarch	HP:0001053	Hypopigmented skin patches
BRCA1	9606.ENSP00000418960	Monarch	HP:0001155	Abnormality of the hand
BRCA1	9606.ENSP00000418960	Monarch	HP:0001159	Syndactyly
BRCA1	9606.ENSP00000418960	Monarch	HP:0001167	Abnormality of finger
BRCA1	9606.ENSP00000418960	Monarch	HP:0001172	Abnormal thumb morphology
BRCA1	9606.ENSP00000418960	Monarch	HP:0001197	Abnormality of prenatal development or birth
BRCA1	9606.ENSP00000418960	Monarch	HP:0001199	Triphalangeal thumb
BRCA1	9606.ENSP00000418960	Monarch	HP:0001217	Clubbing
BRCA1	9606.ENSP00000418960	Monarch	HP:0001249	Intellectual disability
BRCA1	9606.ENSP00000418960	Monarch	HP:0001263	Global developmental delay
BRCA1	9606.ENSP00000418960	Monarch	HP:0001347	Hyperreflexia
BRCA1	9606.ENSP00000418960	Monarch	HP:0001367	Abnormal joint morphology
BRCA1	9606.ENSP00000418960	Monarch	HP:0001373	Joint dislocation
BRCA1	9606.ENSP00000418960	Monarch	HP:0001384	Abnormal hip joint morphology
BRCA1	9606.ENSP00000418960	Monarch	HP:0001392	Abnormality of the liver
BRCA1	9606.ENSP00000418960	Monarch	HP:0001507	Growth abnormality
BRCA1	9606.ENSP00000418960	Monarch	HP:0001508	Failure to thrive
BRCA1	9606.ENSP00000418960	Monarch	HP:0001510	Growth delay
BRCA1	9606.ENSP00000418960	Monarch	HP:0001511	Intrauterine growth retardation
BRCA1	9606.ENSP00000418960	Monarch	HP:0001537	Umbilical hernia
BRCA1	9606.ENSP00000418960	Monarch	HP:0001549	Abnormal ileum morphology
BRCA1	9606.ENSP00000418960	Monarch	HP:0001551	Abnormal umbilicus morphology
BRCA1	9606.ENSP00000418960	Monarch	HP:0001560	Abnormality of the amniotic fluid
BRCA1	9606.ENSP00000418960	Monarch	HP:0001562	Oligohydramnios
BRCA1	9606.ENSP00000418960	Monarch	HP:0001572	Macrodontia
BRCA1	9606.ENSP00000418960	Monarch	HP:0001574	Abnormality of the integument
BRCA1	9606.ENSP00000418960	Monarch	HP:0001595	Abnormal hair morphology
BRCA1	9606.ENSP00000418960	Monarch	HP:0001626	Abnormality of the cardiovascular system
BRCA1	9606.ENSP00000418960	Monarch	HP:0001627	Abnormal heart morphology
BRCA1	9606.ENSP00000418960	Monarch	HP:0001631	Atrial septal defect
BRCA1	9606.ENSP00000418960	Monarch	HP:0001636	Tetralogy of Fallot
BRCA1	9606.ENSP00000418960	Monarch	HP:0001637	Abnormal myocardium morphology
BRCA1	9606.ENSP00000418960	Monarch	HP:0001638	Cardiomyopathy
BRCA1	9606.ENSP00000418960	Monarch	HP:0001639	Hypertrophic cardiomyopathy
BRCA1	9606.ENSP00000418960	Monarch	HP:0001643	Patent ductus arteriosus
BRCA1	9606.ENSP00000418960	Monarch	HP:0001646	Abnormal aortic valve morphology
BRCA1	9606.ENSP00000418960	Monarch	HP:0001654	Abnormal heart valve morphology
BRCA1	9606.ENSP00000418960	Monarch	HP:0001671	Abnormal cardiac septum morphology
BRCA1	9606.ENSP00000418960	Monarch	HP:0001679	Abnormal aortic morphology
BRCA1	9606.ENSP00000418960	Monarch	HP:0001710	Conotruncal defect
BRCA1	9606.ENSP00000418960	Monarch	HP:0001732	Abnormality of the pancreas
BRCA1	9606.ENSP00000418960	Monarch	HP:0001760	Abnormal foot morphology
BRCA1	9606.ENSP00000418960	Monarch	HP:0001763	Pes planus
BRCA1	9606.ENSP00000418960	Monarch	HP:0001770	Toe syndactyly
BRCA1	9606.ENSP00000418960	Monarch	HP:0001780	Abnormality of toe
BRCA1	9606.ENSP00000418960	Monarch	HP:0001824	Weight loss
BRCA1	9606.ENSP00000418960	Monarch	HP:0001871	Abnormality of blood and blood-forming tissues
BRCA1	9606.ENSP00000418960	Monarch	HP:0001872	Abnormality of thrombocytes
BRCA1	9606.ENSP00000418960	Monarch	HP:0001873	Thrombocytopenia
BRCA1	9606.ENSP00000418960	Monarch	HP:0001877	Abnormal erythrocyte morphology
BRCA1	9606.ENSP00000418960	Monarch	HP:0001881	Abnormal leukocyte morphology
BRCA1	9606.ENSP00000418960	Monarch	HP:0001882	Leukopenia
BRCA1	9606.ENSP00000418960	Monarch	HP:0001903	Anemia
BRCA1	9606.ENSP00000418960	Monarch	HP:0001924	Sideroblastic anemia
BRCA1	9606.ENSP00000418960	Monarch	HP:0001939	Abnormality of metabolism/homeostasis
BRCA1	9606.ENSP00000418960	Monarch	HP:0001965	Abnormal scalp morphology
BRCA1	9606.ENSP00000418960	Monarch	HP:0001999	Abnormal facial shape
BRCA1	9606.ENSP00000418960	Monarch	HP:0002007	Frontal bossing
BRCA1	9606.ENSP00000418960	Monarch	HP:0002011	Morphological central nervous system abnormality
BRCA1	9606.ENSP00000418960	Monarch	HP:0002012	Abnormality of the abdominal organs
BRCA1	9606.ENSP00000418960	Monarch	HP:0002023	Anal atresia
BRCA1	9606.ENSP00000418960	Monarch	HP:0002031	Abnormal esophagus morphology
BRCA1	9606.ENSP00000418960	Monarch	HP:0002060	Abnormal cerebral morphology
BRCA1	9606.ENSP00000418960	Monarch	HP:0002086	Abnormality of the respiratory system
BRCA1	9606.ENSP00000418960	Monarch	HP:0002118	Abnormal cerebral ventricle morphology
BRCA1	9606.ENSP00000418960	Monarch	HP:0002119	Ventriculomegaly
BRCA1	9606.ENSP00000418960	Monarch	HP:0002143	Abnormality of the spinal cord
BRCA1	9606.ENSP00000418960	Monarch	HP:0002167	Neurological speech impairment
BRCA1	9606.ENSP00000418960	Monarch	HP:0002242	Abnormal intestine morphology
BRCA1	9606.ENSP00000418960	Monarch	HP:0002244	Abnormality of the small intestine
BRCA1	9606.ENSP00000418960	Monarch	HP:0002245	Meckel diverticulum
BRCA1	9606.ENSP00000418960	Monarch	HP:0002246	Abnormal duodenum morphology
BRCA1	9606.ENSP00000418960	Monarch	HP:0002251	Aganglionic megacolon
BRCA1	9606.ENSP00000418960	Monarch	HP:0002270	Abnormality of the autonomic nervous system
BRCA1	9606.ENSP00000418960	Monarch	HP:0002414	Spina bifida
BRCA1	9606.ENSP00000418960	Monarch	HP:0002463	Language impairment
BRCA1	9606.ENSP00000418960	Monarch	HP:0002575	Tracheoesophageal fistula
BRCA1	9606.ENSP00000418960	Monarch	HP:0002597	Abnormality of the vasculature
BRCA1	9606.ENSP00000418960	Monarch	HP:0002644	Abnormal pelvic girdle bone morphology
BRCA1	9606.ENSP00000418960	Monarch	HP:0002650	Scoliosis
BRCA1	9606.ENSP00000418960	Monarch	HP:0002664	Neoplasm
BRCA1	9606.ENSP00000418960	Monarch	HP:0002683	Abnormal calvaria morphology
BRCA1	9606.ENSP00000418960	Monarch	HP:0002715	Abnormality of the immune system
BRCA1	9606.ENSP00000418960	Monarch	HP:0002719	Recurrent infections
BRCA1	9606.ENSP00000418960	Monarch	HP:0002778	Abnormal tracheal morphology
BRCA1	9606.ENSP00000418960	Monarch	HP:0002813	Abnormality of limb bone morphology
BRCA1	9606.ENSP00000418960	Monarch	HP:0002814	Abnormality of the lower limb
BRCA1	9606.ENSP00000418960	Monarch	HP:0002817	Abnormality of the upper limb
BRCA1	9606.ENSP00000418960	Monarch	HP:0002818	Abnormal morphology of the radius
BRCA1	9606.ENSP00000418960	Monarch	HP:0002823	Abnormality of femur morphology
BRCA1	9606.ENSP00000418960	Monarch	HP:0002827	Hip dislocation
BRCA1	9606.ENSP00000418960	Monarch	HP:0002861	Melanoma
BRCA1	9606.ENSP00000418960	Monarch	HP:0002863	Myelodysplasia
BRCA1	9606.ENSP00000418960	Monarch	HP:0002894	Neoplasm of the pancreas
BRCA1	9606.ENSP00000418960	Monarch	HP:0002921	Abnormal cerebrospinal fluid morphology
BRCA1	9606.ENSP00000418960	Monarch	HP:0002973	Abnormal forearm morphology
BRCA1	9606.ENSP00000418960	Monarch	HP:0002977	Aplasia/Hypoplasia involving the central nervous system
BRCA1	9606.ENSP00000418960	Monarch	HP:0002997	Obsolete Abnormality of the ulna
BRCA1	9606.ENSP00000418960	Monarch	HP:0003002	Breast carcinoma
BRCA1	9606.ENSP00000418960	Monarch	HP:0003022	Hypoplasia of the ulna
BRCA1	9606.ENSP00000418960	Monarch	HP:0003026	Short long bone
BRCA1	9606.ENSP00000418960	Monarch	HP:0003220	Abnormality of chromosome stability
BRCA1	9606.ENSP00000418960	Monarch	HP:0003272	Abnormal hip bone morphology
BRCA1	9606.ENSP00000418960	Monarch	HP:0003330	Abnormal bone structure
BRCA1	9606.ENSP00000418960	Monarch	HP:0003549	Abnormality of connective tissue
BRCA1	9606.ENSP00000418960	Monarch	HP:0004097	Deviation of finger
BRCA1	9606.ENSP00000418960	Monarch	HP:0004207	Abnormal 5th finger morphology
BRCA1	9606.ENSP00000418960	Monarch	HP:0004209	Clinodactyly of the 5th finger
BRCA1	9606.ENSP00000418960	Monarch	HP:0004298	Abnormality of the abdominal wall
BRCA1	9606.ENSP00000418960	Monarch	HP:0004299	Hernia of the abdominal wall
BRCA1	9606.ENSP00000418960	Monarch	HP:0004322	Short stature
BRCA1	9606.ENSP00000418960	Monarch	HP:0004323	Abnormality of body weight
BRCA1	9606.ENSP00000418960	Monarch	HP:0004325	Decreased body weight
BRCA1	9606.ENSP00000418960	Monarch	HP:0004328	Abnormal anterior eye segment morphology
BRCA1	9606.ENSP00000418960	Monarch	HP:0004348	Abnormality of bone mineral density
BRCA1	9606.ENSP00000418960	Monarch	HP:0004349	Reduced bone mineral density
BRCA1	9606.ENSP00000418960	Monarch	HP:0004362	Abnormality of enteric ganglion morphology
BRCA1	9606.ENSP00000418960	Monarch	HP:0004377	Hematological neoplasm
BRCA1	9606.ENSP00000418960	Monarch	HP:0004378	Abnormality of the anus
BRCA1	9606.ENSP00000418960	Monarch	HP:0005105	Abnormal nasal morphology
BRCA1	9606.ENSP00000418960	Monarch	HP:0005120	Abnormal cardiac atrium morphology
BRCA1	9606.ENSP00000418960	Monarch	HP:0005262	Abnormality of the synovia
BRCA1	9606.ENSP00000418960	Monarch	HP:0005288	Abnormal nostril morphology
BRCA1	9606.ENSP00000418960	Monarch	HP:0005344	Abnormal carotid artery morphology
BRCA1	9606.ENSP00000418960	Monarch	HP:0005522	Pyridoxine-responsive sideroblastic anemia
BRCA1	9606.ENSP00000418960	Monarch	HP:0005607	Abnormal tracheobronchial morphology
BRCA1	9606.ENSP00000418960	Monarch	HP:0005922	Abnormal hand morphology
BRCA1	9606.ENSP00000418960	Monarch	HP:0005927	Aplasia/hypoplasia involving bones of the hand
BRCA1	9606.ENSP00000418960	Monarch	HP:0006101	Finger syndactyly
BRCA1	9606.ENSP00000418960	Monarch	HP:0006265	Aplasia/Hypoplasia of fingers
BRCA1	9606.ENSP00000418960	Monarch	HP:0006482	Abnormality of dental morphology
BRCA1	9606.ENSP00000418960	Monarch	HP:0006495	Aplasia/Hypoplasia of the ulna
BRCA1	9606.ENSP00000418960	Monarch	HP:0006496	Aplasia/hypoplasia involving bones of the upper limbs
BRCA1	9606.ENSP00000418960	Monarch	HP:0006501	Aplasia/Hypoplasia of the radius
BRCA1	9606.ENSP00000418960	Monarch	HP:0006503	Aplasia/hypoplasia involving forearm bones
BRCA1	9606.ENSP00000418960	Monarch	HP:0006824	Cranial nerve paralysis
BRCA1	9606.ENSP00000418960	Monarch	HP:0007364	Aplasia/Hypoplasia of the cerebrum
BRCA1	9606.ENSP00000418960	Monarch	HP:0007378	Neoplasm of the gastrointestinal tract
BRCA1	9606.ENSP00000418960	Monarch	HP:0007379	Neoplasm of the genitourinary tract
BRCA1	9606.ENSP00000418960	Monarch	HP:0007400	Irregular hyperpigmentation
BRCA1	9606.ENSP00000418960	Monarch	HP:0007565	Multiple cafe-au-lait spots
BRCA1	9606.ENSP00000418960	Monarch	HP:0007700	Ocular anterior segment dysgenesis
BRCA1	9606.ENSP00000418960	Monarch	HP:0007874	Almond-shaped palpebral fissure
BRCA1	9606.ENSP00000418960	Monarch	HP:0008050	Abnormality of the palpebral fissures
BRCA1	9606.ENSP00000418960	Monarch	HP:0008053	Aplasia/Hypoplasia of the iris
BRCA1	9606.ENSP00000418960	Monarch	HP:0008055	Aplasia/Hypoplasia affecting the uvea
BRCA1	9606.ENSP00000418960	Monarch	HP:0008056	Aplasia/Hypoplasia affecting the eye
BRCA1	9606.ENSP00000418960	Monarch	HP:0008062	Aplasia/Hypoplasia affecting the anterior segment of the eye
BRCA1	9606.ENSP00000418960	Monarch	HP:0008070	Sparse hair
BRCA1	9606.ENSP00000418960	Monarch	HP:0008373	Puberty and gonadal disorders
BRCA1	9606.ENSP00000418960	Monarch	HP:0008572	External ear malformation
BRCA1	9606.ENSP00000418960	Monarch	HP:0008669	Abnormal spermatogenesis
BRCA1	9606.ENSP00000418960	Monarch	HP:0008678	Renal hypoplasia/aplasia
BRCA1	9606.ENSP00000418960	Monarch	HP:0008775	Abnormal prostate morphology
BRCA1	9606.ENSP00000418960	Monarch	HP:0009115	Aplasia/hypoplasia involving the skeleton
BRCA1	9606.ENSP00000418960	Monarch	HP:0009116	Aplasia/Hypoplasia involving bones of the skull
BRCA1	9606.ENSP00000418960	Monarch	HP:0009118	Aplasia/Hypoplasia of the mandible
BRCA1	9606.ENSP00000418960	Monarch	HP:0009121	Abnormal axial skeleton morphology
BRCA1	9606.ENSP00000418960	Monarch	HP:0009122	Aplasia/hypoplasia affecting bones of the axial skeleton
BRCA1	9606.ENSP00000418960	Monarch	HP:0009179	Deviation of the 5th finger
BRCA1	9606.ENSP00000418960	Monarch	HP:0009484	Deviation of the hand or of fingers of the hand
BRCA1	9606.ENSP00000418960	Monarch	HP:0009553	Abnormality of the hairline
BRCA1	9606.ENSP00000418960	Monarch	HP:0009602	Abnormality of thumb phalanx
BRCA1	9606.ENSP00000418960	Monarch	HP:0009603	Deviation of the thumb
BRCA1	9606.ENSP00000418960	Monarch	HP:0009623	Proximal placement of thumb
BRCA1	9606.ENSP00000418960	Monarch	HP:0009815	Aplasia/hypoplasia of the extremities
BRCA1	9606.ENSP00000418960	Monarch	HP:0009821	Forearm undergrowth
BRCA1	9606.ENSP00000418960	Monarch	HP:0009824	Upper limb undergrowth
BRCA1	9606.ENSP00000418960	Monarch	HP:0009826	Limb undergrowth
BRCA1	9606.ENSP00000418960	Monarch	HP:0010161	Abnormality of the phalanges of the toes
BRCA1	9606.ENSP00000418960	Monarch	HP:0010293	Aplasia/Hypoplasia of the uvula
BRCA1	9606.ENSP00000418960	Monarch	HP:0010301	Spinal dysraphism
BRCA1	9606.ENSP00000418960	Monarch	HP:0010460	Abnormality of the female genitalia
BRCA1	9606.ENSP00000418960	Monarch	HP:0010461	Abnormality of the male genitalia
BRCA1	9606.ENSP00000418960	Monarch	HP:0010468	Aplasia/Hypoplasia of the testes
BRCA1	9606.ENSP00000418960	Monarch	HP:0010469	Absent testis
BRCA1	9606.ENSP00000418960	Monarch	HP:0010674	Abnormality of the curvature of the vertebral column
BRCA1	9606.ENSP00000418960	Monarch	HP:0010720	Abnormal hair pattern
BRCA1	9606.ENSP00000418960	Monarch	HP:0010785	Gonadal neoplasm
BRCA1	9606.ENSP00000418960	Monarch	HP:0010787	Genital neoplasm
BRCA1	9606.ENSP00000418960	Monarch	HP:0010866	Abdominal wall defect
BRCA1	9606.ENSP00000418960	Monarch	HP:0010935	Abnormality of the upper urinary tract
BRCA1	9606.ENSP00000418960	Monarch	HP:0010936	Abnormality of the lower urinary tract
BRCA1	9606.ENSP00000418960	Monarch	HP:0010938	Abnormal external nose morphology
BRCA1	9606.ENSP00000418960	Monarch	HP:0010972	Anemia of inadequate production
BRCA1	9606.ENSP00000418960	Monarch	HP:0010978	Abnormality of immune system physiology
BRCA1	9606.ENSP00000418960	Monarch	HP:0010987	Abnormal cellular immune system morphology
BRCA1	9606.ENSP00000418960	Monarch	HP:0011004	Abnormal systemic arterial morphology
BRCA1	9606.ENSP00000418960	Monarch	HP:0011017	Abnormal cellular physiology
BRCA1	9606.ENSP00000418960	Monarch	HP:0011024	Abnormality of the gastrointestinal tract
BRCA1	9606.ENSP00000418960	Monarch	HP:0011027	Abnormal fallopian tube morphology
BRCA1	9606.ENSP00000418960	Monarch	HP:0011121	Abnormality of skin morphology
BRCA1	9606.ENSP00000418960	Monarch	HP:0011138	Abnormality of skin adnexa morphology
BRCA1	9606.ENSP00000418960	Monarch	HP:0011218	Abnormal shape of the frontal region
BRCA1	9606.ENSP00000418960	Monarch	HP:0011277	Abnormality of the urinary system physiology
BRCA1	9606.ENSP00000418960	Monarch	HP:0011297	Abnormal digit morphology
BRCA1	9606.ENSP00000418960	Monarch	HP:0011314	Abnormal long bone morphology
BRCA1	9606.ENSP00000418960	Monarch	HP:0011339	Abnormality of upper lip vermillion
BRCA1	9606.ENSP00000418960	Monarch	HP:0011355	Localized skin lesion
BRCA1	9606.ENSP00000418960	Monarch	HP:0011361	Congenital abnormal hair pattern
BRCA1	9606.ENSP00000418960	Monarch	HP:0011362	Abnormal hair quantity
BRCA1	9606.ENSP00000418960	Monarch	HP:0011446	Abnormality of higher mental function
BRCA1	9606.ENSP00000418960	Monarch	HP:0011545	Abnormal connection of the cardiac segments
BRCA1	9606.ENSP00000418960	Monarch	HP:0011563	Abnormal ventriculoarterial connection
BRCA1	9606.ENSP00000418960	Monarch	HP:0011603	Congenital malformation of the great arteries
BRCA1	9606.ENSP00000418960	Monarch	HP:0011792	Neoplasm by histology
BRCA1	9606.ENSP00000418960	Monarch	HP:0011793	Neoplasm by anatomical site
BRCA1	9606.ENSP00000418960	Monarch	HP:0011821	Abnormal facial skeleton morphology
BRCA1	9606.ENSP00000418960	Monarch	HP:0011842	Abnormal skeletal morphology
BRCA1	9606.ENSP00000418960	Monarch	HP:0011844	Abnormal appendicular skeleton morphology
BRCA1	9606.ENSP00000418960	Monarch	HP:0011849	Abnormal bone ossification
BRCA1	9606.ENSP00000418960	Monarch	HP:0011873	Abnormal platelet count
BRCA1	9606.ENSP00000418960	Monarch	HP:0011875	Abnormal platelet morphology
BRCA1	9606.ENSP00000418960	Monarch	HP:0011893	Abnormal leukocyte count
BRCA1	9606.ENSP00000418960	Monarch	HP:0011994	Abnormal atrial septum morphology
BRCA1	9606.ENSP00000418960	Monarch	HP:0012041	Decreased fertility in males
BRCA1	9606.ENSP00000418960	Monarch	HP:0012125	Prostate cancer
BRCA1	9606.ENSP00000418960	Monarch	HP:0012210	Abnormal renal morphology
BRCA1	9606.ENSP00000418960	Monarch	HP:0012211	Abnormal renal physiology
BRCA1	9606.ENSP00000418960	Monarch	HP:0012243	Abnormal reproductive system morphology
BRCA1	9606.ENSP00000418960	Monarch	HP:0012252	Abnormal respiratory system morphology
BRCA1	9606.ENSP00000418960	Monarch	HP:0012331	Abnormal autonomic nervous system morphology
BRCA1	9606.ENSP00000418960	Monarch	HP:0012372	Abnormal eye morphology
BRCA1	9606.ENSP00000418960	Monarch	HP:0012373	Abnormal eye physiology
BRCA1	9606.ENSP00000418960	Monarch	HP:0012443	Abnormality of brain morphology
BRCA1	9606.ENSP00000418960	Monarch	HP:0012471	Thick vermilion border
BRCA1	9606.ENSP00000418960	Monarch	HP:0012547	Abnormal involuntary eye movements
BRCA1	9606.ENSP00000418960	Monarch	HP:0012638	Abnormal nervous system physiology
BRCA1	9606.ENSP00000418960	Monarch	HP:0012639	Abnormal nervous system morphology
BRCA1	9606.ENSP00000418960	Monarch	HP:0012718	Morphological abnormality of the gastrointestinal tract
BRCA1	9606.ENSP00000418960	Monarch	HP:0012732	Anorectal anomaly
BRCA1	9606.ENSP00000418960	Monarch	HP:0012733	Macule
BRCA1	9606.ENSP00000418960	Monarch	HP:0012745	Short palpebral fissure
BRCA1	9606.ENSP00000418960	Monarch	HP:0012758	Neurodevelopmental delay
BRCA1	9606.ENSP00000418960	Monarch	HP:0012759	Neurodevelopmental abnormality
BRCA1	9606.ENSP00000418960	Monarch	HP:0012848	Small intestinal stenosis
BRCA1	9606.ENSP00000418960	Monarch	HP:0012874	Abnormal male reproductive system physiology
BRCA1	9606.ENSP00000418960	Monarch	HP:0025015	Abnormal vascular morphology
BRCA1	9606.ENSP00000418960	Monarch	HP:0025028	Abnormality of enteric nervous system morphology
BRCA1	9606.ENSP00000418960	Monarch	HP:0025031	Abnormality of the digestive system
BRCA1	9606.ENSP00000418960	Monarch	HP:0025033	Abnormality of digestive system morphology
BRCA1	9606.ENSP00000418960	Monarch	HP:0025354	Abnormal cellular phenotype
BRCA1	9606.ENSP00000418960	Monarch	HP:0025633	Abnormal ureter morphology
BRCA1	9606.ENSP00000418960	Monarch	HP:0030084	Clinodactyly
BRCA1	9606.ENSP00000418960	Monarch	HP:0030311	Lower extremity joint dislocation
BRCA1	9606.ENSP00000418960	Monarch	HP:0030406	Primary peritoneal carcinoma
BRCA1	9606.ENSP00000418960	Monarch	HP:0030669	Abnormal ocular adnexa morphology
BRCA1	9606.ENSP00000418960	Monarch	HP:0030680	Abnormality of cardiovascular system morphology
BRCA1	9606.ENSP00000418960	Monarch	HP:0030791	Abnormal jaw morphology
BRCA1	9606.ENSP00000418960	Monarch	HP:0030962	Abnormal morphology of the great vessels
BRCA1	9606.ENSP00000418960	Monarch	HP:0031093	Abnormal breast morphology
BRCA1	9606.ENSP00000418960	Monarch	HP:0031105	Abnormal uterus morphology
BRCA1	9606.ENSP00000418960	Monarch	HP:0031703	Abnormal ear morphology
BRCA1	9606.ENSP00000418960	Monarch	HP:0031704	Abnormal ear physiology
BRCA1	9606.ENSP00000418960	Monarch	HP:0031816	Abnormal oral morphology
BRCA1	9606.ENSP00000418960	Monarch	HP:0031826	Abnormal reflex
BRCA1	9606.ENSP00000418960	Monarch	HP:0031910	Abnormal cranial nerve physiology
BRCA1	9606.ENSP00000418960	Monarch	HP:0032039	Abnormality of the ocular adnexa
BRCA1	9606.ENSP00000418960	Monarch	HP:0032076	Abnormal male urethral meatus morphology
BRCA1	9606.ENSP00000418960	Monarch	HP:0032101	Unusual infection
BRCA1	9606.ENSP00000418960	Monarch	HP:0032251	Abnormal immune system morphology
BRCA1	9606.ENSP00000418960	Monarch	HP:0033019	Male reproductive system neoplasm
BRCA1	9606.ENSP00000418960	Monarch	HP:0033127	Abnormality of the musculoskeletal system
BRCA1	9606.ENSP00000418960	Monarch	HP:0033353	Abnormal blood vessel morphology
BRCA1	9606.ENSP00000418960	Monarch	HP:0040012	Chromosome breakage
BRCA1	9606.ENSP00000418960	Monarch	HP:0040019	Finger clinodactyly
BRCA1	9606.ENSP00000418960	Monarch	HP:0040064	Abnormality of limbs
BRCA1	9606.ENSP00000418960	Monarch	HP:0040068	Abnormality of limb bone
BRCA1	9606.ENSP00000418960	Monarch	HP:0040069	Abnormal lower limb bone morphology
BRCA1	9606.ENSP00000418960	Monarch	HP:0040070	Abnormal upper limb bone morphology
BRCA1	9606.ENSP00000418960	Monarch	HP:0040071	Abnormal morphology of ulna
BRCA1	9606.ENSP00000418960	Monarch	HP:0040072	Abnormal forearm bone morphology
BRCA1	9606.ENSP00000418960	Monarch	HP:0040195	Decreased head circumference
BRCA1	9606.ENSP00000418960	Monarch	HP:0045005	Neural tube defect
BRCA1	9606.ENSP00000418960	Monarch	HP:0045058	Abnormality of the testis size
BRCA1	9606.ENSP00000418960	Monarch	HP:0045060	Aplasia/hypoplasia involving bones of the extremities
BRCA1	9606.ENSP00000418960	Monarch	HP:0100013	Neoplasm of the breast
BRCA1	9606.ENSP00000418960	Monarch	HP:0100022	Abnormality of movement
BRCA1	9606.ENSP00000418960	Monarch	HP:0100026	Arteriovenous malformation
BRCA1	9606.ENSP00000418960	Monarch	HP:0100037	Abnormality of the scalp hair
BRCA1	9606.ENSP00000418960	Monarch	HP:0100491	Abnormality of lower limb joint
BRCA1	9606.ENSP00000418960	Monarch	HP:0100542	Abnormal localization of kidney
BRCA1	9606.ENSP00000418960	Monarch	HP:0100543	Cognitive impairment
BRCA1	9606.ENSP00000418960	Monarch	HP:0100547	Abnormal forebrain morphology
BRCA1	9606.ENSP00000418960	Monarch	HP:0100587	Abnormal preputium morphology
BRCA1	9606.ENSP00000418960	Monarch	HP:0100615	Ovarian neoplasm
BRCA1	9606.ENSP00000418960	Monarch	HP:0100627	Displacement of the urethral meatus
BRCA1	9606.ENSP00000418960	Monarch	HP:0100691	Abnormality of the curvature of the cornea
BRCA1	9606.ENSP00000418960	Monarch	HP:0100736	Abnormal soft palate morphology
BRCA1	9606.ENSP00000418960	Monarch	HP:0100760	Clubbing of toes
BRCA1	9606.ENSP00000418960	Monarch	HP:0100787	Prostate neoplasm
BRCA1	9606.ENSP00000418960	Monarch	HP:0100790	Hernia
BRCA1	9606.ENSP00000418960	Monarch	HP:0100867	Duodenal stenosis
BRCA1	9606.ENSP00000418960	Monarch	HP:0100886	Abnormality of globe location
BRCA1	9606.ENSP00000418960	Monarch	HP:0100887	Abnormality of globe size
BRCA1	9606.ENSP00000418960	Monarch	HP:0200005	Abnormal shape of the palpebral fissure
BRCA1	9606.ENSP00000418960	Monarch	HP:0200006	Slanting of the palpebral fissure
BRCA1	9606.ENSP00000418960	Monarch	HP:0200007	Abnormal size of the palpebral fissures
BRCA1	9606.ENSP00000418960	Monarch	HP:0410008	Abnormality of the peripheral nervous system
BRCA1	9606.ENSP00000418960	Monarch	HP:0410043	Abnormal neural tube morphology
BRCA1	9606.ENSP00000418960	Monarch	HP:0430000	Abnormal frontal bone morphology
BRCA1	9606.ENSP00000418960	UniProt Keywords	KW-0007	Acetylation
BRCA1	9606.ENSP00000418960	UniProt Keywords	KW-0010	Activator
BRCA1	9606.ENSP00000418960	UniProt Keywords	KW-0024	Alternative initiation
BRCA1	9606.ENSP00000418960	UniProt Keywords	KW-0025	Alternative splicing
BRCA1	9606.ENSP00000418960	UniProt Keywords	KW-0043	Tumor suppressor
BRCA1	9606.ENSP00000418960	UniProt Keywords	KW-0131	Cell cycle
BRCA1	9606.ENSP00000418960	UniProt Keywords	KW-0158	Chromosome
BRCA1	9606.ENSP00000418960	UniProt Keywords	KW-0227	DNA damage
BRCA1	9606.ENSP00000418960	UniProt Keywords	KW-0233	DNA recombination
BRCA1	9606.ENSP00000418960	UniProt Keywords	KW-0234	DNA repair
BRCA1	9606.ENSP00000418960	UniProt Keywords	KW-0238	DNA-binding
BRCA1	9606.ENSP00000418960	UniProt Keywords	KW-0275	Fatty acid biosynthesis
BRCA1	9606.ENSP00000418960	UniProt Keywords	KW-0276	Fatty acid metabolism
BRCA1	9606.ENSP00000418960	UniProt Keywords	KW-0443	Lipid metabolism
BRCA1	9606.ENSP00000418960	UniProt Keywords	KW-0444	Lipid biosynthesis
BRCA1	9606.ENSP00000418960	UniProt Keywords	KW-0479	Metal-binding
BRCA1	9606.ENSP00000418960	UniProt Keywords	KW-0539	Nucleus
BRCA1	9606.ENSP00000418960	UniProt Keywords	KW-0597	Phosphoprotein
BRCA1	9606.ENSP00000418960	UniProt Keywords	KW-0677	Repeat
BRCA1	9606.ENSP00000418960	UniProt Keywords	KW-0804	Transcription
BRCA1	9606.ENSP00000418960	UniProt Keywords	KW-0805	Transcription regulation
BRCA1	9606.ENSP00000418960	UniProt Keywords	KW-0808	Transferase
BRCA1	9606.ENSP00000418960	UniProt Keywords	KW-0832	Ubl conjugation
BRCA1	9606.ENSP00000418960	UniProt Keywords	KW-0833	Ubl conjugation pathway
BRCA1	9606.ENSP00000418960	UniProt Keywords	KW-0862	Zinc
BRCA1	9606.ENSP00000418960	UniProt Keywords	KW-0863	Zinc-finger
BRCA1	9606.ENSP00000418960	UniProt Keywords	KW-0923	Fanconi anemia
BRCA1	9606.ENSP00000418960	UniProt Keywords	KW-0963	Cytoplasm
BRCA1	9606.ENSP00000418960	UniProt Keywords	KW-1017	Isopeptide bond
BRCA1	9606.ENSP00000418960	Pfam	PF12820	Serine-rich domain associated with BRCT
BRCA1	9606.ENSP00000418960	InterPro	IPR001357	BRCT domain
BRCA1	9606.ENSP00000418960	InterPro	IPR001841	Zinc finger, RING-type
BRCA1	9606.ENSP00000418960	InterPro	IPR011364	Breast cancer type 1 susceptibility protein (BRCA1)
BRCA1	9606.ENSP00000418960	InterPro	IPR013083	Zinc finger, RING/FYVE/PHD-type
BRCA1	9606.ENSP00000418960	InterPro	IPR017907	Zinc finger, RING-type, conserved site
BRCA1	9606.ENSP00000418960	InterPro	IPR018957	Zinc finger, C3HC4 RING-type
BRCA1	9606.ENSP00000418960	InterPro	IPR025994	BRCA1, serine-rich domain
BRCA1	9606.ENSP00000418960	InterPro	IPR031099	BRCA1-associated
BRCA1	9606.ENSP00000418960	InterPro	IPR036420	BRCT domain superfamily
BRCA1	9606.ENSP00000418960	SMART	SM00184	Ring finger
BRCA1	9606.ENSP00000418960	SMART	SM00292	Breast cancer carboxy-terminal domain
H2AC18	9606.ENSP00000358155	GO Function	GO:0003676	Nucleic acid binding
H2AC18	9606.ENSP00000358155	GO Function	GO:0003677	DNA binding
H2AC18	9606.ENSP00000358155	GO Function	GO:0005198	Structural molecule activity
H2AC18	9606.ENSP00000358155	GO Function	GO:0005488	Binding
H2AC18	9606.ENSP00000358155	GO Function	GO:0005515	Protein binding
H2AC18	9606.ENSP00000358155	GO Function	GO:0030527	Structural constituent of chromatin
H2AC18	9606.ENSP00000358155	GO Function	GO:0046982	Protein heterodimerization activity
H2AC18	9606.ENSP00000358155	GO Function	GO:0046983	Protein dimerization activity
H2AC18	9606.ENSP00000358155	GO Function	GO:0097159	Organic cyclic compound binding
H2AC18	9606.ENSP00000358155	GO Function	GO:1901363	Heterocyclic compound binding
H2AC18	9606.ENSP00000358155	GO Component	GO:0000785	Chromatin
H2AC18	9606.ENSP00000358155	GO Component	GO:0000786	Nucleosome
H2AC18	9606.ENSP00000358155	GO Component	GO:0005576	Extracellular region
H2AC18	9606.ENSP00000358155	GO Component	GO:0005615	Extracellular space
H2AC18	9606.ENSP00000358155	GO Component	GO:0005622	Intracellular anatomical structure
H2AC18	9606.ENSP00000358155	GO Component	GO:0005634	Nucleus
H2AC18	9606.ENSP00000358155	GO Component	GO:0005694	Chromosome
H2AC18	9606.ENSP00000358155	GO Component	GO:0031982	Vesicle
H2AC18	9606.ENSP00000358155	GO Component	GO:0032991	Protein-containing complex
H2AC18	9606.ENSP00000358155	GO Component	GO:0032993	protein-DNA complex
H2AC18	9606.ENSP00000358155	GO Component	GO:0043226	Organelle
H2AC18	9606.ENSP00000358155	GO Component	GO:0043227	Membrane-bounded organelle
H2AC18	9606.ENSP00000358155	GO Component	GO:0043228	Non-membrane-bounded organelle
H2AC18	9606.ENSP00000358155	GO Component	GO:0043229	Intracellular organelle
H2AC18	9606.ENSP00000358155	GO Component	GO:0043230	Extracellular organelle
H2AC18	9606.ENSP00000358155	GO Component	GO:0043231	Intracellular membrane-bounded organelle
H2AC18	9606.ENSP00000358155	GO Component	GO:0043232	Intracellular non-membrane-bounded organelle
H2AC18	9606.ENSP00000358155	GO Component	GO:0044815	DNA packaging complex
H2AC18	9606.ENSP00000358155	GO Component	GO:0065010	Extracellular membrane-bounded organelle
H2AC18	9606.ENSP00000358155	GO Component	GO:0070062	Extracellular exosome
H2AC18	9606.ENSP00000358155	GO Component	GO:0110165	Cellular anatomical entity
H2AC18	9606.ENSP00000358155	GO Component	GO:1903561	Extracellular vesicle
H2AC18	9606.ENSP00000358155	STRING clusters	CL:4759	Nucleosome, and Histone methyltransferase complex
H2AC18	9606.ENSP00000358155	STRING clusters	CL:4760	Structural constituent of chromatin, and Histone H3-K4 methylation
H2AC18	9606.ENSP00000358155	STRING clusters	CL:4761	Structural constituent of chromatin
H2AC18	9606.ENSP00000358155	STRING clusters	CL:4762	Structural constituent of chromatin
H2AC18	9606.ENSP00000358155	STRING clusters	CL:4763	Structural constituent of chromatin
H2AC18	9606.ENSP00000358155	STRING clusters	CL:4766	Structural constituent of chromatin
H2AC18	9606.ENSP00000358155	STRING clusters	CL:4886	Mixed, incl. Primary hyperoxaluria type 1, and ADD domain
H2AC18	9606.ENSP00000358155	STRING clusters	CL:4887	C-5 methylation of cytosine, and DNA methylation
H2AC18	9606.ENSP00000358155	STRING clusters	CL:4889	Histone H4, and Packaging Of Telomere Ends
H2AC18	9606.ENSP00000358155	KEGG	hsa04217	Necroptosis
H2AC18	9606.ENSP00000358155	KEGG	hsa05034	Alcoholism
H2AC18	9606.ENSP00000358155	KEGG	hsa05322	Systemic lupus erythematosus
H2AC18	9606.ENSP00000358155	Reactome	HSA-110328	Recognition and association of DNA glycosylase with site containing an affected pyrimidine
H2AC18	9606.ENSP00000358155	Reactome	HSA-110329	Cleavage of the damaged pyrimidine
H2AC18	9606.ENSP00000358155	Reactome	HSA-110330	Recognition and association of DNA glycosylase with site containing an affected purine
H2AC18	9606.ENSP00000358155	Reactome	HSA-110331	Cleavage of the damaged purine
H2AC18	9606.ENSP00000358155	Reactome	HSA-1221632	Meiotic synapsis
H2AC18	9606.ENSP00000358155	Reactome	HSA-1266738	Developmental Biology
H2AC18	9606.ENSP00000358155	Reactome	HSA-1474165	Reproduction
H2AC18	9606.ENSP00000358155	Reactome	HSA-1500620	Meiosis
H2AC18	9606.ENSP00000358155	Reactome	HSA-157118	Signaling by NOTCH
H2AC18	9606.ENSP00000358155	Reactome	HSA-157579	Telomere Maintenance
H2AC18	9606.ENSP00000358155	Reactome	HSA-162582	Signal Transduction
H2AC18	9606.ENSP00000358155	Reactome	HSA-1640170	Cell Cycle
H2AC18	9606.ENSP00000358155	Reactome	HSA-1643685	Disease
H2AC18	9606.ENSP00000358155	Reactome	HSA-171306	Packaging Of Telomere Ends
H2AC18	9606.ENSP00000358155	Reactome	HSA-1912408	Pre-NOTCH Transcription and Translation
H2AC18	9606.ENSP00000358155	Reactome	HSA-1912422	Pre-NOTCH Expression and Processing
H2AC18	9606.ENSP00000358155	Reactome	HSA-194315	Signaling by Rho GTPases
H2AC18	9606.ENSP00000358155	Reactome	HSA-195258	RHO GTPase Effectors
H2AC18	9606.ENSP00000358155	Reactome	HSA-195721	Signaling by WNT
H2AC18	9606.ENSP00000358155	Reactome	HSA-201681	TCF dependent signaling in response to WNT
H2AC18	9606.ENSP00000358155	Reactome	HSA-201722	Formation of the beta-catenin:TCF transactivating complex
H2AC18	9606.ENSP00000358155	Reactome	HSA-211000	Gene Silencing by RNA
H2AC18	9606.ENSP00000358155	Reactome	HSA-212165	Epigenetic regulation of gene expression
H2AC18	9606.ENSP00000358155	Reactome	HSA-212300	PRC2 methylates histones and DNA
H2AC18	9606.ENSP00000358155	Reactome	HSA-212436	Generic Transcription Pathway
H2AC18	9606.ENSP00000358155	Reactome	HSA-2262752	Cellular responses to stress
H2AC18	9606.ENSP00000358155	Reactome	HSA-2299718	Condensation of Prophase Chromosomes
H2AC18	9606.ENSP00000358155	Reactome	HSA-2559580	Oxidative Stress Induced Senescence
H2AC18	9606.ENSP00000358155	Reactome	HSA-2559582	Senescence-Associated Secretory Phenotype (SASP)
H2AC18	9606.ENSP00000358155	Reactome	HSA-2559583	Cellular Senescence
H2AC18	9606.ENSP00000358155	Reactome	HSA-2559586	DNA Damage/Telomere Stress Induced Senescence
H2AC18	9606.ENSP00000358155	Reactome	HSA-3214815	HDACs deacetylate histones
H2AC18	9606.ENSP00000358155	Reactome	HSA-3214847	HATs acetylate histones
H2AC18	9606.ENSP00000358155	Reactome	HSA-3214858	RMTs methylate histone arginines
H2AC18	9606.ENSP00000358155	Reactome	HSA-3247509	Chromatin modifying enzymes
H2AC18	9606.ENSP00000358155	Reactome	HSA-392499	Metabolism of proteins
H2AC18	9606.ENSP00000358155	Reactome	HSA-427359	SIRT1 negatively regulates rRNA expression
H2AC18	9606.ENSP00000358155	Reactome	HSA-427389	ERCC6 (CSB) and EHMT2 (G9a) positively regulate rRNA expression
H2AC18	9606.ENSP00000358155	Reactome	HSA-427413	NoRC negatively regulates rRNA expression
H2AC18	9606.ENSP00000358155	Reactome	HSA-4839726	Chromatin organization
H2AC18	9606.ENSP00000358155	Reactome	HSA-5250913	Positive epigenetic regulation of rRNA expression
H2AC18	9606.ENSP00000358155	Reactome	HSA-5250924	B-WICH complex positively regulates rRNA expression
H2AC18	9606.ENSP00000358155	Reactome	HSA-5250941	Negative epigenetic regulation of rRNA expression
H2AC18	9606.ENSP00000358155	Reactome	HSA-5334118	DNA methylation
H2AC18	9606.ENSP00000358155	Reactome	HSA-5578749	Transcriptional regulation by small RNAs
H2AC18	9606.ENSP00000358155	Reactome	HSA-5617472	Activation of anterior HOX genes in hindbrain development during early embryogenesis
H2AC18	9606.ENSP00000358155	Reactome	HSA-5619507	Activation of HOX genes during differentiation
H2AC18	9606.ENSP00000358155	Reactome	HSA-5625740	RHO GTPases activate PKNs
H2AC18	9606.ENSP00000358155	Reactome	HSA-5625886	Activated PKN1 stimulates transcription of AR (androgen receptor) regulated genes KLK2 and KLK3
H2AC18	9606.ENSP00000358155	Reactome	HSA-5663205	Infectious disease
H2AC18	9606.ENSP00000358155	Reactome	HSA-5688426	Deubiquitination
H2AC18	9606.ENSP00000358155	Reactome	HSA-5689603	UCH proteinases
H2AC18	9606.ENSP00000358155	Reactome	HSA-5689880	Ub-specific processing proteases
H2AC18	9606.ENSP00000358155	Reactome	HSA-5689901	Metalloprotease DUBs
H2AC18	9606.ENSP00000358155	Reactome	HSA-597592	Post-translational protein modification
H2AC18	9606.ENSP00000358155	Reactome	HSA-606279	Deposition of new CENPA-containing nucleosomes at the centromere
H2AC18	9606.ENSP00000358155	Reactome	HSA-68616	Assembly of the ORC complex at the origin of replication
H2AC18	9606.ENSP00000358155	Reactome	HSA-68867	Assembly of the pre-replicative complex
H2AC18	9606.ENSP00000358155	Reactome	HSA-68875	Mitotic Prophase
H2AC18	9606.ENSP00000358155	Reactome	HSA-68886	M Phase
H2AC18	9606.ENSP00000358155	Reactome	HSA-69002	DNA Replication Pre-Initiation
H2AC18	9606.ENSP00000358155	Reactome	HSA-69278	Cell Cycle, Mitotic
H2AC18	9606.ENSP00000358155	Reactome	HSA-69306	DNA Replication
H2AC18	9606.ENSP00000358155	Reactome	HSA-73728	RNA Polymerase I Promoter Opening
H2AC18	9606.ENSP00000358155	Reactome	HSA-73772	RNA Polymerase I Promoter Escape
H2AC18	9606.ENSP00000358155	Reactome	HSA-73854	RNA Polymerase I Promoter Clearance
H2AC18	9606.ENSP00000358155	Reactome	HSA-73857	RNA Polymerase II Transcription
H2AC18	9606.ENSP00000358155	Reactome	HSA-73864	RNA Polymerase I Transcription
H2AC18	9606.ENSP00000358155	Reactome	HSA-73884	Base Excision Repair
H2AC18	9606.ENSP00000358155	Reactome	HSA-73886	Chromosome Maintenance
H2AC18	9606.ENSP00000358155	Reactome	HSA-73894	DNA Repair
H2AC18	9606.ENSP00000358155	Reactome	HSA-73927	Depurination
H2AC18	9606.ENSP00000358155	Reactome	HSA-73928	Depyrimidination
H2AC18	9606.ENSP00000358155	Reactome	HSA-73929	Base-Excision Repair, AP Site Formation
H2AC18	9606.ENSP00000358155	Reactome	HSA-74160	Gene expression (Transcription)
H2AC18	9606.ENSP00000358155	Reactome	HSA-774815	Nucleosome assembly
H2AC18	9606.ENSP00000358155	Reactome	HSA-8878171	Transcriptional regulation by RUNX1
H2AC18	9606.ENSP00000358155	Reactome	HSA-8936459	RUNX1 regulates genes involved in megakaryocyte differentiation and platelet function
H2AC18	9606.ENSP00000358155	Reactome	HSA-8939211	ESR-mediated signaling
H2AC18	9606.ENSP00000358155	Reactome	HSA-8939236	RUNX1 regulates transcription of genes involved in differentiation of HSCs
H2AC18	9606.ENSP00000358155	Reactome	HSA-8953897	Cellular responses to stimuli
H2AC18	9606.ENSP00000358155	Reactome	HSA-9006931	Signaling by Nuclear Receptors
H2AC18	9606.ENSP00000358155	Reactome	HSA-9018519	Estrogen-dependent gene expression
H2AC18	9606.ENSP00000358155	Reactome	HSA-912446	Meiotic recombination
H2AC18	9606.ENSP00000358155	Reactome	HSA-9609646	HCMV Infection
H2AC18	9606.ENSP00000358155	Reactome	HSA-9609690	HCMV Early Events
H2AC18	9606.ENSP00000358155	Reactome	HSA-9610379	HCMV Late Events
H2AC18	9606.ENSP00000358155	Reactome	HSA-9616222	Transcriptional regulation of granulopoiesis
H2AC18	9606.ENSP00000358155	Reactome	HSA-9645723	Diseases of programmed cell death
H2AC18	9606.ENSP00000358155	Reactome	HSA-9670095	Inhibition of DNA recombination at telomere
H2AC18	9606.ENSP00000358155	Reactome	HSA-9710421	Defective pyroptosis
H2AC18	9606.ENSP00000358155	Reactome	HSA-9716542	Signaling by Rho GTPases, Miro GTPases and RHOBTB3
H2AC18	9606.ENSP00000358155	Reactome	HSA-977225	Amyloid fiber formation
H2AC18	9606.ENSP00000358155	TISSUES	BTO:0000000	Tissues, cell types and enzyme sources
H2AC18	9606.ENSP00000358155	TISSUES	BTO:0000042	Animal
H2AC18	9606.ENSP00000358155	TISSUES	BTO:0000202	Sense organ
H2AC18	9606.ENSP00000358155	TISSUES	BTO:0000282	Head
H2AC18	9606.ENSP00000358155	TISSUES	BTO:0001090	Mouth
H2AC18	9606.ENSP00000358155	TISSUES	BTO:0001385	Tongue
H2AC18	9606.ENSP00000358155	TISSUES	BTO:0001489	Whole body
H2AC18	9606.ENSP00000358155	COMPARTMENTS	GOCC:0000228	Nuclear chromosome
H2AC18	9606.ENSP00000358155	COMPARTMENTS	GOCC:0000785	Chromatin
H2AC18	9606.ENSP00000358155	COMPARTMENTS	GOCC:0000786	Nucleosome
H2AC18	9606.ENSP00000358155	COMPARTMENTS	GOCC:0005576	Extracellular region
H2AC18	9606.ENSP00000358155	COMPARTMENTS	GOCC:0005615	Extracellular space
H2AC18	9606.ENSP00000358155	COMPARTMENTS	GOCC:0005622	Intracellular
H2AC18	9606.ENSP00000358155	COMPARTMENTS	GOCC:0005634	Nucleus
H2AC18	9606.ENSP00000358155	COMPARTMENTS	GOCC:0005654	Nucleoplasm
H2AC18	9606.ENSP00000358155	COMPARTMENTS	GOCC:0005694	Chromosome
H2AC18	9606.ENSP00000358155	COMPARTMENTS	GOCC:0008023	Transcription elongation factor complex
H2AC18	9606.ENSP00000358155	COMPARTMENTS	GOCC:0031974	Membrane-enclosed lumen
H2AC18	9606.ENSP00000358155	COMPARTMENTS	GOCC:0031981	Nuclear lumen
H2AC18	9606.ENSP00000358155	COMPARTMENTS	GOCC:0031982	Vesicle
H2AC18	9606.ENSP00000358155	COMPARTMENTS	GOCC:0032991	Protein-containing complex
H2AC18	9606.ENSP00000358155	COMPARTMENTS	GOCC:0032993	protein-DNA complex
H2AC18	9606.ENSP00000358155	COMPARTMENTS	GOCC:0035101	FACT complex
H2AC18	9606.ENSP00000358155	COMPARTMENTS	GOCC:0043226	Organelle
H2AC18	9606.ENSP00000358155	COMPARTMENTS	GOCC:0043227	Membrane-bounded organelle
H2AC18	9606.ENSP00000358155	COMPARTMENTS	GOCC:0043228	Non-membrane-bounded organelle
H2AC18	9606.ENSP00000358155	COMPARTMENTS	GOCC:0043229	Intracellular organelle
H2AC18	9606.ENSP00000358155	COMPARTMENTS	GOCC:0043230	Extracellular organelle
H2AC18	9606.ENSP00000358155	COMPARTMENTS	GOCC:0043231	Intracellular membrane-bounded organelle
H2AC18	9606.ENSP00000358155	COMPARTMENTS	GOCC:0043232	Intracellular non-membrane-bounded organelle
H2AC18	9606.ENSP00000358155	COMPARTMENTS	GOCC:0043233	Organelle lumen
H2AC18	9606.ENSP00000358155	COMPARTMENTS	GOCC:0044815	DNA packaging complex
H2AC18	9606.ENSP00000358155	COMPARTMENTS	GOCC:0065010	Extracellular membrane-bounded organelle
H2AC18	9606.ENSP00000358155	COMPARTMENTS	GOCC:0070013	Intracellular organelle lumen
H2AC18	9606.ENSP00000358155	COMPARTMENTS	GOCC:0070062	Extracellular exosome
H2AC18	9606.ENSP00000358155	COMPARTMENTS	GOCC:0098647	Collagen beaded filament
H2AC18	9606.ENSP00000358155	COMPARTMENTS	GOCC:0099080	Supramolecular complex
H2AC18	9606.ENSP00000358155	COMPARTMENTS	GOCC:0099081	Supramolecular polymer
H2AC18	9606.ENSP00000358155	COMPARTMENTS	GOCC:0099512	Supramolecular fiber
H2AC18	9606.ENSP00000358155	COMPARTMENTS	GOCC:0110165	Cellular anatomical entity
H2AC18	9606.ENSP00000358155	COMPARTMENTS	GOCC:1903561	Extracellular vesicle
H2AC18	9606.ENSP00000358155	UniProt Keywords	KW-0007	Acetylation
H2AC18	9606.ENSP00000358155	UniProt Keywords	KW-0158	Chromosome
H2AC18	9606.ENSP00000358155	UniProt Keywords	KW-0164	Citrullination
H2AC18	9606.ENSP00000358155	UniProt Keywords	KW-0238	DNA-binding
H2AC18	9606.ENSP00000358155	UniProt Keywords	KW-0379	Hydroxylation
H2AC18	9606.ENSP00000358155	UniProt Keywords	KW-0488	Methylation
H2AC18	9606.ENSP00000358155	UniProt Keywords	KW-0539	Nucleus
H2AC18	9606.ENSP00000358155	UniProt Keywords	KW-0544	Nucleosome core
H2AC18	9606.ENSP00000358155	UniProt Keywords	KW-0597	Phosphoprotein
H2AC18	9606.ENSP00000358155	UniProt Keywords	KW-0832	Ubl conjugation
H2AC18	9606.ENSP00000358155	UniProt Keywords	KW-1017	Isopeptide bond
H2AC18	9606.ENSP00000358155	InterPro	IPR002119	Histone H2A
H2AC18	9606.ENSP00000358155	InterPro	IPR007125	Histone H2A/H2B/H3
H2AC18	9606.ENSP00000358155	InterPro	IPR009072	Histone-fold
H2AC18	9606.ENSP00000358155	InterPro	IPR032454	Histone H2A, C-terminal domain
H2AC18	9606.ENSP00000358155	InterPro	IPR032458	Histone H2A conserved site
H2AC18	9606.ENSP00000358155	SMART	SM00414	Histone 2A
H2AX	9606.ENSP00000434024	GO Process	GO:0000003	Reproduction
H2AX	9606.ENSP00000434024	GO Process	GO:0000075	Cell cycle checkpoint signaling
H2AX	9606.ENSP00000434024	GO Process	GO:0000077	DNA damage checkpoint signaling
H2AX	9606.ENSP00000434024	GO Process	GO:0000724	Double-strand break repair via homologous recombination
H2AX	9606.ENSP00000434024	GO Process	GO:0000725	Recombinational repair
H2AX	9606.ENSP00000434024	GO Process	GO:0003006	Developmental process involved in reproduction
H2AX	9606.ENSP00000434024	GO Process	GO:0006139	Nucleobase-containing compound metabolic process
H2AX	9606.ENSP00000434024	GO Process	GO:0006259	DNA metabolic process
H2AX	9606.ENSP00000434024	GO Process	GO:0006281	DNA repair
H2AX	9606.ENSP00000434024	GO Process	GO:0006282	Regulation of DNA repair
H2AX	9606.ENSP00000434024	GO Process	GO:0006302	Double-strand break repair
H2AX	9606.ENSP00000434024	GO Process	GO:0006310	DNA recombination
H2AX	9606.ENSP00000434024	GO Process	GO:0006325	Chromatin organization
H2AX	9606.ENSP00000434024	GO Process	GO:0006334	Nucleosome assembly
H2AX	9606.ENSP00000434024	GO Process	GO:0006338	Chromatin remodeling
H2AX	9606.ENSP00000434024	GO Process	GO:0006725	Cellular aromatic compound metabolic process
H2AX	9606.ENSP00000434024	GO Process	GO:0006807	Nitrogen compound metabolic process
H2AX	9606.ENSP00000434024	GO Process	GO:0006950	Response to stress
H2AX	9606.ENSP00000434024	GO Process	GO:0006974	Cellular response to DNA damage stimulus
H2AX	9606.ENSP00000434024	GO Process	GO:0006996	Organelle organization
H2AX	9606.ENSP00000434024	GO Process	GO:0007049	Cell cycle
H2AX	9606.ENSP00000434024	GO Process	GO:0007154	Cell communication
H2AX	9606.ENSP00000434024	GO Process	GO:0007165	Signal transduction
H2AX	9606.ENSP00000434024	GO Process	GO:0007275	Multicellular organism development
H2AX	9606.ENSP00000434024	GO Process	GO:0007276	Gamete generation
H2AX	9606.ENSP00000434024	GO Process	GO:0007283	Spermatogenesis
H2AX	9606.ENSP00000434024	GO Process	GO:0007399	Nervous system development
H2AX	9606.ENSP00000434024	GO Process	GO:0007417	Central nervous system development
H2AX	9606.ENSP00000434024	GO Process	GO:0007420	Brain development
H2AX	9606.ENSP00000434024	GO Process	GO:0008152	Metabolic process
H2AX	9606.ENSP00000434024	GO Process	GO:0009314	Response to radiation
H2AX	9606.ENSP00000434024	GO Process	GO:0009628	Response to abiotic stimulus
H2AX	9606.ENSP00000434024	GO Process	GO:0009893	Positive regulation of metabolic process
H2AX	9606.ENSP00000434024	GO Process	GO:0009987	Cellular process
H2AX	9606.ENSP00000434024	GO Process	GO:0010212	Response to ionizing radiation
H2AX	9606.ENSP00000434024	GO Process	GO:0010332	Response to gamma radiation
H2AX	9606.ENSP00000434024	GO Process	GO:0010564	Regulation of cell cycle process
H2AX	9606.ENSP00000434024	GO Process	GO:0010604	Positive regulation of macromolecule metabolic process
H2AX	9606.ENSP00000434024	GO Process	GO:0010948	Negative regulation of cell cycle process
H2AX	9606.ENSP00000434024	GO Process	GO:0016043	Cellular component organization
H2AX	9606.ENSP00000434024	GO Process	GO:0019219	Regulation of nucleobase-containing compound metabolic process
H2AX	9606.ENSP00000434024	GO Process	GO:0019222	Regulation of metabolic process
H2AX	9606.ENSP00000434024	GO Process	GO:0019953	Sexual reproduction
H2AX	9606.ENSP00000434024	GO Process	GO:0021537	Telencephalon development
H2AX	9606.ENSP00000434024	GO Process	GO:0021543	Pallium development
H2AX	9606.ENSP00000434024	GO Process	GO:0021987	Cerebral cortex development
H2AX	9606.ENSP00000434024	GO Process	GO:0022414	Reproductive process
H2AX	9606.ENSP00000434024	GO Process	GO:0022607	Cellular component assembly
H2AX	9606.ENSP00000434024	GO Process	GO:0023052	Signaling
H2AX	9606.ENSP00000434024	GO Process	GO:0030900	Forebrain development
H2AX	9606.ENSP00000434024	GO Process	GO:0031323	Regulation of cellular metabolic process
H2AX	9606.ENSP00000434024	GO Process	GO:0031325	Positive regulation of cellular metabolic process
H2AX	9606.ENSP00000434024	GO Process	GO:0031497	Chromatin assembly
H2AX	9606.ENSP00000434024	GO Process	GO:0031570	DNA integrity checkpoint signaling
H2AX	9606.ENSP00000434024	GO Process	GO:0032501	Multicellular organismal process
H2AX	9606.ENSP00000434024	GO Process	GO:0032502	Developmental process
H2AX	9606.ENSP00000434024	GO Process	GO:0032504	Multicellular organism reproduction
H2AX	9606.ENSP00000434024	GO Process	GO:0033554	Cellular response to stress
H2AX	9606.ENSP00000434024	GO Process	GO:0034641	Cellular nitrogen compound metabolic process
H2AX	9606.ENSP00000434024	GO Process	GO:0034728	Nucleosome organization
H2AX	9606.ENSP00000434024	GO Process	GO:0035556	Intracellular signal transduction
H2AX	9606.ENSP00000434024	GO Process	GO:0042770	Signal transduction in response to DNA damage
H2AX	9606.ENSP00000434024	GO Process	GO:0043170	Macromolecule metabolic process
H2AX	9606.ENSP00000434024	GO Process	GO:0043933	Protein-containing complex organization
H2AX	9606.ENSP00000434024	GO Process	GO:0044085	Cellular component biogenesis
H2AX	9606.ENSP00000434024	GO Process	GO:0044237	Cellular metabolic process
H2AX	9606.ENSP00000434024	GO Process	GO:0044238	Primary metabolic process
H2AX	9606.ENSP00000434024	GO Process	GO:0044260	Cellular macromolecule metabolic process
H2AX	9606.ENSP00000434024	GO Process	GO:0045739	Positive regulation of DNA repair
H2AX	9606.ENSP00000434024	GO Process	GO:0045786	Negative regulation of cell cycle
H2AX	9606.ENSP00000434024	GO Process	GO:0045935	Positive regulation of nucleobase-containing compound metabolic process
H2AX	9606.ENSP00000434024	GO Process	GO:0046483	Heterocycle metabolic process
H2AX	9606.ENSP00000434024	GO Process	GO:0048232	Male gamete generation
H2AX	9606.ENSP00000434024	GO Process	GO:0048513	Animal organ development
H2AX	9606.ENSP00000434024	GO Process	GO:0048518	Positive regulation of biological process
H2AX	9606.ENSP00000434024	GO Process	GO:0048519	Negative regulation of biological process
H2AX	9606.ENSP00000434024	GO Process	GO:0048522	Positive regulation of cellular process
H2AX	9606.ENSP00000434024	GO Process	GO:0048523	Negative regulation of cellular process
H2AX	9606.ENSP00000434024	GO Process	GO:0048583	Regulation of response to stimulus
H2AX	9606.ENSP00000434024	GO Process	GO:0048584	Positive regulation of response to stimulus
H2AX	9606.ENSP00000434024	GO Process	GO:0048609	Multicellular organismal reproductive process
H2AX	9606.ENSP00000434024	GO Process	GO:0048731	System development
H2AX	9606.ENSP00000434024	GO Process	GO:0048856	Anatomical structure development
H2AX	9606.ENSP00000434024	GO Process	GO:0050789	Regulation of biological process
H2AX	9606.ENSP00000434024	GO Process	GO:0050794	Regulation of cellular process
H2AX	9606.ENSP00000434024	GO Process	GO:0050896	Response to stimulus
H2AX	9606.ENSP00000434024	GO Process	GO:0051052	Regulation of DNA metabolic process
H2AX	9606.ENSP00000434024	GO Process	GO:0051054	Positive regulation of DNA metabolic process
H2AX	9606.ENSP00000434024	GO Process	GO:0051171	Regulation of nitrogen compound metabolic process
H2AX	9606.ENSP00000434024	GO Process	GO:0051173	Positive regulation of nitrogen compound metabolic process
H2AX	9606.ENSP00000434024	GO Process	GO:0051276	Chromosome organization
H2AX	9606.ENSP00000434024	GO Process	GO:0051321	Meiotic cell cycle
H2AX	9606.ENSP00000434024	GO Process	GO:0051716	Cellular response to stimulus
H2AX	9606.ENSP00000434024	GO Process	GO:0051726	Regulation of cell cycle
H2AX	9606.ENSP00000434024	GO Process	GO:0060255	Regulation of macromolecule metabolic process
H2AX	9606.ENSP00000434024	GO Process	GO:0060322	Head development
H2AX	9606.ENSP00000434024	GO Process	GO:0065003	Protein-containing complex assembly
H2AX	9606.ENSP00000434024	GO Process	GO:0065004	protein-DNA complex assembly
H2AX	9606.ENSP00000434024	GO Process	GO:0065007	Biological regulation
H2AX	9606.ENSP00000434024	GO Process	GO:0071214	Cellular response to abiotic stimulus
H2AX	9606.ENSP00000434024	GO Process	GO:0071478	Cellular response to radiation
H2AX	9606.ENSP00000434024	GO Process	GO:0071479	Cellular response to ionizing radiation
H2AX	9606.ENSP00000434024	GO Process	GO:0071480	Cellular response to gamma radiation
H2AX	9606.ENSP00000434024	GO Process	GO:0071704	Organic substance metabolic process
H2AX	9606.ENSP00000434024	GO Process	GO:0071824	protein-DNA complex subunit organization
H2AX	9606.ENSP00000434024	GO Process	GO:0071840	Cellular component organization or biogenesis
H2AX	9606.ENSP00000434024	GO Process	GO:0080090	Regulation of primary metabolic process
H2AX	9606.ENSP00000434024	GO Process	GO:0080134	Regulation of response to stress
H2AX	9606.ENSP00000434024	GO Process	GO:0080135	Regulation of cellular response to stress
H2AX	9606.ENSP00000434024	GO Process	GO:0090304	Nucleic acid metabolic process
H2AX	9606.ENSP00000434024	GO Process	GO:0090398	Cellular senescence
H2AX	9606.ENSP00000434024	GO Process	GO:0104004	Cellular response to environmental stimulus
H2AX	9606.ENSP00000434024	GO Process	GO:1901360	Organic cyclic compound metabolic process
H2AX	9606.ENSP00000434024	GO Process	GO:1901987	Regulation of cell cycle phase transition
H2AX	9606.ENSP00000434024	GO Process	GO:1901988	Negative regulation of cell cycle phase transition
H2AX	9606.ENSP00000434024	GO Process	GO:2001020	Regulation of response to DNA damage stimulus
H2AX	9606.ENSP00000434024	GO Process	GO:2001022	Positive regulation of response to DNA damage stimulus
H2AX	9606.ENSP00000434024	GO Function	GO:0003676	Nucleic acid binding
H2AX	9606.ENSP00000434024	GO Function	GO:0003677	DNA binding
H2AX	9606.ENSP00000434024	GO Function	GO:0003684	Damaged DNA binding
H2AX	9606.ENSP00000434024	GO Function	GO:0005198	Structural molecule activity
H2AX	9606.ENSP00000434024	GO Function	GO:0005488	Binding
H2AX	9606.ENSP00000434024	GO Function	GO:0005515	Protein binding
H2AX	9606.ENSP00000434024	GO Function	GO:0019899	Enzyme binding
H2AX	9606.ENSP00000434024	GO Function	GO:0030527	Structural constituent of chromatin
H2AX	9606.ENSP00000434024	GO Function	GO:0042393	Histone binding
H2AX	9606.ENSP00000434024	GO Function	GO:0046982	Protein heterodimerization activity
H2AX	9606.ENSP00000434024	GO Function	GO:0046983	Protein dimerization activity
H2AX	9606.ENSP00000434024	GO Function	GO:0097159	Organic cyclic compound binding
H2AX	9606.ENSP00000434024	GO Function	GO:1901363	Heterocyclic compound binding
H2AX	9606.ENSP00000434024	GO Component	GO:0000228	Nuclear chromosome
H2AX	9606.ENSP00000434024	GO Component	GO:0000785	Chromatin
H2AX	9606.ENSP00000434024	GO Component	GO:0000786	Nucleosome
H2AX	9606.ENSP00000434024	GO Component	GO:0000793	Condensed chromosome
H2AX	9606.ENSP00000434024	GO Component	GO:0000794	Condensed nuclear chromosome
H2AX	9606.ENSP00000434024	GO Component	GO:0000803	Sex chromosome
H2AX	9606.ENSP00000434024	GO Component	GO:0001673	Male germ cell nucleus
H2AX	9606.ENSP00000434024	GO Component	GO:0001741	XY body
H2AX	9606.ENSP00000434024	GO Component	GO:0005576	Extracellular region
H2AX	9606.ENSP00000434024	GO Component	GO:0005615	Extracellular space
H2AX	9606.ENSP00000434024	GO Component	GO:0005622	Intracellular anatomical structure
H2AX	9606.ENSP00000434024	GO Component	GO:0005634	Nucleus
H2AX	9606.ENSP00000434024	GO Component	GO:0005654	Nucleoplasm
H2AX	9606.ENSP00000434024	GO Component	GO:0005657	Replication fork
H2AX	9606.ENSP00000434024	GO Component	GO:0005694	Chromosome
H2AX	9606.ENSP00000434024	GO Component	GO:0005813	Centrosome
H2AX	9606.ENSP00000434024	GO Component	GO:0005815	Microtubule organizing center
H2AX	9606.ENSP00000434024	GO Component	GO:0005856	Cytoskeleton
H2AX	9606.ENSP00000434024	GO Component	GO:0015630	Microtubule cytoskeleton
H2AX	9606.ENSP00000434024	GO Component	GO:0016604	Nuclear body
H2AX	9606.ENSP00000434024	GO Component	GO:0016607	Nuclear speck
H2AX	9606.ENSP00000434024	GO Component	GO:0031974	Membrane-enclosed lumen
H2AX	9606.ENSP00000434024	GO Component	GO:0031981	Nuclear lumen
H2AX	9606.ENSP00000434024	GO Component	GO:0031982	Vesicle
H2AX	9606.ENSP00000434024	GO Component	GO:0032991	Protein-containing complex
H2AX	9606.ENSP00000434024	GO Component	GO:0032993	protein-DNA complex
H2AX	9606.ENSP00000434024	GO Component	GO:0035861	Site of double-strand break
H2AX	9606.ENSP00000434024	GO Component	GO:0043073	Germ cell nucleus
H2AX	9606.ENSP00000434024	GO Component	GO:0043226	Organelle
H2AX	9606.ENSP00000434024	GO Component	GO:0043227	Membrane-bounded organelle
H2AX	9606.ENSP00000434024	GO Component	GO:0043228	Non-membrane-bounded organelle
H2AX	9606.ENSP00000434024	GO Component	GO:0043229	Intracellular organelle
H2AX	9606.ENSP00000434024	GO Component	GO:0043230	Extracellular organelle
H2AX	9606.ENSP00000434024	GO Component	GO:0043231	Intracellular membrane-bounded organelle
H2AX	9606.ENSP00000434024	GO Component	GO:0043232	Intracellular non-membrane-bounded organelle
H2AX	9606.ENSP00000434024	GO Component	GO:0043233	Organelle lumen
H2AX	9606.ENSP00000434024	GO Component	GO:0044815	DNA packaging complex
H2AX	9606.ENSP00000434024	GO Component	GO:0065010	Extracellular membrane-bounded organelle
H2AX	9606.ENSP00000434024	GO Component	GO:0070013	Intracellular organelle lumen
H2AX	9606.ENSP00000434024	GO Component	GO:0070062	Extracellular exosome
H2AX	9606.ENSP00000434024	GO Component	GO:0090734	Site of DNA damage
H2AX	9606.ENSP00000434024	GO Component	GO:0110165	Cellular anatomical entity
H2AX	9606.ENSP00000434024	GO Component	GO:1903561	Extracellular vesicle
H2AX	9606.ENSP00000434024	STRING clusters	CL:6143	DNA repair pathways, full network, and HDR through Homologous Recombination (HRR)
H2AX	9606.ENSP00000434024	STRING clusters	CL:6144	DNA repair pathways, full network, and HDR through Homologous Recombination (HRR)
H2AX	9606.ENSP00000434024	STRING clusters	CL:6145	DNA repair pathways, full network, and HDR through Homologous Recombination (HRR)
H2AX	9606.ENSP00000434024	STRING clusters	CL:6146	Mixed, incl. Fanconi anemia pathway, and DNA repair complex
H2AX	9606.ENSP00000434024	STRING clusters	CL:6147	DNA repair pathways, full network, and HDR through Homologous Recombination (HRR)
H2AX	9606.ENSP00000434024	STRING clusters	CL:6148	Diseases of DNA repair, and DNA repair complex
H2AX	9606.ENSP00000434024	STRING clusters	CL:6149	Homologous DNA Pairing and Strand Exchange, and Response to intra-S DNA damage checkpoint signaling
H2AX	9606.ENSP00000434024	STRING clusters	CL:6150	Resolution of D-loop Structures through Holliday Junction Intermediates, and RIDDLE syndrome
H2AX	9606.ENSP00000434024	STRING clusters	CL:6195	BRCA1-C complex, and NIPBL role in DNA damage - Cornelia de Lange syndrome
H2AX	9606.ENSP00000434024	STRING clusters	CL:6196	NIPBL role in DNA damage - Cornelia de Lange syndrome
H2AX	9606.ENSP00000434024	KEGG	hsa04217	Necroptosis
H2AX	9606.ENSP00000434024	KEGG	hsa05034	Alcoholism
H2AX	9606.ENSP00000434024	KEGG	hsa05322	Systemic lupus erythematosus
H2AX	9606.ENSP00000434024	Reactome	HSA-110328	Recognition and association of DNA glycosylase with site containing an affected pyrimidine
H2AX	9606.ENSP00000434024	Reactome	HSA-110329	Cleavage of the damaged pyrimidine
H2AX	9606.ENSP00000434024	Reactome	HSA-110330	Recognition and association of DNA glycosylase with site containing an affected purine
H2AX	9606.ENSP00000434024	Reactome	HSA-110331	Cleavage of the damaged purine
H2AX	9606.ENSP00000434024	Reactome	HSA-1221632	Meiotic synapsis
H2AX	9606.ENSP00000434024	Reactome	HSA-1266738	Developmental Biology
H2AX	9606.ENSP00000434024	Reactome	HSA-1474165	Reproduction
H2AX	9606.ENSP00000434024	Reactome	HSA-1500620	Meiosis
H2AX	9606.ENSP00000434024	Reactome	HSA-157118	Signaling by NOTCH
H2AX	9606.ENSP00000434024	Reactome	HSA-157579	Telomere Maintenance
H2AX	9606.ENSP00000434024	Reactome	HSA-162582	Signal Transduction
H2AX	9606.ENSP00000434024	Reactome	HSA-1640170	Cell Cycle
H2AX	9606.ENSP00000434024	Reactome	HSA-1643685	Disease
H2AX	9606.ENSP00000434024	Reactome	HSA-171306	Packaging Of Telomere Ends
H2AX	9606.ENSP00000434024	Reactome	HSA-1912408	Pre-NOTCH Transcription and Translation
H2AX	9606.ENSP00000434024	Reactome	HSA-1912422	Pre-NOTCH Expression and Processing
H2AX	9606.ENSP00000434024	Reactome	HSA-194315	Signaling by Rho GTPases
H2AX	9606.ENSP00000434024	Reactome	HSA-195258	RHO GTPase Effectors
H2AX	9606.ENSP00000434024	Reactome	HSA-195721	Signaling by WNT
H2AX	9606.ENSP00000434024	Reactome	HSA-201681	TCF dependent signaling in response to WNT
H2AX	9606.ENSP00000434024	Reactome	HSA-201722	Formation of the beta-catenin:TCF transactivating complex
H2AX	9606.ENSP00000434024	Reactome	HSA-211000	Gene Silencing by RNA
H2AX	9606.ENSP00000434024	Reactome	HSA-212165	Epigenetic regulation of gene expression
H2AX	9606.ENSP00000434024	Reactome	HSA-212300	PRC2 methylates histones and DNA
H2AX	9606.ENSP00000434024	Reactome	HSA-212436	Generic Transcription Pathway
H2AX	9606.ENSP00000434024	Reactome	HSA-2262752	Cellular responses to stress
H2AX	9606.ENSP00000434024	Reactome	HSA-2299718	Condensation of Prophase Chromosomes
H2AX	9606.ENSP00000434024	Reactome	HSA-2559580	Oxidative Stress Induced Senescence
H2AX	9606.ENSP00000434024	Reactome	HSA-2559582	Senescence-Associated Secretory Phenotype (SASP)
H2AX	9606.ENSP00000434024	Reactome	HSA-2559583	Cellular Senescence
H2AX	9606.ENSP00000434024	Reactome	HSA-2559586	DNA Damage/Telomere Stress Induced Senescence
H2AX	9606.ENSP00000434024	Reactome	HSA-3214858	RMTs methylate histone arginines
H2AX	9606.ENSP00000434024	Reactome	HSA-3247509	Chromatin modifying enzymes
H2AX	9606.ENSP00000434024	Reactome	HSA-392499	Metabolism of proteins
H2AX	9606.ENSP00000434024	Reactome	HSA-427359	SIRT1 negatively regulates rRNA expression
H2AX	9606.ENSP00000434024	Reactome	HSA-427389	ERCC6 (CSB) and EHMT2 (G9a) positively regulate rRNA expression
H2AX	9606.ENSP00000434024	Reactome	HSA-427413	NoRC negatively regulates rRNA expression
H2AX	9606.ENSP00000434024	Reactome	HSA-4839726	Chromatin organization
H2AX	9606.ENSP00000434024	Reactome	HSA-5250913	Positive epigenetic regulation of rRNA expression
H2AX	9606.ENSP00000434024	Reactome	HSA-5250924	B-WICH complex positively regulates rRNA expression
H2AX	9606.ENSP00000434024	Reactome	HSA-5250941	Negative epigenetic regulation of rRNA expression
H2AX	9606.ENSP00000434024	Reactome	HSA-5334118	DNA methylation
H2AX	9606.ENSP00000434024	Reactome	HSA-5578749	Transcriptional regulation by small RNAs
H2AX	9606.ENSP00000434024	Reactome	HSA-5617472	Activation of anterior HOX genes in hindbrain development during early embryogenesis
H2AX	9606.ENSP00000434024	Reactome	HSA-5619507	Activation of HOX genes during differentiation
H2AX	9606.ENSP00000434024	Reactome	HSA-5625740	RHO GTPases activate PKNs
H2AX	9606.ENSP00000434024	Reactome	HSA-5625886	Activated PKN1 stimulates transcription of AR (androgen receptor) regulated genes KLK2 and KLK3
H2AX	9606.ENSP00000434024	Reactome	HSA-5693532	DNA Double-Strand Break Repair
H2AX	9606.ENSP00000434024	Reactome	HSA-5693538	Homology Directed Repair
H2AX	9606.ENSP00000434024	Reactome	HSA-5693565	Recruitment and ATM-mediated phosphorylation of repair and signaling proteins at DNA double strand breaks
H2AX	9606.ENSP00000434024	Reactome	HSA-5693567	HDR through Homologous Recombination (HRR) or Single Strand Annealing (SSA)
H2AX	9606.ENSP00000434024	Reactome	HSA-5693571	Nonhomologous End-Joining (NHEJ)
H2AX	9606.ENSP00000434024	Reactome	HSA-5693606	DNA Double Strand Break Response
H2AX	9606.ENSP00000434024	Reactome	HSA-5693607	Processing of DNA double-strand break ends
H2AX	9606.ENSP00000434024	Reactome	HSA-606279	Deposition of new CENPA-containing nucleosomes at the centromere
H2AX	9606.ENSP00000434024	Reactome	HSA-68616	Assembly of the ORC complex at the origin of replication
H2AX	9606.ENSP00000434024	Reactome	HSA-68867	Assembly of the pre-replicative complex
H2AX	9606.ENSP00000434024	Reactome	HSA-68875	Mitotic Prophase
H2AX	9606.ENSP00000434024	Reactome	HSA-68886	M Phase
H2AX	9606.ENSP00000434024	Reactome	HSA-69002	DNA Replication Pre-Initiation
H2AX	9606.ENSP00000434024	Reactome	HSA-69278	Cell Cycle, Mitotic
H2AX	9606.ENSP00000434024	Reactome	HSA-69306	DNA Replication
H2AX	9606.ENSP00000434024	Reactome	HSA-69473	G2/M DNA damage checkpoint
H2AX	9606.ENSP00000434024	Reactome	HSA-69481	G2/M Checkpoints
H2AX	9606.ENSP00000434024	Reactome	HSA-69620	Cell Cycle Checkpoints
H2AX	9606.ENSP00000434024	Reactome	HSA-73728	RNA Polymerase I Promoter Opening
H2AX	9606.ENSP00000434024	Reactome	HSA-73772	RNA Polymerase I Promoter Escape
H2AX	9606.ENSP00000434024	Reactome	HSA-73854	RNA Polymerase I Promoter Clearance
H2AX	9606.ENSP00000434024	Reactome	HSA-73857	RNA Polymerase II Transcription
H2AX	9606.ENSP00000434024	Reactome	HSA-73864	RNA Polymerase I Transcription
H2AX	9606.ENSP00000434024	Reactome	HSA-73884	Base Excision Repair
H2AX	9606.ENSP00000434024	Reactome	HSA-73886	Chromosome Maintenance
H2AX	9606.ENSP00000434024	Reactome	HSA-73894	DNA Repair
H2AX	9606.ENSP00000434024	Reactome	HSA-73927	Depurination
H2AX	9606.ENSP00000434024	Reactome	HSA-73928	Depyrimidination
H2AX	9606.ENSP00000434024	Reactome	HSA-73929	Base-Excision Repair, AP Site Formation
H2AX	9606.ENSP00000434024	Reactome	HSA-74160	Gene expression (Transcription)
H2AX	9606.ENSP00000434024	Reactome	HSA-774815	Nucleosome assembly
H2AX	9606.ENSP00000434024	Reactome	HSA-8878171	Transcriptional regulation by RUNX1
H2AX	9606.ENSP00000434024	Reactome	HSA-8936459	RUNX1 regulates genes involved in megakaryocyte differentiation and platelet function
H2AX	9606.ENSP00000434024	Reactome	HSA-8939211	ESR-mediated signaling
H2AX	9606.ENSP00000434024	Reactome	HSA-8939236	RUNX1 regulates transcription of genes involved in differentiation of HSCs
H2AX	9606.ENSP00000434024	Reactome	HSA-8953897	Cellular responses to stimuli
H2AX	9606.ENSP00000434024	Reactome	HSA-9006931	Signaling by Nuclear Receptors
H2AX	9606.ENSP00000434024	Reactome	HSA-9018519	Estrogen-dependent gene expression
H2AX	9606.ENSP00000434024	Reactome	HSA-912446	Meiotic recombination
H2AX	9606.ENSP00000434024	Reactome	HSA-9616222	Transcriptional regulation of granulopoiesis
H2AX	9606.ENSP00000434024	Reactome	HSA-9645723	Diseases of programmed cell death
H2AX	9606.ENSP00000434024	Reactome	HSA-9670095	Inhibition of DNA recombination at telomere
H2AX	9606.ENSP00000434024	Reactome	HSA-9710421	Defective pyroptosis
H2AX	9606.ENSP00000434024	Reactome	HSA-9716542	Signaling by Rho GTPases, Miro GTPases and RHOBTB3
H2AX	9606.ENSP00000434024	Reactome	HSA-977225	Amyloid fiber formation
H2AX	9606.ENSP00000434024	WikiPathways	WP1530	miRNA regulation of DNA damage response
H2AX	9606.ENSP00000434024	WikiPathways	WP1545	miRNAs involved in DNA damage response
H2AX	9606.ENSP00000434024	WikiPathways	WP183	Proteasome degradation
H2AX	9606.ENSP00000434024	WikiPathways	WP2516	ATM signaling pathway
H2AX	9606.ENSP00000434024	WikiPathways	WP3878	ATM signaling in development and disease 
H2AX	9606.ENSP00000434024	WikiPathways	WP3959	DNA IR-double strand breaks and cellular response via ATM
H2AX	9606.ENSP00000434024	WikiPathways	WP4016	DNA IR-damage and cellular response via ATR
H2AX	9606.ENSP00000434024	WikiPathways	WP4553	FBXL10 enhancement of MAP/ERK signaling in diffuse large B-cell lymphoma
H2AX	9606.ENSP00000434024	WikiPathways	WP4932	7q11.23 copy number variation syndrome
H2AX	9606.ENSP00000434024	WikiPathways	WP4946	DNA repair pathways, full network
H2AX	9606.ENSP00000434024	WikiPathways	WP5119	NIPBL role in DNA damage - Cornelia de Lange syndrome
H2AX	9606.ENSP00000434024	WikiPathways	WP707	DNA damage response
H2AX	9606.ENSP00000434024	TISSUES	BTO:0000000	Tissues, cell types and enzyme sources
H2AX	9606.ENSP00000434024	TISSUES	BTO:0000042	Animal
H2AX	9606.ENSP00000434024	TISSUES	BTO:0000081	Reproductive system
H2AX	9606.ENSP00000434024	TISSUES	BTO:0000083	Female reproductive system
H2AX	9606.ENSP00000434024	TISSUES	BTO:0000174	Embryonic structure
H2AX	9606.ENSP00000434024	TISSUES	BTO:0000180	Cervical carcinoma cell
H2AX	9606.ENSP00000434024	TISSUES	BTO:0000203	Respiratory system
H2AX	9606.ENSP00000434024	TISSUES	BTO:0000284	Organism form
H2AX	9606.ENSP00000434024	TISSUES	BTO:0000379	Embryo
H2AX	9606.ENSP00000434024	TISSUES	BTO:0000449	Fetus
H2AX	9606.ENSP00000434024	TISSUES	BTO:0000763	Lung
H2AX	9606.ENSP00000434024	TISSUES	BTO:0001078	Placenta
H2AX	9606.ENSP00000434024	TISSUES	BTO:0001489	Whole body
H2AX	9606.ENSP00000434024	TISSUES	BTO:0001541	Pronephros
H2AX	9606.ENSP00000434024	TISSUES	BTO:0003091	Urogenital system
H2AX	9606.ENSP00000434024	TISSUES	BTO:0003099	Internal female genital organ
H2AX	9606.ENSP00000434024	COMPARTMENTS	GOCC:0000785	Chromatin
H2AX	9606.ENSP00000434024	COMPARTMENTS	GOCC:0000786	Nucleosome
H2AX	9606.ENSP00000434024	COMPARTMENTS	GOCC:0000803	Sex chromosome
H2AX	9606.ENSP00000434024	COMPARTMENTS	GOCC:0001741	XY body
H2AX	9606.ENSP00000434024	COMPARTMENTS	GOCC:0005576	Extracellular region
H2AX	9606.ENSP00000434024	COMPARTMENTS	GOCC:0005622	Intracellular
H2AX	9606.ENSP00000434024	COMPARTMENTS	GOCC:0005634	Nucleus
H2AX	9606.ENSP00000434024	COMPARTMENTS	GOCC:0005654	Nucleoplasm
H2AX	9606.ENSP00000434024	COMPARTMENTS	GOCC:0005694	Chromosome
H2AX	9606.ENSP00000434024	COMPARTMENTS	GOCC:0005813	Centrosome
H2AX	9606.ENSP00000434024	COMPARTMENTS	GOCC:0005815	Microtubule organizing center
H2AX	9606.ENSP00000434024	COMPARTMENTS	GOCC:0005856	Cytoskeleton
H2AX	9606.ENSP00000434024	COMPARTMENTS	GOCC:0015630	Microtubule cytoskeleton
H2AX	9606.ENSP00000434024	COMPARTMENTS	GOCC:0016604	Nuclear body
H2AX	9606.ENSP00000434024	COMPARTMENTS	GOCC:0016607	Nuclear speck
H2AX	9606.ENSP00000434024	COMPARTMENTS	GOCC:0031974	Membrane-enclosed lumen
H2AX	9606.ENSP00000434024	COMPARTMENTS	GOCC:0031981	Nuclear lumen
H2AX	9606.ENSP00000434024	COMPARTMENTS	GOCC:0031982	Vesicle
H2AX	9606.ENSP00000434024	COMPARTMENTS	GOCC:0032991	Protein-containing complex
H2AX	9606.ENSP00000434024	COMPARTMENTS	GOCC:0032993	protein-DNA complex
H2AX	9606.ENSP00000434024	COMPARTMENTS	GOCC:0035861	Site of double-strand break
H2AX	9606.ENSP00000434024	COMPARTMENTS	GOCC:0043226	Organelle
H2AX	9606.ENSP00000434024	COMPARTMENTS	GOCC:0043227	Membrane-bounded organelle
H2AX	9606.ENSP00000434024	COMPARTMENTS	GOCC:0043228	Non-membrane-bounded organelle
H2AX	9606.ENSP00000434024	COMPARTMENTS	GOCC:0043229	Intracellular organelle
H2AX	9606.ENSP00000434024	COMPARTMENTS	GOCC:0043230	Extracellular organelle
H2AX	9606.ENSP00000434024	COMPARTMENTS	GOCC:0043231	Intracellular membrane-bounded organelle
H2AX	9606.ENSP00000434024	COMPARTMENTS	GOCC:0043232	Intracellular non-membrane-bounded organelle
H2AX	9606.ENSP00000434024	COMPARTMENTS	GOCC:0043233	Organelle lumen
H2AX	9606.ENSP00000434024	COMPARTMENTS	GOCC:0044815	DNA packaging complex
H2AX	9606.ENSP00000434024	COMPARTMENTS	GOCC:0065010	Extracellular membrane-bounded organelle
H2AX	9606.ENSP00000434024	COMPARTMENTS	GOCC:0070013	Intracellular organelle lumen
H2AX	9606.ENSP00000434024	COMPARTMENTS	GOCC:0090734	Site of DNA damage
H2AX	9606.ENSP00000434024	COMPARTMENTS	GOCC:0110165	Cellular anatomical entity
H2AX	9606.ENSP00000434024	COMPARTMENTS	GOCC:1903561	Extracellular vesicle
H2AX	9606.ENSP00000434024	Monarch	EFO:0004784	Self reported educational attainment
H2AX	9606.ENSP00000434024	Monarch	EFO:0011015	Educational attainment
H2AX	9606.ENSP00000434024	UniProt Keywords	KW-0007	Acetylation
H2AX	9606.ENSP00000434024	UniProt Keywords	KW-0131	Cell cycle
H2AX	9606.ENSP00000434024	UniProt Keywords	KW-0158	Chromosome
H2AX	9606.ENSP00000434024	UniProt Keywords	KW-0227	DNA damage
H2AX	9606.ENSP00000434024	UniProt Keywords	KW-0233	DNA recombination
H2AX	9606.ENSP00000434024	UniProt Keywords	KW-0234	DNA repair
H2AX	9606.ENSP00000434024	UniProt Keywords	KW-0238	DNA-binding
H2AX	9606.ENSP00000434024	UniProt Keywords	KW-0469	Meiosis
H2AX	9606.ENSP00000434024	UniProt Keywords	KW-0539	Nucleus
H2AX	9606.ENSP00000434024	UniProt Keywords	KW-0544	Nucleosome core
H2AX	9606.ENSP00000434024	UniProt Keywords	KW-0597	Phosphoprotein
H2AX	9606.ENSP00000434024	UniProt Keywords	KW-0832	Ubl conjugation
H2AX	9606.ENSP00000434024	UniProt Keywords	KW-0945	Host-virus interaction
H2AX	9606.ENSP00000434024	UniProt Keywords	KW-1017	Isopeptide bond
H2AX	9606.ENSP00000434024	InterPro	IPR002119	Histone H2A
H2AX	9606.ENSP00000434024	InterPro	IPR007125	Histone H2A/H2B/H3
H2AX	9606.ENSP00000434024	InterPro	IPR009072	Histone-fold
H2AX	9606.ENSP00000434024	InterPro	IPR032454	Histone H2A, C-terminal domain
H2AX	9606.ENSP00000434024	InterPro	IPR032458	Histone H2A conserved site
H2AX	9606.ENSP00000434024	SMART	SM00414	Histone 2A
H4C6	9606.ENSP00000244537	GO Process	GO:0002682	Regulation of immune system process
H4C6	9606.ENSP00000244537	GO Process	GO:0006139	Nucleobase-containing compound metabolic process
H4C6	9606.ENSP00000244537	GO Process	GO:0006325	Chromatin organization
H4C6	9606.ENSP00000244537	GO Process	GO:0006334	Nucleosome assembly
H4C6	9606.ENSP00000244537	GO Process	GO:0006335	DNA replication-dependent chromatin assembly
H4C6	9606.ENSP00000244537	GO Process	GO:0006336	DNA replication-independent chromatin assembly
H4C6	9606.ENSP00000244537	GO Process	GO:0006338	Chromatin remodeling
H4C6	9606.ENSP00000244537	GO Process	GO:0006351	Transcription, DNA-templated
H4C6	9606.ENSP00000244537	GO Process	GO:0006352	DNA-templated transcription, initiation
H4C6	9606.ENSP00000244537	GO Process	GO:0006725	Cellular aromatic compound metabolic process
H4C6	9606.ENSP00000244537	GO Process	GO:0006807	Nitrogen compound metabolic process
H4C6	9606.ENSP00000244537	GO Process	GO:0006996	Organelle organization
H4C6	9606.ENSP00000244537	GO Process	GO:0008104	Protein localization
H4C6	9606.ENSP00000244537	GO Process	GO:0008152	Metabolic process
H4C6	9606.ENSP00000244537	GO Process	GO:0009058	Biosynthetic process
H4C6	9606.ENSP00000244537	GO Process	GO:0009059	Macromolecule biosynthetic process
H4C6	9606.ENSP00000244537	GO Process	GO:0009987	Cellular process
H4C6	9606.ENSP00000244537	GO Process	GO:0010467	Gene expression
H4C6	9606.ENSP00000244537	GO Process	GO:0016043	Cellular component organization
H4C6	9606.ENSP00000244537	GO Process	GO:0016070	RNA metabolic process
H4C6	9606.ENSP00000244537	GO Process	GO:0018130	Heterocycle biosynthetic process
H4C6	9606.ENSP00000244537	GO Process	GO:0019438	Aromatic compound biosynthetic process
H4C6	9606.ENSP00000244537	GO Process	GO:0022607	Cellular component assembly
H4C6	9606.ENSP00000244537	GO Process	GO:0031497	Chromatin assembly
H4C6	9606.ENSP00000244537	GO Process	GO:0032200	Telomere organization
H4C6	9606.ENSP00000244537	GO Process	GO:0032774	RNA biosynthetic process
H4C6	9606.ENSP00000244537	GO Process	GO:0033036	Macromolecule localization
H4C6	9606.ENSP00000244537	GO Process	GO:0033365	Protein localization to organelle
H4C6	9606.ENSP00000244537	GO Process	GO:0034502	Protein localization to chromosome
H4C6	9606.ENSP00000244537	GO Process	GO:0034641	Cellular nitrogen compound metabolic process
H4C6	9606.ENSP00000244537	GO Process	GO:0034654	Nucleobase-containing compound biosynthetic process
H4C6	9606.ENSP00000244537	GO Process	GO:0034723	DNA replication-dependent chromatin organization
H4C6	9606.ENSP00000244537	GO Process	GO:0034724	DNA replication-independent chromatin organization
H4C6	9606.ENSP00000244537	GO Process	GO:0034728	Nucleosome organization
H4C6	9606.ENSP00000244537	GO Process	GO:0043170	Macromolecule metabolic process
H4C6	9606.ENSP00000244537	GO Process	GO:0043933	Protein-containing complex organization
H4C6	9606.ENSP00000244537	GO Process	GO:0044085	Cellular component biogenesis
H4C6	9606.ENSP00000244537	GO Process	GO:0044237	Cellular metabolic process
H4C6	9606.ENSP00000244537	GO Process	GO:0044238	Primary metabolic process
H4C6	9606.ENSP00000244537	GO Process	GO:0044249	Cellular biosynthetic process
H4C6	9606.ENSP00000244537	GO Process	GO:0044271	Cellular nitrogen compound biosynthetic process
H4C6	9606.ENSP00000244537	GO Process	GO:0045595	Regulation of cell differentiation
H4C6	9606.ENSP00000244537	GO Process	GO:0045596	Negative regulation of cell differentiation
H4C6	9606.ENSP00000244537	GO Process	GO:0045637	Regulation of myeloid cell differentiation
H4C6	9606.ENSP00000244537	GO Process	GO:0045638	Negative regulation of myeloid cell differentiation
H4C6	9606.ENSP00000244537	GO Process	GO:0045652	Regulation of megakaryocyte differentiation
H4C6	9606.ENSP00000244537	GO Process	GO:0045653	Negative regulation of megakaryocyte differentiation
H4C6	9606.ENSP00000244537	GO Process	GO:0046483	Heterocycle metabolic process
H4C6	9606.ENSP00000244537	GO Process	GO:0048519	Negative regulation of biological process
H4C6	9606.ENSP00000244537	GO Process	GO:0048523	Negative regulation of cellular process
H4C6	9606.ENSP00000244537	GO Process	GO:0050789	Regulation of biological process
H4C6	9606.ENSP00000244537	GO Process	GO:0050793	Regulation of developmental process
H4C6	9606.ENSP00000244537	GO Process	GO:0050794	Regulation of cellular process
H4C6	9606.ENSP00000244537	GO Process	GO:0051093	Negative regulation of developmental process
H4C6	9606.ENSP00000244537	GO Process	GO:0051179	Localization
H4C6	9606.ENSP00000244537	GO Process	GO:0051239	Regulation of multicellular organismal process
H4C6	9606.ENSP00000244537	GO Process	GO:0051276	Chromosome organization
H4C6	9606.ENSP00000244537	GO Process	GO:0051641	Cellular localization
H4C6	9606.ENSP00000244537	GO Process	GO:0061644	Protein localization to CENP-A containing chromatin
H4C6	9606.ENSP00000244537	GO Process	GO:0065003	Protein-containing complex assembly
H4C6	9606.ENSP00000244537	GO Process	GO:0065004	protein-DNA complex assembly
H4C6	9606.ENSP00000244537	GO Process	GO:0065007	Biological regulation
H4C6	9606.ENSP00000244537	GO Process	GO:0070727	Cellular macromolecule localization
H4C6	9606.ENSP00000244537	GO Process	GO:0071168	Protein localization to chromatin
H4C6	9606.ENSP00000244537	GO Process	GO:0071459	Protein localization to chromosome, centromeric region
H4C6	9606.ENSP00000244537	GO Process	GO:0071704	Organic substance metabolic process
H4C6	9606.ENSP00000244537	GO Process	GO:0071824	protein-DNA complex subunit organization
H4C6	9606.ENSP00000244537	GO Process	GO:0071840	Cellular component organization or biogenesis
H4C6	9606.ENSP00000244537	GO Process	GO:0090304	Nucleic acid metabolic process
H4C6	9606.ENSP00000244537	GO Process	GO:0097659	Nucleic acid-templated transcription
H4C6	9606.ENSP00000244537	GO Process	GO:1901360	Organic cyclic compound metabolic process
H4C6	9606.ENSP00000244537	GO Process	GO:1901362	Organic cyclic compound biosynthetic process
H4C6	9606.ENSP00000244537	GO Process	GO:1901576	Organic substance biosynthetic process
H4C6	9606.ENSP00000244537	GO Process	GO:1903706	Regulation of hemopoiesis
H4C6	9606.ENSP00000244537	GO Process	GO:2000026	Regulation of multicellular organismal development
H4C6	9606.ENSP00000244537	GO Function	GO:0003676	Nucleic acid binding
H4C6	9606.ENSP00000244537	GO Function	GO:0003677	DNA binding
H4C6	9606.ENSP00000244537	GO Function	GO:0003723	RNA binding
H4C6	9606.ENSP00000244537	GO Function	GO:0005198	Structural molecule activity
H4C6	9606.ENSP00000244537	GO Function	GO:0005488	Binding
H4C6	9606.ENSP00000244537	GO Function	GO:0005515	Protein binding
H4C6	9606.ENSP00000244537	GO Function	GO:0019904	Protein domain specific binding
H4C6	9606.ENSP00000244537	GO Function	GO:0030527	Structural constituent of chromatin
H4C6	9606.ENSP00000244537	GO Function	GO:0046982	Protein heterodimerization activity
H4C6	9606.ENSP00000244537	GO Function	GO:0046983	Protein dimerization activity
H4C6	9606.ENSP00000244537	GO Function	GO:0097159	Organic cyclic compound binding
H4C6	9606.ENSP00000244537	GO Function	GO:1901363	Heterocyclic compound binding
H4C6	9606.ENSP00000244537	GO Component	GO:0000228	Nuclear chromosome
H4C6	9606.ENSP00000244537	GO Component	GO:0000775	Chromosome, centromeric region
H4C6	9606.ENSP00000244537	GO Component	GO:0000781	Chromosome, telomeric region
H4C6	9606.ENSP00000244537	GO Component	GO:0000785	Chromatin
H4C6	9606.ENSP00000244537	GO Component	GO:0000786	Nucleosome
H4C6	9606.ENSP00000244537	GO Component	GO:0005576	Extracellular region
H4C6	9606.ENSP00000244537	GO Component	GO:0005615	Extracellular space
H4C6	9606.ENSP00000244537	GO Component	GO:0005622	Intracellular anatomical structure
H4C6	9606.ENSP00000244537	GO Component	GO:0005634	Nucleus
H4C6	9606.ENSP00000244537	GO Component	GO:0005654	Nucleoplasm
H4C6	9606.ENSP00000244537	GO Component	GO:0005694	Chromosome
H4C6	9606.ENSP00000244537	GO Component	GO:0016020	Membrane
H4C6	9606.ENSP00000244537	GO Component	GO:0031974	Membrane-enclosed lumen
H4C6	9606.ENSP00000244537	GO Component	GO:0031981	Nuclear lumen
H4C6	9606.ENSP00000244537	GO Component	GO:0031982	Vesicle
H4C6	9606.ENSP00000244537	GO Component	GO:0032991	Protein-containing complex
H4C6	9606.ENSP00000244537	GO Component	GO:0032993	protein-DNA complex
H4C6	9606.ENSP00000244537	GO Component	GO:0034506	Chromosome, centromeric core domain
H4C6	9606.ENSP00000244537	GO Component	GO:0043226	Organelle
H4C6	9606.ENSP00000244537	GO Component	GO:0043227	Membrane-bounded organelle
H4C6	9606.ENSP00000244537	GO Component	GO:0043228	Non-membrane-bounded organelle
H4C6	9606.ENSP00000244537	GO Component	GO:0043229	Intracellular organelle
H4C6	9606.ENSP00000244537	GO Component	GO:0043230	Extracellular organelle
H4C6	9606.ENSP00000244537	GO Component	GO:0043231	Intracellular membrane-bounded organelle
H4C6	9606.ENSP00000244537	GO Component	GO:0043232	Intracellular non-membrane-bounded organelle
H4C6	9606.ENSP00000244537	GO Component	GO:0043233	Organelle lumen
H4C6	9606.ENSP00000244537	GO Component	GO:0043505	CENP-A containing nucleosome
H4C6	9606.ENSP00000244537	GO Component	GO:0044815	DNA packaging complex
H4C6	9606.ENSP00000244537	GO Component	GO:0061638	CENP-A containing chromatin
H4C6	9606.ENSP00000244537	GO Component	GO:0065010	Extracellular membrane-bounded organelle
H4C6	9606.ENSP00000244537	GO Component	GO:0070013	Intracellular organelle lumen
H4C6	9606.ENSP00000244537	GO Component	GO:0070062	Extracellular exosome
H4C6	9606.ENSP00000244537	GO Component	GO:0098687	Chromosomal region
H4C6	9606.ENSP00000244537	GO Component	GO:0110165	Cellular anatomical entity
H4C6	9606.ENSP00000244537	GO Component	GO:1903561	Extracellular vesicle
H4C6	9606.ENSP00000244537	STRING clusters	CL:6596	Mixed, incl. Mitotic Spindle Checkpoint, and Mitotic sister chromatid segregation
H4C6	9606.ENSP00000244537	STRING clusters	CL:6597	Mixed, incl. Amplification of signal from the kinetochores, and Mitotic sister chromatid segregation
H4C6	9606.ENSP00000244537	STRING clusters	CL:6599	Amplification of signal from the kinetochores, and Mitotic sister chromatid segregation
H4C6	9606.ENSP00000244537	STRING clusters	CL:6601	Mixed, incl. Centromere, and Condensin complex
H4C6	9606.ENSP00000244537	STRING clusters	CL:6604	Mixed, incl. Amplification of signal from the kinetochores, and Condensin complex
H4C6	9606.ENSP00000244537	STRING clusters	CL:6728	Centromere complex assembly, and NMS complex
H4C6	9606.ENSP00000244537	STRING clusters	CL:6729	Centromere complex assembly, and Histone H4
H4C6	9606.ENSP00000244537	KEGG	hsa05034	Alcoholism
H4C6	9606.ENSP00000244537	KEGG	hsa05203	Viral carcinogenesis
H4C6	9606.ENSP00000244537	KEGG	hsa05322	Systemic lupus erythematosus
H4C6	9606.ENSP00000244537	Reactome	HSA-110328	Recognition and association of DNA glycosylase with site containing an affected pyrimidine
H4C6	9606.ENSP00000244537	Reactome	HSA-110329	Cleavage of the damaged pyrimidine
H4C6	9606.ENSP00000244537	Reactome	HSA-110330	Recognition and association of DNA glycosylase with site containing an affected purine
H4C6	9606.ENSP00000244537	Reactome	HSA-110331	Cleavage of the damaged purine
H4C6	9606.ENSP00000244537	Reactome	HSA-1221632	Meiotic synapsis
H4C6	9606.ENSP00000244537	Reactome	HSA-1266738	Developmental Biology
H4C6	9606.ENSP00000244537	Reactome	HSA-1474165	Reproduction
H4C6	9606.ENSP00000244537	Reactome	HSA-1500620	Meiosis
H4C6	9606.ENSP00000244537	Reactome	HSA-157118	Signaling by NOTCH
H4C6	9606.ENSP00000244537	Reactome	HSA-157579	Telomere Maintenance
H4C6	9606.ENSP00000244537	Reactome	HSA-162582	Signal Transduction
H4C6	9606.ENSP00000244537	Reactome	HSA-1640170	Cell Cycle
H4C6	9606.ENSP00000244537	Reactome	HSA-1643685	Disease
H4C6	9606.ENSP00000244537	Reactome	HSA-171306	Packaging Of Telomere Ends
H4C6	9606.ENSP00000244537	Reactome	HSA-1912408	Pre-NOTCH Transcription and Translation
H4C6	9606.ENSP00000244537	Reactome	HSA-1912422	Pre-NOTCH Expression and Processing
H4C6	9606.ENSP00000244537	Reactome	HSA-194315	Signaling by Rho GTPases
H4C6	9606.ENSP00000244537	Reactome	HSA-195258	RHO GTPase Effectors
H4C6	9606.ENSP00000244537	Reactome	HSA-195721	Signaling by WNT
H4C6	9606.ENSP00000244537	Reactome	HSA-201681	TCF dependent signaling in response to WNT
H4C6	9606.ENSP00000244537	Reactome	HSA-201722	Formation of the beta-catenin:TCF transactivating complex
H4C6	9606.ENSP00000244537	Reactome	HSA-211000	Gene Silencing by RNA
H4C6	9606.ENSP00000244537	Reactome	HSA-212165	Epigenetic regulation of gene expression
H4C6	9606.ENSP00000244537	Reactome	HSA-212300	PRC2 methylates histones and DNA
H4C6	9606.ENSP00000244537	Reactome	HSA-212436	Generic Transcription Pathway
H4C6	9606.ENSP00000244537	Reactome	HSA-2262752	Cellular responses to stress
H4C6	9606.ENSP00000244537	Reactome	HSA-2299718	Condensation of Prophase Chromosomes
H4C6	9606.ENSP00000244537	Reactome	HSA-2559580	Oxidative Stress Induced Senescence
H4C6	9606.ENSP00000244537	Reactome	HSA-2559582	Senescence-Associated Secretory Phenotype (SASP)
H4C6	9606.ENSP00000244537	Reactome	HSA-2559583	Cellular Senescence
H4C6	9606.ENSP00000244537	Reactome	HSA-2559586	DNA Damage/Telomere Stress Induced Senescence
H4C6	9606.ENSP00000244537	Reactome	HSA-2990846	SUMOylation
H4C6	9606.ENSP00000244537	Reactome	HSA-3108232	SUMO E3 ligases SUMOylate target proteins
H4C6	9606.ENSP00000244537	Reactome	HSA-3214815	HDACs deacetylate histones
H4C6	9606.ENSP00000244537	Reactome	HSA-3214841	PKMTs methylate histone lysines
H4C6	9606.ENSP00000244537	Reactome	HSA-3214842	HDMs demethylate histones
H4C6	9606.ENSP00000244537	Reactome	HSA-3214847	HATs acetylate histones
H4C6	9606.ENSP00000244537	Reactome	HSA-3214858	RMTs methylate histone arginines
H4C6	9606.ENSP00000244537	Reactome	HSA-3247509	Chromatin modifying enzymes
H4C6	9606.ENSP00000244537	Reactome	HSA-392499	Metabolism of proteins
H4C6	9606.ENSP00000244537	Reactome	HSA-427359	SIRT1 negatively regulates rRNA expression
H4C6	9606.ENSP00000244537	Reactome	HSA-427389	ERCC6 (CSB) and EHMT2 (G9a) positively regulate rRNA expression
H4C6	9606.ENSP00000244537	Reactome	HSA-427413	NoRC negatively regulates rRNA expression
H4C6	9606.ENSP00000244537	Reactome	HSA-4551638	SUMOylation of chromatin organization proteins
H4C6	9606.ENSP00000244537	Reactome	HSA-4839726	Chromatin organization
H4C6	9606.ENSP00000244537	Reactome	HSA-5250913	Positive epigenetic regulation of rRNA expression
H4C6	9606.ENSP00000244537	Reactome	HSA-5250924	B-WICH complex positively regulates rRNA expression
H4C6	9606.ENSP00000244537	Reactome	HSA-5250941	Negative epigenetic regulation of rRNA expression
H4C6	9606.ENSP00000244537	Reactome	HSA-5334118	DNA methylation
H4C6	9606.ENSP00000244537	Reactome	HSA-5578749	Transcriptional regulation by small RNAs
H4C6	9606.ENSP00000244537	Reactome	HSA-5617472	Activation of anterior HOX genes in hindbrain development during early embryogenesis
H4C6	9606.ENSP00000244537	Reactome	HSA-5619507	Activation of HOX genes during differentiation
H4C6	9606.ENSP00000244537	Reactome	HSA-5625740	RHO GTPases activate PKNs
H4C6	9606.ENSP00000244537	Reactome	HSA-5625886	Activated PKN1 stimulates transcription of AR (androgen receptor) regulated genes KLK2 and KLK3
H4C6	9606.ENSP00000244537	Reactome	HSA-5663205	Infectious disease
H4C6	9606.ENSP00000244537	Reactome	HSA-5693532	DNA Double-Strand Break Repair
H4C6	9606.ENSP00000244537	Reactome	HSA-5693538	Homology Directed Repair
H4C6	9606.ENSP00000244537	Reactome	HSA-5693565	Recruitment and ATM-mediated phosphorylation of repair and signaling proteins at DNA double strand breaks
H4C6	9606.ENSP00000244537	Reactome	HSA-5693567	HDR through Homologous Recombination (HRR) or Single Strand Annealing (SSA)
H4C6	9606.ENSP00000244537	Reactome	HSA-5693571	Nonhomologous End-Joining (NHEJ)
H4C6	9606.ENSP00000244537	Reactome	HSA-5693606	DNA Double Strand Break Response
H4C6	9606.ENSP00000244537	Reactome	HSA-5693607	Processing of DNA double-strand break ends
H4C6	9606.ENSP00000244537	Reactome	HSA-597592	Post-translational protein modification
H4C6	9606.ENSP00000244537	Reactome	HSA-606279	Deposition of new CENPA-containing nucleosomes at the centromere
H4C6	9606.ENSP00000244537	Reactome	HSA-68616	Assembly of the ORC complex at the origin of replication
H4C6	9606.ENSP00000244537	Reactome	HSA-68867	Assembly of the pre-replicative complex
H4C6	9606.ENSP00000244537	Reactome	HSA-68875	Mitotic Prophase
H4C6	9606.ENSP00000244537	Reactome	HSA-68886	M Phase
H4C6	9606.ENSP00000244537	Reactome	HSA-69002	DNA Replication Pre-Initiation
H4C6	9606.ENSP00000244537	Reactome	HSA-69278	Cell Cycle, Mitotic
H4C6	9606.ENSP00000244537	Reactome	HSA-69306	DNA Replication
H4C6	9606.ENSP00000244537	Reactome	HSA-69473	G2/M DNA damage checkpoint
H4C6	9606.ENSP00000244537	Reactome	HSA-69481	G2/M Checkpoints
H4C6	9606.ENSP00000244537	Reactome	HSA-69620	Cell Cycle Checkpoints
H4C6	9606.ENSP00000244537	Reactome	HSA-73728	RNA Polymerase I Promoter Opening
H4C6	9606.ENSP00000244537	Reactome	HSA-73772	RNA Polymerase I Promoter Escape
H4C6	9606.ENSP00000244537	Reactome	HSA-73854	RNA Polymerase I Promoter Clearance
H4C6	9606.ENSP00000244537	Reactome	HSA-73857	RNA Polymerase II Transcription
H4C6	9606.ENSP00000244537	Reactome	HSA-73864	RNA Polymerase I Transcription
H4C6	9606.ENSP00000244537	Reactome	HSA-73884	Base Excision Repair
H4C6	9606.ENSP00000244537	Reactome	HSA-73886	Chromosome Maintenance
H4C6	9606.ENSP00000244537	Reactome	HSA-73894	DNA Repair
H4C6	9606.ENSP00000244537	Reactome	HSA-73927	Depurination
H4C6	9606.ENSP00000244537	Reactome	HSA-73928	Depyrimidination
H4C6	9606.ENSP00000244537	Reactome	HSA-73929	Base-Excision Repair, AP Site Formation
H4C6	9606.ENSP00000244537	Reactome	HSA-74160	Gene expression (Transcription)
H4C6	9606.ENSP00000244537	Reactome	HSA-774815	Nucleosome assembly
H4C6	9606.ENSP00000244537	Reactome	HSA-8878171	Transcriptional regulation by RUNX1
H4C6	9606.ENSP00000244537	Reactome	HSA-8936459	RUNX1 regulates genes involved in megakaryocyte differentiation and platelet function
H4C6	9606.ENSP00000244537	Reactome	HSA-8939211	ESR-mediated signaling
H4C6	9606.ENSP00000244537	Reactome	HSA-8939236	RUNX1 regulates transcription of genes involved in differentiation of HSCs
H4C6	9606.ENSP00000244537	Reactome	HSA-8953897	Cellular responses to stimuli
H4C6	9606.ENSP00000244537	Reactome	HSA-9006931	Signaling by Nuclear Receptors
H4C6	9606.ENSP00000244537	Reactome	HSA-9018519	Estrogen-dependent gene expression
H4C6	9606.ENSP00000244537	Reactome	HSA-912446	Meiotic recombination
H4C6	9606.ENSP00000244537	Reactome	HSA-9609646	HCMV Infection
H4C6	9606.ENSP00000244537	Reactome	HSA-9609690	HCMV Early Events
H4C6	9606.ENSP00000244537	Reactome	HSA-9610379	HCMV Late Events
H4C6	9606.ENSP00000244537	Reactome	HSA-9616222	Transcriptional regulation of granulopoiesis
H4C6	9606.ENSP00000244537	Reactome	HSA-9645723	Diseases of programmed cell death
H4C6	9606.ENSP00000244537	Reactome	HSA-9670095	Inhibition of DNA recombination at telomere
H4C6	9606.ENSP00000244537	Reactome	HSA-9710421	Defective pyroptosis
H4C6	9606.ENSP00000244537	Reactome	HSA-9716542	Signaling by Rho GTPases, Miro GTPases and RHOBTB3
H4C6	9606.ENSP00000244537	Reactome	HSA-977225	Amyloid fiber formation
H4C6	9606.ENSP00000244537	WikiPathways	WP2369	Histone modifications
H4C6	9606.ENSP00000244537	WikiPathways	WP5114	Nucleotide excision repair in xeroderma pigmentosum 
H4C6	9606.ENSP00000244537	TISSUES	BTO:0000000	Tissues, cell types and enzyme sources
H4C6	9606.ENSP00000244537	TISSUES	BTO:0000042	Animal
H4C6	9606.ENSP00000244537	TISSUES	BTO:0000081	Reproductive system
H4C6	9606.ENSP00000244537	TISSUES	BTO:0000083	Female reproductive system
H4C6	9606.ENSP00000244537	TISSUES	BTO:0000089	Blood
H4C6	9606.ENSP00000244537	TISSUES	BTO:0000142	Brain
H4C6	9606.ENSP00000244537	TISSUES	BTO:0000146	Brain stem
H4C6	9606.ENSP00000244537	TISSUES	BTO:0000174	Embryonic structure
H4C6	9606.ENSP00000244537	TISSUES	BTO:0000180	Cervical carcinoma cell
H4C6	9606.ENSP00000244537	TISSUES	BTO:0000202	Sense organ
H4C6	9606.ENSP00000244537	TISSUES	BTO:0000227	Central nervous system
H4C6	9606.ENSP00000244537	TISSUES	BTO:0000232	Cerebellum
H4C6	9606.ENSP00000244537	TISSUES	BTO:0000282	Head
H4C6	9606.ENSP00000244537	TISSUES	BTO:0000284	Organism form
H4C6	9606.ENSP00000244537	TISSUES	BTO:0000345	Digestive gland
H4C6	9606.ENSP00000244537	TISSUES	BTO:0000426	Erythroleukemia cell
H4C6	9606.ENSP00000244537	TISSUES	BTO:0000439	Eye
H4C6	9606.ENSP00000244537	TISSUES	BTO:0000449	Fetus
H4C6	9606.ENSP00000244537	TISSUES	BTO:0000522	Gland
H4C6	9606.ENSP00000244537	TISSUES	BTO:0000570	Hematopoietic system
H4C6	9606.ENSP00000244537	TISSUES	BTO:0000574	Hematopoietic cell
H4C6	9606.ENSP00000244537	TISSUES	BTO:0000580	Blood cancer cell
H4C6	9606.ENSP00000244537	TISSUES	BTO:0000583	Bone marrow cancer cell
H4C6	9606.ENSP00000244537	TISSUES	BTO:0000672	Hindbrain
H4C6	9606.ENSP00000244537	TISSUES	BTO:0000673	Metencephalon
H4C6	9606.ENSP00000244537	TISSUES	BTO:0000744	Lymphocytic leukemia cell
H4C6	9606.ENSP00000244537	TISSUES	BTO:0000751	Leukocyte
H4C6	9606.ENSP00000244537	TISSUES	BTO:0000753	Lymphoid tissue
H4C6	9606.ENSP00000244537	TISSUES	BTO:0000759	Liver
H4C6	9606.ENSP00000244537	TISSUES	BTO:0000772	Lymphoblast
H4C6	9606.ENSP00000244537	TISSUES	BTO:0000775	Lymphocyte
H4C6	9606.ENSP00000244537	TISSUES	BTO:0000785	Lymphoma cell
H4C6	9606.ENSP00000244537	TISSUES	BTO:0001078	Placenta
H4C6	9606.ENSP00000244537	TISSUES	BTO:0001096	Lymphoid cell
H4C6	9606.ENSP00000244537	TISSUES	BTO:0001271	Leukemia cell
H4C6	9606.ENSP00000244537	TISSUES	BTO:0001484	Nervous system
H4C6	9606.ENSP00000244537	TISSUES	BTO:0001488	Endocrine gland
H4C6	9606.ENSP00000244537	TISSUES	BTO:0001489	Whole body
H4C6	9606.ENSP00000244537	TISSUES	BTO:0001491	Viscus
H4C6	9606.ENSP00000244537	TISSUES	BTO:0001546	Chronic lymphocytic leukemia cell
H4C6	9606.ENSP00000244537	TISSUES	BTO:0001690	B-cell lymphoma cell
H4C6	9606.ENSP00000244537	TISSUES	BTO:0003091	Urogenital system
H4C6	9606.ENSP00000244537	TISSUES	BTO:0003099	Internal female genital organ
H4C6	9606.ENSP00000244537	TISSUES	BTO:0005810	Immune system
H4C6	9606.ENSP00000244537	COMPARTMENTS	GOCC:0000228	Nuclear chromosome
H4C6	9606.ENSP00000244537	COMPARTMENTS	GOCC:0000775	Chromosome, centromeric region
H4C6	9606.ENSP00000244537	COMPARTMENTS	GOCC:0000785	Chromatin
H4C6	9606.ENSP00000244537	COMPARTMENTS	GOCC:0000786	Nucleosome
H4C6	9606.ENSP00000244537	COMPARTMENTS	GOCC:0005576	Extracellular region
H4C6	9606.ENSP00000244537	COMPARTMENTS	GOCC:0005622	Intracellular
H4C6	9606.ENSP00000244537	COMPARTMENTS	GOCC:0005634	Nucleus
H4C6	9606.ENSP00000244537	COMPARTMENTS	GOCC:0005654	Nucleoplasm
H4C6	9606.ENSP00000244537	COMPARTMENTS	GOCC:0005694	Chromosome
H4C6	9606.ENSP00000244537	COMPARTMENTS	GOCC:0031974	Membrane-enclosed lumen
H4C6	9606.ENSP00000244537	COMPARTMENTS	GOCC:0031981	Nuclear lumen
H4C6	9606.ENSP00000244537	COMPARTMENTS	GOCC:0031982	Vesicle
H4C6	9606.ENSP00000244537	COMPARTMENTS	GOCC:0032991	Protein-containing complex
H4C6	9606.ENSP00000244537	COMPARTMENTS	GOCC:0032993	protein-DNA complex
H4C6	9606.ENSP00000244537	COMPARTMENTS	GOCC:0034506	Chromosome, centromeric core domain
H4C6	9606.ENSP00000244537	COMPARTMENTS	GOCC:0043226	Organelle
H4C6	9606.ENSP00000244537	COMPARTMENTS	GOCC:0043227	Membrane-bounded organelle
H4C6	9606.ENSP00000244537	COMPARTMENTS	GOCC:0043228	Non-membrane-bounded organelle
H4C6	9606.ENSP00000244537	COMPARTMENTS	GOCC:0043229	Intracellular organelle
H4C6	9606.ENSP00000244537	COMPARTMENTS	GOCC:0043230	Extracellular organelle
H4C6	9606.ENSP00000244537	COMPARTMENTS	GOCC:0043231	Intracellular membrane-bounded organelle
H4C6	9606.ENSP00000244537	COMPARTMENTS	GOCC:0043232	Intracellular non-membrane-bounded organelle
H4C6	9606.ENSP00000244537	COMPARTMENTS	GOCC:0043233	Organelle lumen
H4C6	9606.ENSP00000244537	COMPARTMENTS	GOCC:0043505	CENP-A containing nucleosome
H4C6	9606.ENSP00000244537	COMPARTMENTS	GOCC:0044815	DNA packaging complex
H4C6	9606.ENSP00000244537	COMPARTMENTS	GOCC:0061638	CENP-A containing chromatin
H4C6	9606.ENSP00000244537	COMPARTMENTS	GOCC:0065010	Extracellular membrane-bounded organelle
H4C6	9606.ENSP00000244537	COMPARTMENTS	GOCC:0070013	Intracellular organelle lumen
H4C6	9606.ENSP00000244537	COMPARTMENTS	GOCC:0098687	Chromosomal region
H4C6	9606.ENSP00000244537	COMPARTMENTS	GOCC:0110165	Cellular anatomical entity
H4C6	9606.ENSP00000244537	COMPARTMENTS	GOCC:1903561	Extracellular vesicle
H4C6	9606.ENSP00000244537	UniProt Keywords	KW-0007	Acetylation
H4C6	9606.ENSP00000244537	UniProt Keywords	KW-0158	Chromosome
H4C6	9606.ENSP00000244537	UniProt Keywords	KW-0160	Chromosomal rearrangement
H4C6	9606.ENSP00000244537	UniProt Keywords	KW-0164	Citrullination
H4C6	9606.ENSP00000244537	UniProt Keywords	KW-0238	DNA-binding
H4C6	9606.ENSP00000244537	UniProt Keywords	KW-0379	Hydroxylation
H4C6	9606.ENSP00000244537	UniProt Keywords	KW-0488	Methylation
H4C6	9606.ENSP00000244537	UniProt Keywords	KW-0539	Nucleus
H4C6	9606.ENSP00000244537	UniProt Keywords	KW-0544	Nucleosome core
H4C6	9606.ENSP00000244537	UniProt Keywords	KW-0597	Phosphoprotein
H4C6	9606.ENSP00000244537	UniProt Keywords	KW-0832	Ubl conjugation
H4C6	9606.ENSP00000244537	UniProt Keywords	KW-1017	Isopeptide bond
H4C6	9606.ENSP00000244537	InterPro	IPR001951	Histone H4
H4C6	9606.ENSP00000244537	InterPro	IPR004823	TATA box binding protein associated factor (TAF), histone-like fold domain
H4C6	9606.ENSP00000244537	InterPro	IPR009072	Histone-fold
H4C6	9606.ENSP00000244537	InterPro	IPR019809	Histone H4, conserved site
H4C6	9606.ENSP00000244537	InterPro	IPR035425	CENP-T/Histone H4, histone fold
H4C6	9606.ENSP00000244537	SMART	SM00417	Histone H4
MDC1	9606.ENSP00000365588	GO Process	GO:0000075	Cell cycle checkpoint signaling
MDC1	9606.ENSP00000365588	GO Process	GO:0000077	DNA damage checkpoint signaling
MDC1	9606.ENSP00000365588	GO Process	GO:0000278	Mitotic cell cycle
MDC1	9606.ENSP00000365588	GO Process	GO:0006139	Nucleobase-containing compound metabolic process
MDC1	9606.ENSP00000365588	GO Process	GO:0006259	DNA metabolic process
MDC1	9606.ENSP00000365588	GO Process	GO:0006281	DNA repair
MDC1	9606.ENSP00000365588	GO Process	GO:0006725	Cellular aromatic compound metabolic process
MDC1	9606.ENSP00000365588	GO Process	GO:0006807	Nitrogen compound metabolic process
MDC1	9606.ENSP00000365588	GO Process	GO:0006950	Response to stress
MDC1	9606.ENSP00000365588	GO Process	GO:0006974	Cellular response to DNA damage stimulus
MDC1	9606.ENSP00000365588	GO Process	GO:0007049	Cell cycle
MDC1	9606.ENSP00000365588	GO Process	GO:0007093	Mitotic cell cycle checkpoint signaling
MDC1	9606.ENSP00000365588	GO Process	GO:0007154	Cell communication
MDC1	9606.ENSP00000365588	GO Process	GO:0007165	Signal transduction
MDC1	9606.ENSP00000365588	GO Process	GO:0007346	Regulation of mitotic cell cycle
MDC1	9606.ENSP00000365588	GO Process	GO:0008152	Metabolic process
MDC1	9606.ENSP00000365588	GO Process	GO:0009987	Cellular process
MDC1	9606.ENSP00000365588	GO Process	GO:0010564	Regulation of cell cycle process
MDC1	9606.ENSP00000365588	GO Process	GO:0010948	Negative regulation of cell cycle process
MDC1	9606.ENSP00000365588	GO Process	GO:0022402	Cell cycle process
MDC1	9606.ENSP00000365588	GO Process	GO:0023052	Signaling
MDC1	9606.ENSP00000365588	GO Process	GO:0031570	DNA integrity checkpoint signaling
MDC1	9606.ENSP00000365588	GO Process	GO:0031573	Mitotic intra-S DNA damage checkpoint signaling
MDC1	9606.ENSP00000365588	GO Process	GO:0033554	Cellular response to stress
MDC1	9606.ENSP00000365588	GO Process	GO:0034641	Cellular nitrogen compound metabolic process
MDC1	9606.ENSP00000365588	GO Process	GO:0035556	Intracellular signal transduction
MDC1	9606.ENSP00000365588	GO Process	GO:0042770	Signal transduction in response to DNA damage
MDC1	9606.ENSP00000365588	GO Process	GO:0043170	Macromolecule metabolic process
MDC1	9606.ENSP00000365588	GO Process	GO:0044237	Cellular metabolic process
MDC1	9606.ENSP00000365588	GO Process	GO:0044238	Primary metabolic process
MDC1	9606.ENSP00000365588	GO Process	GO:0044260	Cellular macromolecule metabolic process
MDC1	9606.ENSP00000365588	GO Process	GO:0044773	Mitotic DNA damage checkpoint signaling
MDC1	9606.ENSP00000365588	GO Process	GO:0044774	Mitotic DNA integrity checkpoint signaling
MDC1	9606.ENSP00000365588	GO Process	GO:0045786	Negative regulation of cell cycle
MDC1	9606.ENSP00000365588	GO Process	GO:0045930	Negative regulation of mitotic cell cycle
MDC1	9606.ENSP00000365588	GO Process	GO:0046483	Heterocycle metabolic process
MDC1	9606.ENSP00000365588	GO Process	GO:0048519	Negative regulation of biological process
MDC1	9606.ENSP00000365588	GO Process	GO:0048523	Negative regulation of cellular process
MDC1	9606.ENSP00000365588	GO Process	GO:0050789	Regulation of biological process
MDC1	9606.ENSP00000365588	GO Process	GO:0050794	Regulation of cellular process
MDC1	9606.ENSP00000365588	GO Process	GO:0050896	Response to stimulus
MDC1	9606.ENSP00000365588	GO Process	GO:0051716	Cellular response to stimulus
MDC1	9606.ENSP00000365588	GO Process	GO:0051726	Regulation of cell cycle
MDC1	9606.ENSP00000365588	GO Process	GO:0065007	Biological regulation
MDC1	9606.ENSP00000365588	GO Process	GO:0071704	Organic substance metabolic process
MDC1	9606.ENSP00000365588	GO Process	GO:0090304	Nucleic acid metabolic process
MDC1	9606.ENSP00000365588	GO Process	GO:1901360	Organic cyclic compound metabolic process
MDC1	9606.ENSP00000365588	GO Process	GO:1901987	Regulation of cell cycle phase transition
MDC1	9606.ENSP00000365588	GO Process	GO:1901988	Negative regulation of cell cycle phase transition
MDC1	9606.ENSP00000365588	GO Process	GO:1903047	Mitotic cell cycle process
MDC1	9606.ENSP00000365588	GO Function	GO:0005488	Binding
MDC1	9606.ENSP00000365588	GO Function	GO:0005515	Protein binding
MDC1	9606.ENSP00000365588	GO Function	GO:0008022	Protein C-terminus binding
MDC1	9606.ENSP00000365588	GO Function	GO:0019904	Protein domain specific binding
MDC1	9606.ENSP00000365588	GO Function	GO:0070975	FHA domain binding
MDC1	9606.ENSP00000365588	GO Component	GO:0005622	Intracellular anatomical structure
MDC1	9606.ENSP00000365588	GO Component	GO:0005634	Nucleus
MDC1	9606.ENSP00000365588	GO Component	GO:0005654	Nucleoplasm
MDC1	9606.ENSP00000365588	GO Component	GO:0005694	Chromosome
MDC1	9606.ENSP00000365588	GO Component	GO:0005925	Focal adhesion
MDC1	9606.ENSP00000365588	GO Component	GO:0016604	Nuclear body
MDC1	9606.ENSP00000365588	GO Component	GO:0030054	Cell junction
MDC1	9606.ENSP00000365588	GO Component	GO:0030055	Cell-substrate junction
MDC1	9606.ENSP00000365588	GO Component	GO:0031974	Membrane-enclosed lumen
MDC1	9606.ENSP00000365588	GO Component	GO:0031981	Nuclear lumen
MDC1	9606.ENSP00000365588	GO Component	GO:0043226	Organelle
MDC1	9606.ENSP00000365588	GO Component	GO:0043227	Membrane-bounded organelle
MDC1	9606.ENSP00000365588	GO Component	GO:0043228	Non-membrane-bounded organelle
MDC1	9606.ENSP00000365588	GO Component	GO:0043229	Intracellular organelle
MDC1	9606.ENSP00000365588	GO Component	GO:0043231	Intracellular membrane-bounded organelle
MDC1	9606.ENSP00000365588	GO Component	GO:0043232	Intracellular non-membrane-bounded organelle
MDC1	9606.ENSP00000365588	GO Component	GO:0043233	Organelle lumen
MDC1	9606.ENSP00000365588	GO Component	GO:0070013	Intracellular organelle lumen
MDC1	9606.ENSP00000365588	GO Component	GO:0070161	Anchoring junction
MDC1	9606.ENSP00000365588	GO Component	GO:0110165	Cellular anatomical entity
MDC1	9606.ENSP00000365588	STRING clusters	CL:6143	DNA repair pathways, full network, and HDR through Homologous Recombination (HRR)
MDC1	9606.ENSP00000365588	STRING clusters	CL:6144	DNA repair pathways, full network, and HDR through Homologous Recombination (HRR)
MDC1	9606.ENSP00000365588	STRING clusters	CL:6145	DNA repair pathways, full network, and HDR through Homologous Recombination (HRR)
MDC1	9606.ENSP00000365588	STRING clusters	CL:6146	Mixed, incl. Fanconi anemia pathway, and DNA repair complex
MDC1	9606.ENSP00000365588	STRING clusters	CL:6147	DNA repair pathways, full network, and HDR through Homologous Recombination (HRR)
MDC1	9606.ENSP00000365588	STRING clusters	CL:6148	Diseases of DNA repair, and DNA repair complex
MDC1	9606.ENSP00000365588	STRING clusters	CL:6149	Homologous DNA Pairing and Strand Exchange, and Response to intra-S DNA damage checkpoint signaling
MDC1	9606.ENSP00000365588	STRING clusters	CL:6150	Resolution of D-loop Structures through Holliday Junction Intermediates, and RIDDLE syndrome
MDC1	9606.ENSP00000365588	STRING clusters	CL:6195	BRCA1-C complex, and NIPBL role in DNA damage - Cornelia de Lange syndrome
MDC1	9606.ENSP00000365588	STRING clusters	CL:6196	NIPBL role in DNA damage - Cornelia de Lange syndrome
MDC1	9606.ENSP00000365588	Reactome	HSA-1640170	Cell Cycle
MDC1	9606.ENSP00000365588	Reactome	HSA-212436	Generic Transcription Pathway
MDC1	9606.ENSP00000365588	Reactome	HSA-2990846	SUMOylation
MDC1	9606.ENSP00000365588	Reactome	HSA-3108214	SUMOylation of DNA damage response and repair proteins
MDC1	9606.ENSP00000365588	Reactome	HSA-3108232	SUMO E3 ligases SUMOylate target proteins
MDC1	9606.ENSP00000365588	Reactome	HSA-3700989	Transcriptional Regulation by TP53
MDC1	9606.ENSP00000365588	Reactome	HSA-392499	Metabolism of proteins
MDC1	9606.ENSP00000365588	Reactome	HSA-5693532	DNA Double-Strand Break Repair
MDC1	9606.ENSP00000365588	Reactome	HSA-5693538	Homology Directed Repair
MDC1	9606.ENSP00000365588	Reactome	HSA-5693565	Recruitment and ATM-mediated phosphorylation of repair and signaling proteins at DNA double strand breaks
MDC1	9606.ENSP00000365588	Reactome	HSA-5693567	HDR through Homologous Recombination (HRR) or Single Strand Annealing (SSA)
MDC1	9606.ENSP00000365588	Reactome	HSA-5693571	Nonhomologous End-Joining (NHEJ)
MDC1	9606.ENSP00000365588	Reactome	HSA-5693606	DNA Double Strand Break Response
MDC1	9606.ENSP00000365588	Reactome	HSA-5693607	Processing of DNA double-strand break ends
MDC1	9606.ENSP00000365588	Reactome	HSA-597592	Post-translational protein modification
MDC1	9606.ENSP00000365588	Reactome	HSA-6796648	TP53 Regulates Transcription of DNA Repair Genes
MDC1	9606.ENSP00000365588	Reactome	HSA-69473	G2/M DNA damage checkpoint
MDC1	9606.ENSP00000365588	Reactome	HSA-69481	G2/M Checkpoints
MDC1	9606.ENSP00000365588	Reactome	HSA-69620	Cell Cycle Checkpoints
MDC1	9606.ENSP00000365588	Reactome	HSA-73857	RNA Polymerase II Transcription
MDC1	9606.ENSP00000365588	Reactome	HSA-73894	DNA Repair
MDC1	9606.ENSP00000365588	Reactome	HSA-74160	Gene expression (Transcription)
MDC1	9606.ENSP00000365588	WikiPathways	WP2516	ATM signaling pathway
MDC1	9606.ENSP00000365588	WikiPathways	WP3878	ATM signaling in development and disease 
MDC1	9606.ENSP00000365588	WikiPathways	WP3959	DNA IR-double strand breaks and cellular response via ATM
MDC1	9606.ENSP00000365588	WikiPathways	WP4016	DNA IR-damage and cellular response via ATR
MDC1	9606.ENSP00000365588	WikiPathways	WP5118	SMC1/SMC3 role in DNA damage - Cornelia de Lange Syndrome
MDC1	9606.ENSP00000365588	WikiPathways	WP5119	NIPBL role in DNA damage - Cornelia de Lange syndrome
MDC1	9606.ENSP00000365588	DISEASES	DOID:0050177	Monogenic disease
MDC1	9606.ENSP00000365588	DISEASES	DOID:0050737	Autosomal recessive disease
MDC1	9606.ENSP00000365588	DISEASES	DOID:0050739	Autosomal genetic disease
MDC1	9606.ENSP00000365588	DISEASES	DOID:225	Syndrome
MDC1	9606.ENSP00000365588	DISEASES	DOID:4	Disease
MDC1	9606.ENSP00000365588	DISEASES	DOID:630	Genetic disease
MDC1	9606.ENSP00000365588	DISEASES	DOID:7400	Nijmegen breakage syndrome
MDC1	9606.ENSP00000365588	TISSUES	BTO:0000000	Tissues, cell types and enzyme sources
MDC1	9606.ENSP00000365588	TISSUES	BTO:0000042	Animal
MDC1	9606.ENSP00000365588	TISSUES	BTO:0000080	Male reproductive gland
MDC1	9606.ENSP00000365588	TISSUES	BTO:0000081	Reproductive system
MDC1	9606.ENSP00000365588	TISSUES	BTO:0000082	Male reproductive system
MDC1	9606.ENSP00000365588	TISSUES	BTO:0000083	Female reproductive system
MDC1	9606.ENSP00000365588	TISSUES	BTO:0000089	Blood
MDC1	9606.ENSP00000365588	TISSUES	BTO:0000174	Embryonic structure
MDC1	9606.ENSP00000365588	TISSUES	BTO:0000180	Cervical carcinoma cell
MDC1	9606.ENSP00000365588	TISSUES	BTO:0000254	Female reproductive gland
MDC1	9606.ENSP00000365588	TISSUES	BTO:0000284	Organism form
MDC1	9606.ENSP00000365588	TISSUES	BTO:0000345	Digestive gland
MDC1	9606.ENSP00000365588	TISSUES	BTO:0000379	Embryo
MDC1	9606.ENSP00000365588	TISSUES	BTO:0000522	Gland
MDC1	9606.ENSP00000365588	TISSUES	BTO:0000534	Gonad
MDC1	9606.ENSP00000365588	TISSUES	BTO:0000570	Hematopoietic system
MDC1	9606.ENSP00000365588	TISSUES	BTO:0000574	Hematopoietic cell
MDC1	9606.ENSP00000365588	TISSUES	BTO:0000580	Blood cancer cell
MDC1	9606.ENSP00000365588	TISSUES	BTO:0000586	Colonic cancer cell
MDC1	9606.ENSP00000365588	TISSUES	BTO:0000744	Lymphocytic leukemia cell
MDC1	9606.ENSP00000365588	TISSUES	BTO:0000751	Leukocyte
MDC1	9606.ENSP00000365588	TISSUES	BTO:0000988	Pancreas
MDC1	9606.ENSP00000365588	TISSUES	BTO:0001271	Leukemia cell
MDC1	9606.ENSP00000365588	TISSUES	BTO:0001363	Testis
MDC1	9606.ENSP00000365588	TISSUES	BTO:0001488	Endocrine gland
MDC1	9606.ENSP00000365588	TISSUES	BTO:0001489	Whole body
MDC1	9606.ENSP00000365588	TISSUES	BTO:0001491	Viscus
MDC1	9606.ENSP00000365588	TISSUES	BTO:0001533	Gastrointestinal cancer cell
MDC1	9606.ENSP00000365588	TISSUES	BTO:0001541	Pronephros
MDC1	9606.ENSP00000365588	TISSUES	BTO:0001546	Chronic lymphocytic leukemia cell
MDC1	9606.ENSP00000365588	TISSUES	BTO:0002510	Myelomonocytic leukemia cell
MDC1	9606.ENSP00000365588	TISSUES	BTO:0003091	Urogenital system
MDC1	9606.ENSP00000365588	TISSUES	BTO:0003096	Internal male genital organ
MDC1	9606.ENSP00000365588	COMPARTMENTS	GOCC:0005622	Intracellular
MDC1	9606.ENSP00000365588	COMPARTMENTS	GOCC:0005634	Nucleus
MDC1	9606.ENSP00000365588	COMPARTMENTS	GOCC:0005654	Nucleoplasm
MDC1	9606.ENSP00000365588	COMPARTMENTS	GOCC:0005694	Chromosome
MDC1	9606.ENSP00000365588	COMPARTMENTS	GOCC:0016604	Nuclear body
MDC1	9606.ENSP00000365588	COMPARTMENTS	GOCC:0030870	Mre11 complex
MDC1	9606.ENSP00000365588	COMPARTMENTS	GOCC:0031974	Membrane-enclosed lumen
MDC1	9606.ENSP00000365588	COMPARTMENTS	GOCC:0031981	Nuclear lumen
MDC1	9606.ENSP00000365588	COMPARTMENTS	GOCC:0032991	Protein-containing complex
MDC1	9606.ENSP00000365588	COMPARTMENTS	GOCC:0043226	Organelle
MDC1	9606.ENSP00000365588	COMPARTMENTS	GOCC:0043227	Membrane-bounded organelle
MDC1	9606.ENSP00000365588	COMPARTMENTS	GOCC:0043228	Non-membrane-bounded organelle
MDC1	9606.ENSP00000365588	COMPARTMENTS	GOCC:0043229	Intracellular organelle
MDC1	9606.ENSP00000365588	COMPARTMENTS	GOCC:0043231	Intracellular membrane-bounded organelle
MDC1	9606.ENSP00000365588	COMPARTMENTS	GOCC:0043232	Intracellular non-membrane-bounded organelle
MDC1	9606.ENSP00000365588	COMPARTMENTS	GOCC:0043233	Organelle lumen
MDC1	9606.ENSP00000365588	COMPARTMENTS	GOCC:0070013	Intracellular organelle lumen
MDC1	9606.ENSP00000365588	COMPARTMENTS	GOCC:0110165	Cellular anatomical entity
MDC1	9606.ENSP00000365588	Monarch	EFO:0004529	Lipid measurement
MDC1	9606.ENSP00000365588	Monarch	EFO:0004556	Antibody measurement
MDC1	9606.ENSP00000365588	Monarch	EFO:0004565	Serum IgG measurement
MDC1	9606.ENSP00000365588	Monarch	EFO:0004730	Hormone measurement
MDC1	9606.ENSP00000365588	Monarch	EFO:0004747	Protein measurement
MDC1	9606.ENSP00000365588	Monarch	EFO:0005105	Lipid or lipoprotein measurement
MDC1	9606.ENSP00000365588	Monarch	EFO:0005193	Serum IgG glycosylation measurement
MDC1	9606.ENSP00000365588	Monarch	EFO:0007924	Tonsillectomy risk measurement
MDC1	9606.ENSP00000365588	Monarch	EFO:0007937	Blood protein measurement
MDC1	9606.ENSP00000365588	Monarch	EFO:0008221	Macrophage migration inhibitory factor measurement
MDC1	9606.ENSP00000365588	Monarch	EFO:0010220	17-hydroxyprogesterone measurement
MDC1	9606.ENSP00000365588	UniProt Keywords	KW-0007	Acetylation
MDC1	9606.ENSP00000365588	UniProt Keywords	KW-0025	Alternative splicing
MDC1	9606.ENSP00000365588	UniProt Keywords	KW-0131	Cell cycle
MDC1	9606.ENSP00000365588	UniProt Keywords	KW-0158	Chromosome
MDC1	9606.ENSP00000365588	UniProt Keywords	KW-0227	DNA damage
MDC1	9606.ENSP00000365588	UniProt Keywords	KW-0234	DNA repair
MDC1	9606.ENSP00000365588	UniProt Keywords	KW-0488	Methylation
MDC1	9606.ENSP00000365588	UniProt Keywords	KW-0539	Nucleus
MDC1	9606.ENSP00000365588	UniProt Keywords	KW-0597	Phosphoprotein
MDC1	9606.ENSP00000365588	UniProt Keywords	KW-0677	Repeat
MDC1	9606.ENSP00000365588	UniProt Keywords	KW-0832	Ubl conjugation
MDC1	9606.ENSP00000365588	UniProt Keywords	KW-1017	Isopeptide bond
MDC1	9606.ENSP00000365588	InterPro	IPR000253	Forkhead-associated (FHA) domain
MDC1	9606.ENSP00000365588	InterPro	IPR001357	BRCT domain
MDC1	9606.ENSP00000365588	InterPro	IPR008984	SMAD/FHA domain superfamily
MDC1	9606.ENSP00000365588	InterPro	IPR036420	BRCT domain superfamily
MDC1	9606.ENSP00000365588	SMART	SM00240	Forkhead associated domain
MDC1	9606.ENSP00000365588	SMART	SM00292	Breast cancer carboxy-terminal domain
PAXIP1	9606.ENSP00000384048	GO Process	GO:0000018	Regulation of DNA recombination
PAXIP1	9606.ENSP00000384048	GO Process	GO:0000414	Regulation of histone H3-K36 methylation
PAXIP1	9606.ENSP00000384048	GO Process	GO:0000416	Positive regulation of histone H3-K36 methylation
PAXIP1	9606.ENSP00000384048	GO Process	GO:0001568	Blood vessel development
PAXIP1	9606.ENSP00000384048	GO Process	GO:0001570	Vasculogenesis
PAXIP1	9606.ENSP00000384048	GO Process	GO:0001667	Ameboidal-type cell migration
PAXIP1	9606.ENSP00000384048	GO Process	GO:0001944	Vasculature development
PAXIP1	9606.ENSP00000384048	GO Process	GO:0002637	Regulation of immunoglobulin production
PAXIP1	9606.ENSP00000384048	GO Process	GO:0002639	Positive regulation of immunoglobulin production
PAXIP1	9606.ENSP00000384048	GO Process	GO:0002682	Regulation of immune system process
PAXIP1	9606.ENSP00000384048	GO Process	GO:0002684	Positive regulation of immune system process
PAXIP1	9606.ENSP00000384048	GO Process	GO:0002694	Regulation of leukocyte activation
PAXIP1	9606.ENSP00000384048	GO Process	GO:0002696	Positive regulation of leukocyte activation
PAXIP1	9606.ENSP00000384048	GO Process	GO:0002697	Regulation of immune effector process
PAXIP1	9606.ENSP00000384048	GO Process	GO:0002699	Positive regulation of immune effector process
PAXIP1	9606.ENSP00000384048	GO Process	GO:0002700	Regulation of production of molecular mediator of immune response
PAXIP1	9606.ENSP00000384048	GO Process	GO:0002702	Positive regulation of production of molecular mediator of immune response
PAXIP1	9606.ENSP00000384048	GO Process	GO:0002703	Regulation of leukocyte mediated immunity
PAXIP1	9606.ENSP00000384048	GO Process	GO:0002705	Positive regulation of leukocyte mediated immunity
PAXIP1	9606.ENSP00000384048	GO Process	GO:0002706	Regulation of lymphocyte mediated immunity
PAXIP1	9606.ENSP00000384048	GO Process	GO:0002708	Positive regulation of lymphocyte mediated immunity
PAXIP1	9606.ENSP00000384048	GO Process	GO:0002712	Regulation of B cell mediated immunity
PAXIP1	9606.ENSP00000384048	GO Process	GO:0002714	Positive regulation of B cell mediated immunity
PAXIP1	9606.ENSP00000384048	GO Process	GO:0002819	Regulation of adaptive immune response
PAXIP1	9606.ENSP00000384048	GO Process	GO:0002821	Positive regulation of adaptive immune response
PAXIP1	9606.ENSP00000384048	GO Process	GO:0002822	Regulation of adaptive immune response based on somatic recombination of immune receptors built from immunoglobulin superfamily domains
PAXIP1	9606.ENSP00000384048	GO Process	GO:0002824	Positive regulation of adaptive immune response based on somatic recombination of immune receptors built from immunoglobulin superfamily domains
PAXIP1	9606.ENSP00000384048	GO Process	GO:0002889	Regulation of immunoglobulin mediated immune response
PAXIP1	9606.ENSP00000384048	GO Process	GO:0002891	Positive regulation of immunoglobulin mediated immune response
PAXIP1	9606.ENSP00000384048	GO Process	GO:0006139	Nucleobase-containing compound metabolic process
PAXIP1	9606.ENSP00000384048	GO Process	GO:0006259	DNA metabolic process
PAXIP1	9606.ENSP00000384048	GO Process	GO:0006281	DNA repair
PAXIP1	9606.ENSP00000384048	GO Process	GO:0006310	DNA recombination
PAXIP1	9606.ENSP00000384048	GO Process	GO:0006355	Regulation of transcription, DNA-templated
PAXIP1	9606.ENSP00000384048	GO Process	GO:0006357	Regulation of transcription by RNA polymerase II
PAXIP1	9606.ENSP00000384048	GO Process	GO:0006479	Protein methylation
PAXIP1	9606.ENSP00000384048	GO Process	GO:0006725	Cellular aromatic compound metabolic process
PAXIP1	9606.ENSP00000384048	GO Process	GO:0006807	Nitrogen compound metabolic process
PAXIP1	9606.ENSP00000384048	GO Process	GO:0006950	Response to stress
PAXIP1	9606.ENSP00000384048	GO Process	GO:0006974	Cellular response to DNA damage stimulus
PAXIP1	9606.ENSP00000384048	GO Process	GO:0007154	Cell communication
PAXIP1	9606.ENSP00000384048	GO Process	GO:0007165	Signal transduction
PAXIP1	9606.ENSP00000384048	GO Process	GO:0007275	Multicellular organism development
PAXIP1	9606.ENSP00000384048	GO Process	GO:0008152	Metabolic process
PAXIP1	9606.ENSP00000384048	GO Process	GO:0008213	Protein alkylation
PAXIP1	9606.ENSP00000384048	GO Process	GO:0009314	Response to radiation
PAXIP1	9606.ENSP00000384048	GO Process	GO:0009628	Response to abiotic stimulus
PAXIP1	9606.ENSP00000384048	GO Process	GO:0009653	Anatomical structure morphogenesis
PAXIP1	9606.ENSP00000384048	GO Process	GO:0009888	Tissue development
PAXIP1	9606.ENSP00000384048	GO Process	GO:0009889	Regulation of biosynthetic process
PAXIP1	9606.ENSP00000384048	GO Process	GO:0009891	Positive regulation of biosynthetic process
PAXIP1	9606.ENSP00000384048	GO Process	GO:0009893	Positive regulation of metabolic process
PAXIP1	9606.ENSP00000384048	GO Process	GO:0009987	Cellular process
PAXIP1	9606.ENSP00000384048	GO Process	GO:0010212	Response to ionizing radiation
PAXIP1	9606.ENSP00000384048	GO Process	GO:0010468	Regulation of gene expression
PAXIP1	9606.ENSP00000384048	GO Process	GO:0010556	Regulation of macromolecule biosynthetic process
PAXIP1	9606.ENSP00000384048	GO Process	GO:0010557	Positive regulation of macromolecule biosynthetic process
PAXIP1	9606.ENSP00000384048	GO Process	GO:0010564	Regulation of cell cycle process
PAXIP1	9606.ENSP00000384048	GO Process	GO:0010604	Positive regulation of macromolecule metabolic process
PAXIP1	9606.ENSP00000384048	GO Process	GO:0010628	Positive regulation of gene expression
PAXIP1	9606.ENSP00000384048	GO Process	GO:0010631	Epithelial cell migration
PAXIP1	9606.ENSP00000384048	GO Process	GO:0016477	Cell migration
PAXIP1	9606.ENSP00000384048	GO Process	GO:0016570	Histone modification
PAXIP1	9606.ENSP00000384048	GO Process	GO:0016571	Histone methylation
PAXIP1	9606.ENSP00000384048	GO Process	GO:0018022	Peptidyl-lysine methylation
PAXIP1	9606.ENSP00000384048	GO Process	GO:0018193	Peptidyl-amino acid modification
PAXIP1	9606.ENSP00000384048	GO Process	GO:0018205	Peptidyl-lysine modification
PAXIP1	9606.ENSP00000384048	GO Process	GO:0019219	Regulation of nucleobase-containing compound metabolic process
PAXIP1	9606.ENSP00000384048	GO Process	GO:0019222	Regulation of metabolic process
PAXIP1	9606.ENSP00000384048	GO Process	GO:0019538	Protein metabolic process
PAXIP1	9606.ENSP00000384048	GO Process	GO:0023052	Signaling
PAXIP1	9606.ENSP00000384048	GO Process	GO:0030154	Cell differentiation
PAXIP1	9606.ENSP00000384048	GO Process	GO:0030330	DNA damage response, signal transduction by p53 class mediator
PAXIP1	9606.ENSP00000384048	GO Process	GO:0031056	Regulation of histone modification
PAXIP1	9606.ENSP00000384048	GO Process	GO:0031058	Positive regulation of histone modification
PAXIP1	9606.ENSP00000384048	GO Process	GO:0031060	Regulation of histone methylation
PAXIP1	9606.ENSP00000384048	GO Process	GO:0031062	Positive regulation of histone methylation
PAXIP1	9606.ENSP00000384048	GO Process	GO:0031323	Regulation of cellular metabolic process
PAXIP1	9606.ENSP00000384048	GO Process	GO:0031325	Positive regulation of cellular metabolic process
PAXIP1	9606.ENSP00000384048	GO Process	GO:0031326	Regulation of cellular biosynthetic process
PAXIP1	9606.ENSP00000384048	GO Process	GO:0031328	Positive regulation of cellular biosynthetic process
PAXIP1	9606.ENSP00000384048	GO Process	GO:0031396	Regulation of protein ubiquitination
PAXIP1	9606.ENSP00000384048	GO Process	GO:0031398	Positive regulation of protein ubiquitination
PAXIP1	9606.ENSP00000384048	GO Process	GO:0031399	Regulation of protein modification process
PAXIP1	9606.ENSP00000384048	GO Process	GO:0031401	Positive regulation of protein modification process
PAXIP1	9606.ENSP00000384048	GO Process	GO:0032259	Methylation
PAXIP1	9606.ENSP00000384048	GO Process	GO:0032501	Multicellular organismal process
PAXIP1	9606.ENSP00000384048	GO Process	GO:0032502	Developmental process
PAXIP1	9606.ENSP00000384048	GO Process	GO:0033554	Cellular response to stress
PAXIP1	9606.ENSP00000384048	GO Process	GO:0034641	Cellular nitrogen compound metabolic process
PAXIP1	9606.ENSP00000384048	GO Process	GO:0034968	Histone lysine methylation
PAXIP1	9606.ENSP00000384048	GO Process	GO:0035065	Regulation of histone acetylation
PAXIP1	9606.ENSP00000384048	GO Process	GO:0035066	Positive regulation of histone acetylation
PAXIP1	9606.ENSP00000384048	GO Process	GO:0035239	Tube morphogenesis
PAXIP1	9606.ENSP00000384048	GO Process	GO:0035295	Tube development
PAXIP1	9606.ENSP00000384048	GO Process	GO:0035556	Intracellular signal transduction
PAXIP1	9606.ENSP00000384048	GO Process	GO:0036211	Protein modification process
PAXIP1	9606.ENSP00000384048	GO Process	GO:0042770	Signal transduction in response to DNA damage
PAXIP1	9606.ENSP00000384048	GO Process	GO:0043170	Macromolecule metabolic process
PAXIP1	9606.ENSP00000384048	GO Process	GO:0043412	Macromolecule modification
PAXIP1	9606.ENSP00000384048	GO Process	GO:0043414	Macromolecule methylation
PAXIP1	9606.ENSP00000384048	GO Process	GO:0043433	Negative regulation of DNA-binding transcription factor activity
PAXIP1	9606.ENSP00000384048	GO Process	GO:0043542	Endothelial cell migration
PAXIP1	9606.ENSP00000384048	GO Process	GO:0044092	Negative regulation of molecular function
PAXIP1	9606.ENSP00000384048	GO Process	GO:0044237	Cellular metabolic process
PAXIP1	9606.ENSP00000384048	GO Process	GO:0044238	Primary metabolic process
PAXIP1	9606.ENSP00000384048	GO Process	GO:0044260	Cellular macromolecule metabolic process
PAXIP1	9606.ENSP00000384048	GO Process	GO:0045191	Regulation of isotype switching
PAXIP1	9606.ENSP00000384048	GO Process	GO:0045830	Positive regulation of isotype switching
PAXIP1	9606.ENSP00000384048	GO Process	GO:0045893	Positive regulation of transcription, DNA-templated
PAXIP1	9606.ENSP00000384048	GO Process	GO:0045911	Positive regulation of DNA recombination
PAXIP1	9606.ENSP00000384048	GO Process	GO:0045935	Positive regulation of nucleobase-containing compound metabolic process
PAXIP1	9606.ENSP00000384048	GO Process	GO:0045944	Positive regulation of transcription by RNA polymerase II
PAXIP1	9606.ENSP00000384048	GO Process	GO:0046483	Heterocycle metabolic process
PAXIP1	9606.ENSP00000384048	GO Process	GO:0048302	Regulation of isotype switching to IgG isotypes
PAXIP1	9606.ENSP00000384048	GO Process	GO:0048304	Positive regulation of isotype switching to IgG isotypes
PAXIP1	9606.ENSP00000384048	GO Process	GO:0048513	Animal organ development
PAXIP1	9606.ENSP00000384048	GO Process	GO:0048514	Blood vessel morphogenesis
PAXIP1	9606.ENSP00000384048	GO Process	GO:0048518	Positive regulation of biological process
PAXIP1	9606.ENSP00000384048	GO Process	GO:0048522	Positive regulation of cellular process
PAXIP1	9606.ENSP00000384048	GO Process	GO:0048583	Regulation of response to stimulus
PAXIP1	9606.ENSP00000384048	GO Process	GO:0048584	Positive regulation of response to stimulus
PAXIP1	9606.ENSP00000384048	GO Process	GO:0048731	System development
PAXIP1	9606.ENSP00000384048	GO Process	GO:0048856	Anatomical structure development
PAXIP1	9606.ENSP00000384048	GO Process	GO:0048869	Cellular developmental process
PAXIP1	9606.ENSP00000384048	GO Process	GO:0048870	Cell motility
PAXIP1	9606.ENSP00000384048	GO Process	GO:0050776	Regulation of immune response
PAXIP1	9606.ENSP00000384048	GO Process	GO:0050778	Positive regulation of immune response
PAXIP1	9606.ENSP00000384048	GO Process	GO:0050789	Regulation of biological process
PAXIP1	9606.ENSP00000384048	GO Process	GO:0050793	Regulation of developmental process
PAXIP1	9606.ENSP00000384048	GO Process	GO:0050794	Regulation of cellular process
PAXIP1	9606.ENSP00000384048	GO Process	GO:0050864	Regulation of B cell activation
PAXIP1	9606.ENSP00000384048	GO Process	GO:0050865	Regulation of cell activation
PAXIP1	9606.ENSP00000384048	GO Process	GO:0050867	Positive regulation of cell activation
PAXIP1	9606.ENSP00000384048	GO Process	GO:0050871	Positive regulation of B cell activation
PAXIP1	9606.ENSP00000384048	GO Process	GO:0050896	Response to stimulus
PAXIP1	9606.ENSP00000384048	GO Process	GO:0051052	Regulation of DNA metabolic process
PAXIP1	9606.ENSP00000384048	GO Process	GO:0051054	Positive regulation of DNA metabolic process
PAXIP1	9606.ENSP00000384048	GO Process	GO:0051090	Regulation of DNA-binding transcription factor activity
PAXIP1	9606.ENSP00000384048	GO Process	GO:0051094	Positive regulation of developmental process
PAXIP1	9606.ENSP00000384048	GO Process	GO:0051171	Regulation of nitrogen compound metabolic process
PAXIP1	9606.ENSP00000384048	GO Process	GO:0051173	Positive regulation of nitrogen compound metabolic process
PAXIP1	9606.ENSP00000384048	GO Process	GO:0051239	Regulation of multicellular organismal process
PAXIP1	9606.ENSP00000384048	GO Process	GO:0051240	Positive regulation of multicellular organismal process
PAXIP1	9606.ENSP00000384048	GO Process	GO:0051246	Regulation of protein metabolic process
PAXIP1	9606.ENSP00000384048	GO Process	GO:0051247	Positive regulation of protein metabolic process
PAXIP1	9606.ENSP00000384048	GO Process	GO:0051249	Regulation of lymphocyte activation
PAXIP1	9606.ENSP00000384048	GO Process	GO:0051251	Positive regulation of lymphocyte activation
PAXIP1	9606.ENSP00000384048	GO Process	GO:0051252	Regulation of RNA metabolic process
PAXIP1	9606.ENSP00000384048	GO Process	GO:0051254	Positive regulation of RNA metabolic process
PAXIP1	9606.ENSP00000384048	GO Process	GO:0051568	Histone H3-K4 methylation
PAXIP1	9606.ENSP00000384048	GO Process	GO:0051569	Regulation of histone H3-K4 methylation
PAXIP1	9606.ENSP00000384048	GO Process	GO:0051571	Positive regulation of histone H3-K4 methylation
PAXIP1	9606.ENSP00000384048	GO Process	GO:0051716	Cellular response to stimulus
PAXIP1	9606.ENSP00000384048	GO Process	GO:0051726	Regulation of cell cycle
PAXIP1	9606.ENSP00000384048	GO Process	GO:0060255	Regulation of macromolecule metabolic process
PAXIP1	9606.ENSP00000384048	GO Process	GO:0060260	Regulation of transcription initiation from RNA polymerase II promoter
PAXIP1	9606.ENSP00000384048	GO Process	GO:0060261	Positive regulation of transcription initiation from RNA polymerase II promoter
PAXIP1	9606.ENSP00000384048	GO Process	GO:0060612	Adipose tissue development
PAXIP1	9606.ENSP00000384048	GO Process	GO:0060717	Chorion development
PAXIP1	9606.ENSP00000384048	GO Process	GO:0061448	Connective tissue development
PAXIP1	9606.ENSP00000384048	GO Process	GO:0065007	Biological regulation
PAXIP1	9606.ENSP00000384048	GO Process	GO:0065009	Regulation of molecular function
PAXIP1	9606.ENSP00000384048	GO Process	GO:0071704	Organic substance metabolic process
PAXIP1	9606.ENSP00000384048	GO Process	GO:0072331	Signal transduction by p53 class mediator
PAXIP1	9606.ENSP00000384048	GO Process	GO:0072359	Circulatory system development
PAXIP1	9606.ENSP00000384048	GO Process	GO:0080090	Regulation of primary metabolic process
PAXIP1	9606.ENSP00000384048	GO Process	GO:0080134	Regulation of response to stress
PAXIP1	9606.ENSP00000384048	GO Process	GO:0080135	Regulation of cellular response to stress
PAXIP1	9606.ENSP00000384048	GO Process	GO:0090130	Tissue migration
PAXIP1	9606.ENSP00000384048	GO Process	GO:0090132	Epithelium migration
PAXIP1	9606.ENSP00000384048	GO Process	GO:0090304	Nucleic acid metabolic process
PAXIP1	9606.ENSP00000384048	GO Process	GO:1901360	Organic cyclic compound metabolic process
PAXIP1	9606.ENSP00000384048	GO Process	GO:1901564	Organonitrogen compound metabolic process
PAXIP1	9606.ENSP00000384048	GO Process	GO:1901983	Regulation of protein acetylation
PAXIP1	9606.ENSP00000384048	GO Process	GO:1901985	Positive regulation of protein acetylation
PAXIP1	9606.ENSP00000384048	GO Process	GO:1901987	Regulation of cell cycle phase transition
PAXIP1	9606.ENSP00000384048	GO Process	GO:1902680	Positive regulation of RNA biosynthetic process
PAXIP1	9606.ENSP00000384048	GO Process	GO:1902749	Regulation of cell cycle G2/M phase transition
PAXIP1	9606.ENSP00000384048	GO Process	GO:1903320	Regulation of protein modification by small protein conjugation or removal
PAXIP1	9606.ENSP00000384048	GO Process	GO:1903322	Positive regulation of protein modification by small protein conjugation or removal
PAXIP1	9606.ENSP00000384048	GO Process	GO:1903506	Regulation of nucleic acid-templated transcription
PAXIP1	9606.ENSP00000384048	GO Process	GO:1903508	Positive regulation of nucleic acid-templated transcription
PAXIP1	9606.ENSP00000384048	GO Process	GO:1903867	Extraembryonic membrane development
PAXIP1	9606.ENSP00000384048	GO Process	GO:2000142	Regulation of DNA-templated transcription, initiation
PAXIP1	9606.ENSP00000384048	GO Process	GO:2000144	Positive regulation of DNA-templated transcription, initiation
PAXIP1	9606.ENSP00000384048	GO Process	GO:2000756	Regulation of peptidyl-lysine acetylation
PAXIP1	9606.ENSP00000384048	GO Process	GO:2000758	Positive regulation of peptidyl-lysine acetylation
PAXIP1	9606.ENSP00000384048	GO Process	GO:2001020	Regulation of response to DNA damage stimulus
PAXIP1	9606.ENSP00000384048	GO Process	GO:2001022	Positive regulation of response to DNA damage stimulus
PAXIP1	9606.ENSP00000384048	GO Process	GO:2001141	Regulation of RNA biosynthetic process
PAXIP1	9606.ENSP00000384048	GO Component	GO:0005622	Intracellular anatomical structure
PAXIP1	9606.ENSP00000384048	GO Component	GO:0005634	Nucleus
PAXIP1	9606.ENSP00000384048	GO Component	GO:0005654	Nucleoplasm
PAXIP1	9606.ENSP00000384048	GO Component	GO:0005694	Chromosome
PAXIP1	9606.ENSP00000384048	GO Component	GO:0016363	Nuclear matrix
PAXIP1	9606.ENSP00000384048	GO Component	GO:0031974	Membrane-enclosed lumen
PAXIP1	9606.ENSP00000384048	GO Component	GO:0031981	Nuclear lumen
PAXIP1	9606.ENSP00000384048	GO Component	GO:0032991	Protein-containing complex
PAXIP1	9606.ENSP00000384048	GO Component	GO:0034399	Nuclear periphery
PAXIP1	9606.ENSP00000384048	GO Component	GO:0034708	Methyltransferase complex
PAXIP1	9606.ENSP00000384048	GO Component	GO:0035097	Histone methyltransferase complex
PAXIP1	9606.ENSP00000384048	GO Component	GO:0043226	Organelle
PAXIP1	9606.ENSP00000384048	GO Component	GO:0043227	Membrane-bounded organelle
PAXIP1	9606.ENSP00000384048	GO Component	GO:0043228	Non-membrane-bounded organelle
PAXIP1	9606.ENSP00000384048	GO Component	GO:0043229	Intracellular organelle
PAXIP1	9606.ENSP00000384048	GO Component	GO:0043231	Intracellular membrane-bounded organelle
PAXIP1	9606.ENSP00000384048	GO Component	GO:0043232	Intracellular non-membrane-bounded organelle
PAXIP1	9606.ENSP00000384048	GO Component	GO:0043233	Organelle lumen
PAXIP1	9606.ENSP00000384048	GO Component	GO:0044666	MLL3/4 complex
PAXIP1	9606.ENSP00000384048	GO Component	GO:0070013	Intracellular organelle lumen
PAXIP1	9606.ENSP00000384048	GO Component	GO:0110165	Cellular anatomical entity
PAXIP1	9606.ENSP00000384048	GO Component	GO:0140513	Nuclear protein-containing complex
PAXIP1	9606.ENSP00000384048	GO Component	GO:1902494	Catalytic complex
PAXIP1	9606.ENSP00000384048	GO Component	GO:1990234	Transferase complex
PAXIP1	9606.ENSP00000384048	STRING clusters	CL:4759	Nucleosome, and Histone methyltransferase complex
PAXIP1	9606.ENSP00000384048	STRING clusters	CL:4760	Structural constituent of chromatin, and Histone H3-K4 methylation
PAXIP1	9606.ENSP00000384048	STRING clusters	CL:4976	MLL3/4 complex, and Histone H3-K4 dimethylation
PAXIP1	9606.ENSP00000384048	STRING clusters	CL:4998	MLL3/4 complex
PAXIP1	9606.ENSP00000384048	Reactome	HSA-1266738	Developmental Biology
PAXIP1	9606.ENSP00000384048	Reactome	HSA-5617472	Activation of anterior HOX genes in hindbrain development during early embryogenesis
PAXIP1	9606.ENSP00000384048	Reactome	HSA-5619507	Activation of HOX genes during differentiation
PAXIP1	9606.ENSP00000384048	Reactome	HSA-5693532	DNA Double-Strand Break Repair
PAXIP1	9606.ENSP00000384048	Reactome	HSA-5693571	Nonhomologous End-Joining (NHEJ)
PAXIP1	9606.ENSP00000384048	Reactome	HSA-73894	DNA Repair
PAXIP1	9606.ENSP00000384048	WikiPathways	WP4949	16p11.2 proximal deletion syndrome
PAXIP1	9606.ENSP00000384048	WikiPathways	WP5118	SMC1/SMC3 role in DNA damage - Cornelia de Lange Syndrome
PAXIP1	9606.ENSP00000384048	TISSUES	BTO:0000000	Tissues, cell types and enzyme sources
PAXIP1	9606.ENSP00000384048	TISSUES	BTO:0000042	Animal
PAXIP1	9606.ENSP00000384048	TISSUES	BTO:0000080	Male reproductive gland
PAXIP1	9606.ENSP00000384048	TISSUES	BTO:0000081	Reproductive system
PAXIP1	9606.ENSP00000384048	TISSUES	BTO:0000082	Male reproductive system
PAXIP1	9606.ENSP00000384048	TISSUES	BTO:0000083	Female reproductive system
PAXIP1	9606.ENSP00000384048	TISSUES	BTO:0000193	Rectal cancer cell
PAXIP1	9606.ENSP00000384048	TISSUES	BTO:0000254	Female reproductive gland
PAXIP1	9606.ENSP00000384048	TISSUES	BTO:0000522	Gland
PAXIP1	9606.ENSP00000384048	TISSUES	BTO:0000811	Ovary cancer cell line
PAXIP1	9606.ENSP00000384048	TISSUES	BTO:0000977	Ovary cell line
PAXIP1	9606.ENSP00000384048	TISSUES	BTO:0001129	Prostate gland
PAXIP1	9606.ENSP00000384048	TISSUES	BTO:0001488	Endocrine gland
PAXIP1	9606.ENSP00000384048	TISSUES	BTO:0001489	Whole body
PAXIP1	9606.ENSP00000384048	TISSUES	BTO:0001591	PA-1 cell
PAXIP1	9606.ENSP00000384048	TISSUES	BTO:0003091	Urogenital system
PAXIP1	9606.ENSP00000384048	TISSUES	BTO:0003096	Internal male genital organ
PAXIP1	9606.ENSP00000384048	COMPARTMENTS	GOCC:0005622	Intracellular
PAXIP1	9606.ENSP00000384048	COMPARTMENTS	GOCC:0005634	Nucleus
PAXIP1	9606.ENSP00000384048	COMPARTMENTS	GOCC:0005654	Nucleoplasm
PAXIP1	9606.ENSP00000384048	COMPARTMENTS	GOCC:0031974	Membrane-enclosed lumen
PAXIP1	9606.ENSP00000384048	COMPARTMENTS	GOCC:0031981	Nuclear lumen
PAXIP1	9606.ENSP00000384048	COMPARTMENTS	GOCC:0032991	Protein-containing complex
PAXIP1	9606.ENSP00000384048	COMPARTMENTS	GOCC:0034708	Methyltransferase complex
PAXIP1	9606.ENSP00000384048	COMPARTMENTS	GOCC:0035097	Histone methyltransferase complex
PAXIP1	9606.ENSP00000384048	COMPARTMENTS	GOCC:0043226	Organelle
PAXIP1	9606.ENSP00000384048	COMPARTMENTS	GOCC:0043227	Membrane-bounded organelle
PAXIP1	9606.ENSP00000384048	COMPARTMENTS	GOCC:0043229	Intracellular organelle
PAXIP1	9606.ENSP00000384048	COMPARTMENTS	GOCC:0043231	Intracellular membrane-bounded organelle
PAXIP1	9606.ENSP00000384048	COMPARTMENTS	GOCC:0043233	Organelle lumen
PAXIP1	9606.ENSP00000384048	COMPARTMENTS	GOCC:0044666	MLL3/4 complex
PAXIP1	9606.ENSP00000384048	COMPARTMENTS	GOCC:0070013	Intracellular organelle lumen
PAXIP1	9606.ENSP00000384048	COMPARTMENTS	GOCC:0110165	Cellular anatomical entity
PAXIP1	9606.ENSP00000384048	COMPARTMENTS	GOCC:1902494	Catalytic complex
PAXIP1	9606.ENSP00000384048	COMPARTMENTS	GOCC:1990234	Transferase complex
PAXIP1	9606.ENSP00000384048	Monarch	EFO:0004731	Eye measurement
PAXIP1	9606.ENSP00000384048	Monarch	EFO:0008354	Cognitive function measurement
PAXIP1	9606.ENSP00000384048	Monarch	EFO:0010079	Corneal endothelial cell measurement
PAXIP1	9606.ENSP00000384048	UniProt Keywords	KW-0025	Alternative splicing
PAXIP1	9606.ENSP00000384048	UniProt Keywords	KW-0158	Chromosome
PAXIP1	9606.ENSP00000384048	UniProt Keywords	KW-0227	DNA damage
PAXIP1	9606.ENSP00000384048	UniProt Keywords	KW-0233	DNA recombination
PAXIP1	9606.ENSP00000384048	UniProt Keywords	KW-0234	DNA repair
PAXIP1	9606.ENSP00000384048	UniProt Keywords	KW-0539	Nucleus
PAXIP1	9606.ENSP00000384048	UniProt Keywords	KW-0597	Phosphoprotein
PAXIP1	9606.ENSP00000384048	UniProt Keywords	KW-0677	Repeat
PAXIP1	9606.ENSP00000384048	UniProt Keywords	KW-0804	Transcription
PAXIP1	9606.ENSP00000384048	UniProt Keywords	KW-0805	Transcription regulation
PAXIP1	9606.ENSP00000384048	InterPro	IPR001357	BRCT domain
PAXIP1	9606.ENSP00000384048	InterPro	IPR036420	BRCT domain superfamily
PAXIP1	9606.ENSP00000384048	SMART	SM00292	Breast cancer carboxy-terminal domain
TOPBP1	9606.ENSP00000260810	GO Process	GO:0000075	Cell cycle checkpoint signaling
TOPBP1	9606.ENSP00000260810	GO Process	GO:0000076	DNA replication checkpoint signaling
TOPBP1	9606.ENSP00000260810	GO Process	GO:0000077	DNA damage checkpoint signaling
TOPBP1	9606.ENSP00000260810	GO Process	GO:0000278	Mitotic cell cycle
TOPBP1	9606.ENSP00000260810	GO Process	GO:0006139	Nucleobase-containing compound metabolic process
TOPBP1	9606.ENSP00000260810	GO Process	GO:0006259	DNA metabolic process
TOPBP1	9606.ENSP00000260810	GO Process	GO:0006260	DNA replication
TOPBP1	9606.ENSP00000260810	GO Process	GO:0006261	DNA-templated DNA replication
TOPBP1	9606.ENSP00000260810	GO Process	GO:0006270	DNA replication initiation
TOPBP1	9606.ENSP00000260810	GO Process	GO:0006281	DNA repair
TOPBP1	9606.ENSP00000260810	GO Process	GO:0006310	DNA recombination
TOPBP1	9606.ENSP00000260810	GO Process	GO:0006725	Cellular aromatic compound metabolic process
TOPBP1	9606.ENSP00000260810	GO Process	GO:0006807	Nitrogen compound metabolic process
TOPBP1	9606.ENSP00000260810	GO Process	GO:0006950	Response to stress
TOPBP1	9606.ENSP00000260810	GO Process	GO:0006974	Cellular response to DNA damage stimulus
TOPBP1	9606.ENSP00000260810	GO Process	GO:0007049	Cell cycle
TOPBP1	9606.ENSP00000260810	GO Process	GO:0007093	Mitotic cell cycle checkpoint signaling
TOPBP1	9606.ENSP00000260810	GO Process	GO:0007095	Mitotic G2 DNA damage checkpoint signaling
TOPBP1	9606.ENSP00000260810	GO Process	GO:0007154	Cell communication
TOPBP1	9606.ENSP00000260810	GO Process	GO:0007165	Signal transduction
TOPBP1	9606.ENSP00000260810	GO Process	GO:0007346	Regulation of mitotic cell cycle
TOPBP1	9606.ENSP00000260810	GO Process	GO:0008152	Metabolic process
TOPBP1	9606.ENSP00000260810	GO Process	GO:0009314	Response to radiation
TOPBP1	9606.ENSP00000260810	GO Process	GO:0009628	Response to abiotic stimulus
TOPBP1	9606.ENSP00000260810	GO Process	GO:0009987	Cellular process
TOPBP1	9606.ENSP00000260810	GO Process	GO:0010212	Response to ionizing radiation
TOPBP1	9606.ENSP00000260810	GO Process	GO:0010389	Regulation of G2/M transition of mitotic cell cycle
TOPBP1	9606.ENSP00000260810	GO Process	GO:0010564	Regulation of cell cycle process
TOPBP1	9606.ENSP00000260810	GO Process	GO:0010948	Negative regulation of cell cycle process
TOPBP1	9606.ENSP00000260810	GO Process	GO:0010972	Negative regulation of G2/M transition of mitotic cell cycle
TOPBP1	9606.ENSP00000260810	GO Process	GO:0022402	Cell cycle process
TOPBP1	9606.ENSP00000260810	GO Process	GO:0023052	Signaling
TOPBP1	9606.ENSP00000260810	GO Process	GO:0031570	DNA integrity checkpoint signaling
TOPBP1	9606.ENSP00000260810	GO Process	GO:0033314	Mitotic DNA replication checkpoint signaling
TOPBP1	9606.ENSP00000260810	GO Process	GO:0033554	Cellular response to stress
TOPBP1	9606.ENSP00000260810	GO Process	GO:0034641	Cellular nitrogen compound metabolic process
TOPBP1	9606.ENSP00000260810	GO Process	GO:0035556	Intracellular signal transduction
TOPBP1	9606.ENSP00000260810	GO Process	GO:0035825	Homologous recombination
TOPBP1	9606.ENSP00000260810	GO Process	GO:0042770	Signal transduction in response to DNA damage
TOPBP1	9606.ENSP00000260810	GO Process	GO:0043170	Macromolecule metabolic process
TOPBP1	9606.ENSP00000260810	GO Process	GO:0044237	Cellular metabolic process
TOPBP1	9606.ENSP00000260810	GO Process	GO:0044238	Primary metabolic process
TOPBP1	9606.ENSP00000260810	GO Process	GO:0044260	Cellular macromolecule metabolic process
TOPBP1	9606.ENSP00000260810	GO Process	GO:0044773	Mitotic DNA damage checkpoint signaling
TOPBP1	9606.ENSP00000260810	GO Process	GO:0044774	Mitotic DNA integrity checkpoint signaling
TOPBP1	9606.ENSP00000260810	GO Process	GO:0044818	Mitotic G2/M transition checkpoint
TOPBP1	9606.ENSP00000260810	GO Process	GO:0045786	Negative regulation of cell cycle
TOPBP1	9606.ENSP00000260810	GO Process	GO:0045930	Negative regulation of mitotic cell cycle
TOPBP1	9606.ENSP00000260810	GO Process	GO:0046483	Heterocycle metabolic process
TOPBP1	9606.ENSP00000260810	GO Process	GO:0048519	Negative regulation of biological process
TOPBP1	9606.ENSP00000260810	GO Process	GO:0048523	Negative regulation of cellular process
TOPBP1	9606.ENSP00000260810	GO Process	GO:0050789	Regulation of biological process
TOPBP1	9606.ENSP00000260810	GO Process	GO:0050794	Regulation of cellular process
TOPBP1	9606.ENSP00000260810	GO Process	GO:0050896	Response to stimulus
TOPBP1	9606.ENSP00000260810	GO Process	GO:0051716	Cellular response to stimulus
TOPBP1	9606.ENSP00000260810	GO Process	GO:0051726	Regulation of cell cycle
TOPBP1	9606.ENSP00000260810	GO Process	GO:0065007	Biological regulation
TOPBP1	9606.ENSP00000260810	GO Process	GO:0071704	Organic substance metabolic process
TOPBP1	9606.ENSP00000260810	GO Process	GO:0090304	Nucleic acid metabolic process
TOPBP1	9606.ENSP00000260810	GO Process	GO:1901360	Organic cyclic compound metabolic process
TOPBP1	9606.ENSP00000260810	GO Process	GO:1901987	Regulation of cell cycle phase transition
TOPBP1	9606.ENSP00000260810	GO Process	GO:1901988	Negative regulation of cell cycle phase transition
TOPBP1	9606.ENSP00000260810	GO Process	GO:1901990	Regulation of mitotic cell cycle phase transition
TOPBP1	9606.ENSP00000260810	GO Process	GO:1901991	Negative regulation of mitotic cell cycle phase transition
TOPBP1	9606.ENSP00000260810	GO Process	GO:1902749	Regulation of cell cycle G2/M phase transition
TOPBP1	9606.ENSP00000260810	GO Process	GO:1902750	Negative regulation of cell cycle G2/M phase transition
TOPBP1	9606.ENSP00000260810	GO Process	GO:1903047	Mitotic cell cycle process
TOPBP1	9606.ENSP00000260810	GO Function	GO:0003676	Nucleic acid binding
TOPBP1	9606.ENSP00000260810	GO Function	GO:0003677	DNA binding
TOPBP1	9606.ENSP00000260810	GO Function	GO:0005488	Binding
TOPBP1	9606.ENSP00000260810	GO Function	GO:0005515	Protein binding
TOPBP1	9606.ENSP00000260810	GO Function	GO:0008022	Protein C-terminus binding
TOPBP1	9606.ENSP00000260810	GO Function	GO:0042802	Identical protein binding
TOPBP1	9606.ENSP00000260810	GO Function	GO:0097159	Organic cyclic compound binding
TOPBP1	9606.ENSP00000260810	GO Function	GO:1901363	Heterocyclic compound binding
TOPBP1	9606.ENSP00000260810	GO Component	GO:0000228	Nuclear chromosome
TOPBP1	9606.ENSP00000260810	GO Component	GO:0000793	Condensed chromosome
TOPBP1	9606.ENSP00000260810	GO Component	GO:0000794	Condensed nuclear chromosome
TOPBP1	9606.ENSP00000260810	GO Component	GO:0000922	Spindle pole
TOPBP1	9606.ENSP00000260810	GO Component	GO:0001673	Male germ cell nucleus
TOPBP1	9606.ENSP00000260810	GO Component	GO:0005622	Intracellular anatomical structure
TOPBP1	9606.ENSP00000260810	GO Component	GO:0005634	Nucleus
TOPBP1	9606.ENSP00000260810	GO Component	GO:0005654	Nucleoplasm
TOPBP1	9606.ENSP00000260810	GO Component	GO:0005694	Chromosome
TOPBP1	9606.ENSP00000260810	GO Component	GO:0005737	Cytoplasm
TOPBP1	9606.ENSP00000260810	GO Component	GO:0005815	Microtubule organizing center
TOPBP1	9606.ENSP00000260810	GO Component	GO:0005819	Spindle
TOPBP1	9606.ENSP00000260810	GO Component	GO:0005856	Cytoskeleton
TOPBP1	9606.ENSP00000260810	GO Component	GO:0005886	Plasma membrane
TOPBP1	9606.ENSP00000260810	GO Component	GO:0015629	Actin cytoskeleton
TOPBP1	9606.ENSP00000260810	GO Component	GO:0015630	Microtubule cytoskeleton
TOPBP1	9606.ENSP00000260810	GO Component	GO:0016020	Membrane
TOPBP1	9606.ENSP00000260810	GO Component	GO:0016604	Nuclear body
TOPBP1	9606.ENSP00000260810	GO Component	GO:0016605	PML body
TOPBP1	9606.ENSP00000260810	GO Component	GO:0031974	Membrane-enclosed lumen
TOPBP1	9606.ENSP00000260810	GO Component	GO:0031981	Nuclear lumen
TOPBP1	9606.ENSP00000260810	GO Component	GO:0032991	Protein-containing complex
TOPBP1	9606.ENSP00000260810	GO Component	GO:0043073	Germ cell nucleus
TOPBP1	9606.ENSP00000260810	GO Component	GO:0043226	Organelle
TOPBP1	9606.ENSP00000260810	GO Component	GO:0043227	Membrane-bounded organelle
TOPBP1	9606.ENSP00000260810	GO Component	GO:0043228	Non-membrane-bounded organelle
TOPBP1	9606.ENSP00000260810	GO Component	GO:0043229	Intracellular organelle
TOPBP1	9606.ENSP00000260810	GO Component	GO:0043231	Intracellular membrane-bounded organelle
TOPBP1	9606.ENSP00000260810	GO Component	GO:0043232	Intracellular non-membrane-bounded organelle
TOPBP1	9606.ENSP00000260810	GO Component	GO:0043233	Organelle lumen
TOPBP1	9606.ENSP00000260810	GO Component	GO:0070013	Intracellular organelle lumen
TOPBP1	9606.ENSP00000260810	GO Component	GO:0070532	BRCA1-B complex
TOPBP1	9606.ENSP00000260810	GO Component	GO:0071944	Cell periphery
TOPBP1	9606.ENSP00000260810	GO Component	GO:0110165	Cellular anatomical entity
TOPBP1	9606.ENSP00000260810	GO Component	GO:0140513	Nuclear protein-containing complex
TOPBP1	9606.ENSP00000260810	STRING clusters	CL:6143	DNA repair pathways, full network, and HDR through Homologous Recombination (HRR)
TOPBP1	9606.ENSP00000260810	STRING clusters	CL:6144	DNA repair pathways, full network, and HDR through Homologous Recombination (HRR)
TOPBP1	9606.ENSP00000260810	STRING clusters	CL:6145	DNA repair pathways, full network, and HDR through Homologous Recombination (HRR)
TOPBP1	9606.ENSP00000260810	STRING clusters	CL:6146	Mixed, incl. Fanconi anemia pathway, and DNA repair complex
TOPBP1	9606.ENSP00000260810	STRING clusters	CL:6147	DNA repair pathways, full network, and HDR through Homologous Recombination (HRR)
TOPBP1	9606.ENSP00000260810	STRING clusters	CL:6148	Diseases of DNA repair, and DNA repair complex
TOPBP1	9606.ENSP00000260810	STRING clusters	CL:6149	Homologous DNA Pairing and Strand Exchange, and Response to intra-S DNA damage checkpoint signaling
TOPBP1	9606.ENSP00000260810	STRING clusters	CL:6219	ATR signaling, and Mitotic DNA replication checkpoint signaling
TOPBP1	9606.ENSP00000260810	STRING clusters	CL:6221	ATR signaling, and Meiotic DNA double-strand break processing involved in reciprocal meiotic recombination
TOPBP1	9606.ENSP00000260810	KEGG	hsa03440	Homologous recombination
TOPBP1	9606.ENSP00000260810	Reactome	HSA-1640170	Cell Cycle
TOPBP1	9606.ENSP00000260810	Reactome	HSA-1643685	Disease
TOPBP1	9606.ENSP00000260810	Reactome	HSA-212436	Generic Transcription Pathway
TOPBP1	9606.ENSP00000260810	Reactome	HSA-3700989	Transcriptional Regulation by TP53
TOPBP1	9606.ENSP00000260810	Reactome	HSA-5633007	Regulation of TP53 Activity
TOPBP1	9606.ENSP00000260810	Reactome	HSA-5685938	HDR through Single Strand Annealing (SSA)
TOPBP1	9606.ENSP00000260810	Reactome	HSA-5685942	HDR through Homologous Recombination (HRR)
TOPBP1	9606.ENSP00000260810	Reactome	HSA-5693532	DNA Double-Strand Break Repair
TOPBP1	9606.ENSP00000260810	Reactome	HSA-5693538	Homology Directed Repair
TOPBP1	9606.ENSP00000260810	Reactome	HSA-5693567	HDR through Homologous Recombination (HRR) or Single Strand Annealing (SSA)
TOPBP1	9606.ENSP00000260810	Reactome	HSA-5693579	Homologous DNA Pairing and Strand Exchange
TOPBP1	9606.ENSP00000260810	Reactome	HSA-5693607	Processing of DNA double-strand break ends
TOPBP1	9606.ENSP00000260810	Reactome	HSA-5693616	Presynaptic phase of homologous DNA pairing and strand exchange
TOPBP1	9606.ENSP00000260810	Reactome	HSA-6804756	Regulation of TP53 Activity through Phosphorylation
TOPBP1	9606.ENSP00000260810	Reactome	HSA-69473	G2/M DNA damage checkpoint
TOPBP1	9606.ENSP00000260810	Reactome	HSA-69481	G2/M Checkpoints
TOPBP1	9606.ENSP00000260810	Reactome	HSA-69620	Cell Cycle Checkpoints
TOPBP1	9606.ENSP00000260810	Reactome	HSA-73857	RNA Polymerase II Transcription
TOPBP1	9606.ENSP00000260810	Reactome	HSA-73894	DNA Repair
TOPBP1	9606.ENSP00000260810	Reactome	HSA-74160	Gene expression (Transcription)
TOPBP1	9606.ENSP00000260810	Reactome	HSA-9675135	Diseases of DNA repair
TOPBP1	9606.ENSP00000260810	Reactome	HSA-9675136	Diseases of DNA Double-Strand Break Repair
TOPBP1	9606.ENSP00000260810	Reactome	HSA-9701190	Defective homologous recombination repair (HRR) due to BRCA2 loss of function
TOPBP1	9606.ENSP00000260810	Reactome	HSA-9709570	Impaired BRCA2 binding to RAD51
TOPBP1	9606.ENSP00000260810	WikiPathways	WP3875	ATR signaling
TOPBP1	9606.ENSP00000260810	WikiPathways	WP4016	DNA IR-damage and cellular response via ATR
TOPBP1	9606.ENSP00000260810	DISEASES	DOID:0050161	Lower respiratory tract disease
TOPBP1	9606.ENSP00000260810	DISEASES	DOID:10316	Pneumoconiosis
TOPBP1	9606.ENSP00000260810	DISEASES	DOID:10323	Byssinosis
TOPBP1	9606.ENSP00000260810	DISEASES	DOID:1579	Respiratory system disease
TOPBP1	9606.ENSP00000260810	DISEASES	DOID:17	Musculoskeletal system disease
TOPBP1	9606.ENSP00000260810	DISEASES	DOID:3082	Interstitial lung disease
TOPBP1	9606.ENSP00000260810	DISEASES	DOID:4	Disease
TOPBP1	9606.ENSP00000260810	DISEASES	DOID:65	Connective tissue disease
TOPBP1	9606.ENSP00000260810	DISEASES	DOID:7	Disease of anatomical entity
TOPBP1	9606.ENSP00000260810	DISEASES	DOID:850	Lung disease
TOPBP1	9606.ENSP00000260810	TISSUES	BTO:0000000	Tissues, cell types and enzyme sources
TOPBP1	9606.ENSP00000260810	TISSUES	BTO:0000042	Animal
TOPBP1	9606.ENSP00000260810	TISSUES	BTO:0000080	Male reproductive gland
TOPBP1	9606.ENSP00000260810	TISSUES	BTO:0000081	Reproductive system
TOPBP1	9606.ENSP00000260810	TISSUES	BTO:0000082	Male reproductive system
TOPBP1	9606.ENSP00000260810	TISSUES	BTO:0000083	Female reproductive system
TOPBP1	9606.ENSP00000260810	TISSUES	BTO:0000141	Bone marrow
TOPBP1	9606.ENSP00000260810	TISSUES	BTO:0000174	Embryonic structure
TOPBP1	9606.ENSP00000260810	TISSUES	BTO:0000254	Female reproductive gland
TOPBP1	9606.ENSP00000260810	TISSUES	BTO:0000284	Organism form
TOPBP1	9606.ENSP00000260810	TISSUES	BTO:0000379	Embryo
TOPBP1	9606.ENSP00000260810	TISSUES	BTO:0000522	Gland
TOPBP1	9606.ENSP00000260810	TISSUES	BTO:0000534	Gonad
TOPBP1	9606.ENSP00000260810	TISSUES	BTO:0000580	Blood cancer cell
TOPBP1	9606.ENSP00000260810	TISSUES	BTO:0000744	Lymphocytic leukemia cell
TOPBP1	9606.ENSP00000260810	TISSUES	BTO:0001271	Leukemia cell
TOPBP1	9606.ENSP00000260810	TISSUES	BTO:0001363	Testis
TOPBP1	9606.ENSP00000260810	TISSUES	BTO:0001486	Skeletal system
TOPBP1	9606.ENSP00000260810	TISSUES	BTO:0001488	Endocrine gland
TOPBP1	9606.ENSP00000260810	TISSUES	BTO:0001489	Whole body
TOPBP1	9606.ENSP00000260810	TISSUES	BTO:0001541	Pronephros
TOPBP1	9606.ENSP00000260810	TISSUES	BTO:0003091	Urogenital system
TOPBP1	9606.ENSP00000260810	TISSUES	BTO:0003096	Internal male genital organ
TOPBP1	9606.ENSP00000260810	COMPARTMENTS	GOCC:0000922	Spindle pole
TOPBP1	9606.ENSP00000260810	COMPARTMENTS	GOCC:0005622	Intracellular
TOPBP1	9606.ENSP00000260810	COMPARTMENTS	GOCC:0005634	Nucleus
TOPBP1	9606.ENSP00000260810	COMPARTMENTS	GOCC:0005654	Nucleoplasm
TOPBP1	9606.ENSP00000260810	COMPARTMENTS	GOCC:0005694	Chromosome
TOPBP1	9606.ENSP00000260810	COMPARTMENTS	GOCC:0005815	Microtubule organizing center
TOPBP1	9606.ENSP00000260810	COMPARTMENTS	GOCC:0005819	Spindle
TOPBP1	9606.ENSP00000260810	COMPARTMENTS	GOCC:0005856	Cytoskeleton
TOPBP1	9606.ENSP00000260810	COMPARTMENTS	GOCC:0015629	Actin cytoskeleton
TOPBP1	9606.ENSP00000260810	COMPARTMENTS	GOCC:0015630	Microtubule cytoskeleton
TOPBP1	9606.ENSP00000260810	COMPARTMENTS	GOCC:0016604	Nuclear body
TOPBP1	9606.ENSP00000260810	COMPARTMENTS	GOCC:0016605	PML body
TOPBP1	9606.ENSP00000260810	COMPARTMENTS	GOCC:0031389	Rad17 RFC-like complex
TOPBP1	9606.ENSP00000260810	COMPARTMENTS	GOCC:0031974	Membrane-enclosed lumen
TOPBP1	9606.ENSP00000260810	COMPARTMENTS	GOCC:0031981	Nuclear lumen
TOPBP1	9606.ENSP00000260810	COMPARTMENTS	GOCC:0032991	Protein-containing complex
TOPBP1	9606.ENSP00000260810	COMPARTMENTS	GOCC:0043226	Organelle
TOPBP1	9606.ENSP00000260810	COMPARTMENTS	GOCC:0043227	Membrane-bounded organelle
TOPBP1	9606.ENSP00000260810	COMPARTMENTS	GOCC:0043228	Non-membrane-bounded organelle
TOPBP1	9606.ENSP00000260810	COMPARTMENTS	GOCC:0043229	Intracellular organelle
TOPBP1	9606.ENSP00000260810	COMPARTMENTS	GOCC:0043231	Intracellular membrane-bounded organelle
TOPBP1	9606.ENSP00000260810	COMPARTMENTS	GOCC:0043232	Intracellular non-membrane-bounded organelle
TOPBP1	9606.ENSP00000260810	COMPARTMENTS	GOCC:0043233	Organelle lumen
TOPBP1	9606.ENSP00000260810	COMPARTMENTS	GOCC:0070013	Intracellular organelle lumen
TOPBP1	9606.ENSP00000260810	COMPARTMENTS	GOCC:0070310	ATR-ATRIP complex
TOPBP1	9606.ENSP00000260810	COMPARTMENTS	GOCC:0070532	BRCA1-B complex
TOPBP1	9606.ENSP00000260810	COMPARTMENTS	GOCC:0110165	Cellular anatomical entity
TOPBP1	9606.ENSP00000260810	UniProt Keywords	KW-0158	Chromosome
TOPBP1	9606.ENSP00000260810	UniProt Keywords	KW-0206	Cytoskeleton
TOPBP1	9606.ENSP00000260810	UniProt Keywords	KW-0227	DNA damage
TOPBP1	9606.ENSP00000260810	UniProt Keywords	KW-0234	DNA repair
TOPBP1	9606.ENSP00000260810	UniProt Keywords	KW-0238	DNA-binding
TOPBP1	9606.ENSP00000260810	UniProt Keywords	KW-0539	Nucleus
TOPBP1	9606.ENSP00000260810	UniProt Keywords	KW-0597	Phosphoprotein
TOPBP1	9606.ENSP00000260810	UniProt Keywords	KW-0677	Repeat
TOPBP1	9606.ENSP00000260810	UniProt Keywords	KW-0832	Ubl conjugation
TOPBP1	9606.ENSP00000260810	UniProt Keywords	KW-0963	Cytoplasm
TOPBP1	9606.ENSP00000260810	InterPro	IPR001357	BRCT domain
TOPBP1	9606.ENSP00000260810	InterPro	IPR035960	Secretoglobin superfamily
TOPBP1	9606.ENSP00000260810	InterPro	IPR036420	BRCT domain superfamily
TOPBP1	9606.ENSP00000260810	InterPro	IPR044737	TopBP1, first BRCT domain
TOPBP1	9606.ENSP00000260810	SMART	SM00292	Breast cancer carboxy-terminal domain
TP53	9606.ENSP00000269305	GO Process	GO:0000002	Mitochondrial genome maintenance
TP53	9606.ENSP00000269305	GO Process	GO:0000075	Cell cycle checkpoint signaling
TP53	9606.ENSP00000269305	GO Process	GO:0000077	DNA damage checkpoint signaling
TP53	9606.ENSP00000269305	GO Process	GO:0000122	Negative regulation of transcription by RNA polymerase II
TP53	9606.ENSP00000269305	GO Process	GO:0000278	Mitotic cell cycle
TP53	9606.ENSP00000269305	GO Process	GO:0000422	Autophagy of mitochondrion
TP53	9606.ENSP00000269305	GO Process	GO:0000423	Mitophagy
TP53	9606.ENSP00000269305	GO Process	GO:0001501	Skeletal system development
TP53	9606.ENSP00000269305	GO Process	GO:0001558	Regulation of cell growth
TP53	9606.ENSP00000269305	GO Process	GO:0001666	Response to hypoxia
TP53	9606.ENSP00000269305	GO Process	GO:0001701	In utero embryonic development
TP53	9606.ENSP00000269305	GO Process	GO:0001756	Somitogenesis
TP53	9606.ENSP00000269305	GO Process	GO:0001775	Cell activation
TP53	9606.ENSP00000269305	GO Process	GO:0001836	Release of cytochrome c from mitochondria
TP53	9606.ENSP00000269305	GO Process	GO:0001932	Regulation of protein phosphorylation
TP53	9606.ENSP00000269305	GO Process	GO:0001934	Positive regulation of protein phosphorylation
TP53	9606.ENSP00000269305	GO Process	GO:0002244	Hematopoietic progenitor cell differentiation
TP53	9606.ENSP00000269305	GO Process	GO:0002252	Immune effector process
TP53	9606.ENSP00000269305	GO Process	GO:0002263	Cell activation involved in immune response
TP53	9606.ENSP00000269305	GO Process	GO:0002285	Lymphocyte activation involved in immune response
TP53	9606.ENSP00000269305	GO Process	GO:0002286	T cell activation involved in immune response
TP53	9606.ENSP00000269305	GO Process	GO:0002309	T cell proliferation involved in immune response
TP53	9606.ENSP00000269305	GO Process	GO:0002326	B cell lineage commitment
TP53	9606.ENSP00000269305	GO Process	GO:0002360	T cell lineage commitment
TP53	9606.ENSP00000269305	GO Process	GO:0002366	Leukocyte activation involved in immune response
TP53	9606.ENSP00000269305	GO Process	GO:0002376	Immune system process
TP53	9606.ENSP00000269305	GO Process	GO:0002520	Immune system development
TP53	9606.ENSP00000269305	GO Process	GO:0002521	Leukocyte differentiation
TP53	9606.ENSP00000269305	GO Process	GO:0002931	Response to ischemia
TP53	9606.ENSP00000269305	GO Process	GO:0003002	Regionalization
TP53	9606.ENSP00000269305	GO Process	GO:0003007	Heart morphogenesis
TP53	9606.ENSP00000269305	GO Process	GO:0003205	Cardiac chamber development
TP53	9606.ENSP00000269305	GO Process	GO:0003206	Cardiac chamber morphogenesis
TP53	9606.ENSP00000269305	GO Process	GO:0003279	Cardiac septum development
TP53	9606.ENSP00000269305	GO Process	GO:0005975	Carbohydrate metabolic process
TP53	9606.ENSP00000269305	GO Process	GO:0005996	Monosaccharide metabolic process
TP53	9606.ENSP00000269305	GO Process	GO:0006006	Glucose metabolic process
TP53	9606.ENSP00000269305	GO Process	GO:0006007	Glucose catabolic process
TP53	9606.ENSP00000269305	GO Process	GO:0006082	Organic acid metabolic process
TP53	9606.ENSP00000269305	GO Process	GO:0006089	Lactate metabolic process
TP53	9606.ENSP00000269305	GO Process	GO:0006091	Generation of precursor metabolites and energy
TP53	9606.ENSP00000269305	GO Process	GO:0006109	Regulation of carbohydrate metabolic process
TP53	9606.ENSP00000269305	GO Process	GO:0006113	Fermentation
TP53	9606.ENSP00000269305	GO Process	GO:0006139	Nucleobase-containing compound metabolic process
TP53	9606.ENSP00000269305	GO Process	GO:0006259	DNA metabolic process
TP53	9606.ENSP00000269305	GO Process	GO:0006275	Regulation of DNA replication
TP53	9606.ENSP00000269305	GO Process	GO:0006281	DNA repair
TP53	9606.ENSP00000269305	GO Process	GO:0006289	Nucleotide-excision repair
TP53	9606.ENSP00000269305	GO Process	GO:0006302	Double-strand break repair
TP53	9606.ENSP00000269305	GO Process	GO:0006325	Chromatin organization
TP53	9606.ENSP00000269305	GO Process	GO:0006351	Transcription, DNA-templated
TP53	9606.ENSP00000269305	GO Process	GO:0006355	Regulation of transcription, DNA-templated
TP53	9606.ENSP00000269305	GO Process	GO:0006357	Regulation of transcription by RNA polymerase II
TP53	9606.ENSP00000269305	GO Process	GO:0006606	Protein import into nucleus
TP53	9606.ENSP00000269305	GO Process	GO:0006725	Cellular aromatic compound metabolic process
TP53	9606.ENSP00000269305	GO Process	GO:0006734	NADH metabolic process
TP53	9606.ENSP00000269305	GO Process	GO:0006807	Nitrogen compound metabolic process
TP53	9606.ENSP00000269305	GO Process	GO:0006810	Transport
TP53	9606.ENSP00000269305	GO Process	GO:0006839	Mitochondrial transport
TP53	9606.ENSP00000269305	GO Process	GO:0006886	Intracellular protein transport
TP53	9606.ENSP00000269305	GO Process	GO:0006913	Nucleocytoplasmic transport
TP53	9606.ENSP00000269305	GO Process	GO:0006914	Autophagy
TP53	9606.ENSP00000269305	GO Process	GO:0006915	Apoptotic process
TP53	9606.ENSP00000269305	GO Process	GO:0006950	Response to stress
TP53	9606.ENSP00000269305	GO Process	GO:0006952	Defense response
TP53	9606.ENSP00000269305	GO Process	GO:0006955	Immune response
TP53	9606.ENSP00000269305	GO Process	GO:0006970	Response to osmotic stress
TP53	9606.ENSP00000269305	GO Process	GO:0006974	Cellular response to DNA damage stimulus
TP53	9606.ENSP00000269305	GO Process	GO:0006977	DNA damage response, signal transduction by p53 class mediator resulting in cell cycle arrest
TP53	9606.ENSP00000269305	GO Process	GO:0006978	DNA damage response, signal transduction by p53 class mediator resulting in transcription of p21 class mediator
TP53	9606.ENSP00000269305	GO Process	GO:0006979	Response to oxidative stress
TP53	9606.ENSP00000269305	GO Process	GO:0006983	ER overload response
TP53	9606.ENSP00000269305	GO Process	GO:0006984	ER-nucleus signaling pathway
TP53	9606.ENSP00000269305	GO Process	GO:0006996	Organelle organization
TP53	9606.ENSP00000269305	GO Process	GO:0007005	Mitochondrion organization
TP53	9606.ENSP00000269305	GO Process	GO:0007006	Mitochondrial membrane organization
TP53	9606.ENSP00000269305	GO Process	GO:0007049	Cell cycle
TP53	9606.ENSP00000269305	GO Process	GO:0007093	Mitotic cell cycle checkpoint signaling
TP53	9606.ENSP00000269305	GO Process	GO:0007154	Cell communication
TP53	9606.ENSP00000269305	GO Process	GO:0007165	Signal transduction
TP53	9606.ENSP00000269305	GO Process	GO:0007166	Cell surface receptor signaling pathway
TP53	9606.ENSP00000269305	GO Process	GO:0007167	Enzyme-linked receptor protein signaling pathway
TP53	9606.ENSP00000269305	GO Process	GO:0007178	Transmembrane receptor protein serine/threonine kinase signaling pathway
TP53	9606.ENSP00000269305	GO Process	GO:0007179	Transforming growth factor beta receptor signaling pathway
TP53	9606.ENSP00000269305	GO Process	GO:0007264	Small GTPase mediated signal transduction
TP53	9606.ENSP00000269305	GO Process	GO:0007265	Ras protein signal transduction
TP53	9606.ENSP00000269305	GO Process	GO:0007275	Multicellular organism development
TP53	9606.ENSP00000269305	GO Process	GO:0007346	Regulation of mitotic cell cycle
TP53	9606.ENSP00000269305	GO Process	GO:0007369	Gastrulation
TP53	9606.ENSP00000269305	GO Process	GO:0007389	Pattern specification process
TP53	9606.ENSP00000269305	GO Process	GO:0007399	Nervous system development
TP53	9606.ENSP00000269305	GO Process	GO:0007405	Neuroblast proliferation
TP53	9606.ENSP00000269305	GO Process	GO:0007406	Negative regulation of neuroblast proliferation
TP53	9606.ENSP00000269305	GO Process	GO:0007417	Central nervous system development
TP53	9606.ENSP00000269305	GO Process	GO:0007420	Brain development
TP53	9606.ENSP00000269305	GO Process	GO:0007507	Heart development
TP53	9606.ENSP00000269305	GO Process	GO:0007610	Behavior
TP53	9606.ENSP00000269305	GO Process	GO:0007622	Rhythmic behavior
TP53	9606.ENSP00000269305	GO Process	GO:0007623	Circadian rhythm
TP53	9606.ENSP00000269305	GO Process	GO:0008104	Protein localization
TP53	9606.ENSP00000269305	GO Process	GO:0008152	Metabolic process
TP53	9606.ENSP00000269305	GO Process	GO:0008156	Negative regulation of DNA replication
TP53	9606.ENSP00000269305	GO Process	GO:0008219	Cell death
TP53	9606.ENSP00000269305	GO Process	GO:0008283	Cell population proliferation
TP53	9606.ENSP00000269305	GO Process	GO:0008285	Negative regulation of cell population proliferation
TP53	9606.ENSP00000269305	GO Process	GO:0008340	Determination of adult lifespan
TP53	9606.ENSP00000269305	GO Process	GO:0008630	Intrinsic apoptotic signaling pathway in response to DNA damage
TP53	9606.ENSP00000269305	GO Process	GO:0008637	Apoptotic mitochondrial changes
TP53	9606.ENSP00000269305	GO Process	GO:0009056	Catabolic process
TP53	9606.ENSP00000269305	GO Process	GO:0009058	Biosynthetic process
TP53	9606.ENSP00000269305	GO Process	GO:0009059	Macromolecule biosynthetic process
TP53	9606.ENSP00000269305	GO Process	GO:0009267	Cellular response to starvation
TP53	9606.ENSP00000269305	GO Process	GO:0009299	mRNA transcription
TP53	9606.ENSP00000269305	GO Process	GO:0009303	rRNA transcription
TP53	9606.ENSP00000269305	GO Process	GO:0009314	Response to radiation
TP53	9606.ENSP00000269305	GO Process	GO:0009410	Response to xenobiotic stimulus
TP53	9606.ENSP00000269305	GO Process	GO:0009411	Response to UV
TP53	9606.ENSP00000269305	GO Process	GO:0009416	Response to light stimulus
TP53	9606.ENSP00000269305	GO Process	GO:0009605	Response to external stimulus
TP53	9606.ENSP00000269305	GO Process	GO:0009607	Response to biotic stimulus
TP53	9606.ENSP00000269305	GO Process	GO:0009628	Response to abiotic stimulus
TP53	9606.ENSP00000269305	GO Process	GO:0009648	Photoperiodism
TP53	9606.ENSP00000269305	GO Process	GO:0009649	Entrainment of circadian clock
TP53	9606.ENSP00000269305	GO Process	GO:0009651	Response to salt stress
TP53	9606.ENSP00000269305	GO Process	GO:0009653	Anatomical structure morphogenesis
TP53	9606.ENSP00000269305	GO Process	GO:0009719	Response to endogenous stimulus
TP53	9606.ENSP00000269305	GO Process	GO:0009790	Embryo development
TP53	9606.ENSP00000269305	GO Process	GO:0009792	Embryo development ending in birth or egg hatching
TP53	9606.ENSP00000269305	GO Process	GO:0009887	Animal organ morphogenesis
TP53	9606.ENSP00000269305	GO Process	GO:0009888	Tissue development
TP53	9606.ENSP00000269305	GO Process	GO:0009889	Regulation of biosynthetic process
TP53	9606.ENSP00000269305	GO Process	GO:0009890	Negative regulation of biosynthetic process
TP53	9606.ENSP00000269305	GO Process	GO:0009891	Positive regulation of biosynthetic process
TP53	9606.ENSP00000269305	GO Process	GO:0009892	Negative regulation of metabolic process
TP53	9606.ENSP00000269305	GO Process	GO:0009893	Positive regulation of metabolic process
TP53	9606.ENSP00000269305	GO Process	GO:0009894	Regulation of catabolic process
TP53	9606.ENSP00000269305	GO Process	GO:0009895	Negative regulation of catabolic process
TP53	9606.ENSP00000269305	GO Process	GO:0009952	Anterior/posterior pattern specification
TP53	9606.ENSP00000269305	GO Process	GO:0009966	Regulation of signal transduction
TP53	9606.ENSP00000269305	GO Process	GO:0009967	Positive regulation of signal transduction
TP53	9606.ENSP00000269305	GO Process	GO:0009968	Negative regulation of signal transduction
TP53	9606.ENSP00000269305	GO Process	GO:0009987	Cellular process
TP53	9606.ENSP00000269305	GO Process	GO:0009991	Response to extracellular stimulus
TP53	9606.ENSP00000269305	GO Process	GO:0010033	Response to organic substance
TP53	9606.ENSP00000269305	GO Process	GO:0010165	Response to X-ray
TP53	9606.ENSP00000269305	GO Process	GO:0010212	Response to ionizing radiation
TP53	9606.ENSP00000269305	GO Process	GO:0010225	Response to UV-C
TP53	9606.ENSP00000269305	GO Process	GO:0010243	Response to organonitrogen compound
TP53	9606.ENSP00000269305	GO Process	GO:0010332	Response to gamma radiation
TP53	9606.ENSP00000269305	GO Process	GO:0010467	Gene expression
TP53	9606.ENSP00000269305	GO Process	GO:0010468	Regulation of gene expression
TP53	9606.ENSP00000269305	GO Process	GO:0010506	Regulation of autophagy
TP53	9606.ENSP00000269305	GO Process	GO:0010507	Negative regulation of autophagy
TP53	9606.ENSP00000269305	GO Process	GO:0010556	Regulation of macromolecule biosynthetic process
TP53	9606.ENSP00000269305	GO Process	GO:0010557	Positive regulation of macromolecule biosynthetic process
TP53	9606.ENSP00000269305	GO Process	GO:0010558	Negative regulation of macromolecule biosynthetic process
TP53	9606.ENSP00000269305	GO Process	GO:0010562	Positive regulation of phosphorus metabolic process
TP53	9606.ENSP00000269305	GO Process	GO:0010563	Negative regulation of phosphorus metabolic process
TP53	9606.ENSP00000269305	GO Process	GO:0010564	Regulation of cell cycle process
TP53	9606.ENSP00000269305	GO Process	GO:0010604	Positive regulation of macromolecule metabolic process
TP53	9606.ENSP00000269305	GO Process	GO:0010605	Negative regulation of macromolecule metabolic process
TP53	9606.ENSP00000269305	GO Process	GO:0010628	Positive regulation of gene expression
TP53	9606.ENSP00000269305	GO Process	GO:0010629	Negative regulation of gene expression
TP53	9606.ENSP00000269305	GO Process	GO:0010638	Positive regulation of organelle organization
TP53	9606.ENSP00000269305	GO Process	GO:0010639	Negative regulation of organelle organization
TP53	9606.ENSP00000269305	GO Process	GO:0010646	Regulation of cell communication
TP53	9606.ENSP00000269305	GO Process	GO:0010647	Positive regulation of cell communication
TP53	9606.ENSP00000269305	GO Process	GO:0010648	Negative regulation of cell communication
TP53	9606.ENSP00000269305	GO Process	GO:0010657	Muscle cell apoptotic process
TP53	9606.ENSP00000269305	GO Process	GO:0010658	Striated muscle cell apoptotic process
TP53	9606.ENSP00000269305	GO Process	GO:0010659	Cardiac muscle cell apoptotic process
TP53	9606.ENSP00000269305	GO Process	GO:0010660	Regulation of muscle cell apoptotic process
TP53	9606.ENSP00000269305	GO Process	GO:0010661	Positive regulation of muscle cell apoptotic process
TP53	9606.ENSP00000269305	GO Process	GO:0010662	Regulation of striated muscle cell apoptotic process
TP53	9606.ENSP00000269305	GO Process	GO:0010663	Positive regulation of striated muscle cell apoptotic process
TP53	9606.ENSP00000269305	GO Process	GO:0010665	Regulation of cardiac muscle cell apoptotic process
TP53	9606.ENSP00000269305	GO Process	GO:0010666	Positive regulation of cardiac muscle cell apoptotic process
TP53	9606.ENSP00000269305	GO Process	GO:0010675	Regulation of cellular carbohydrate metabolic process
TP53	9606.ENSP00000269305	GO Process	GO:0010721	Negative regulation of cell development
TP53	9606.ENSP00000269305	GO Process	GO:0010821	Regulation of mitochondrion organization
TP53	9606.ENSP00000269305	GO Process	GO:0010822	Positive regulation of mitochondrion organization
TP53	9606.ENSP00000269305	GO Process	GO:0010823	Negative regulation of mitochondrion organization
TP53	9606.ENSP00000269305	GO Process	GO:0010906	Regulation of glucose metabolic process
TP53	9606.ENSP00000269305	GO Process	GO:0010939	Regulation of necrotic cell death
TP53	9606.ENSP00000269305	GO Process	GO:0010940	Positive regulation of necrotic cell death
TP53	9606.ENSP00000269305	GO Process	GO:0010941	Regulation of cell death
TP53	9606.ENSP00000269305	GO Process	GO:0010942	Positive regulation of cell death
TP53	9606.ENSP00000269305	GO Process	GO:0010948	Negative regulation of cell cycle process
TP53	9606.ENSP00000269305	GO Process	GO:0012501	Programmed cell death
TP53	9606.ENSP00000269305	GO Process	GO:0014009	Glial cell proliferation
TP53	9606.ENSP00000269305	GO Process	GO:0014013	Regulation of gliogenesis
TP53	9606.ENSP00000269305	GO Process	GO:0014014	Negative regulation of gliogenesis
TP53	9606.ENSP00000269305	GO Process	GO:0015031	Protein transport
TP53	9606.ENSP00000269305	GO Process	GO:0015980	Energy derivation by oxidation of organic compounds
TP53	9606.ENSP00000269305	GO Process	GO:0016032	Viral process
TP53	9606.ENSP00000269305	GO Process	GO:0016043	Cellular component organization
TP53	9606.ENSP00000269305	GO Process	GO:0016052	Carbohydrate catabolic process
TP53	9606.ENSP00000269305	GO Process	GO:0016070	RNA metabolic process
TP53	9606.ENSP00000269305	GO Process	GO:0016071	mRNA metabolic process
TP53	9606.ENSP00000269305	GO Process	GO:0016072	rRNA metabolic process
TP53	9606.ENSP00000269305	GO Process	GO:0016236	Macroautophagy
TP53	9606.ENSP00000269305	GO Process	GO:0016241	Regulation of macroautophagy
TP53	9606.ENSP00000269305	GO Process	GO:0016242	Negative regulation of macroautophagy
TP53	9606.ENSP00000269305	GO Process	GO:0017015	Regulation of transforming growth factor beta receptor signaling pathway
TP53	9606.ENSP00000269305	GO Process	GO:0018130	Heterocycle biosynthetic process
TP53	9606.ENSP00000269305	GO Process	GO:0019219	Regulation of nucleobase-containing compound metabolic process
TP53	9606.ENSP00000269305	GO Process	GO:0019220	Regulation of phosphate metabolic process
TP53	9606.ENSP00000269305	GO Process	GO:0019221	Cytokine-mediated signaling pathway
TP53	9606.ENSP00000269305	GO Process	GO:0019222	Regulation of metabolic process
TP53	9606.ENSP00000269305	GO Process	GO:0019318	Hexose metabolic process
TP53	9606.ENSP00000269305	GO Process	GO:0019320	Hexose catabolic process
TP53	9606.ENSP00000269305	GO Process	GO:0019438	Aromatic compound biosynthetic process
TP53	9606.ENSP00000269305	GO Process	GO:0019659	Glucose catabolic process to lactate
TP53	9606.ENSP00000269305	GO Process	GO:0019660	Glycolytic fermentation
TP53	9606.ENSP00000269305	GO Process	GO:0019661	Glucose catabolic process to lactate via pyruvate
TP53	9606.ENSP00000269305	GO Process	GO:0019674	NAD metabolic process
TP53	9606.ENSP00000269305	GO Process	GO:0019752	Carboxylic acid metabolic process
TP53	9606.ENSP00000269305	GO Process	GO:0021549	Cerebellum development
TP53	9606.ENSP00000269305	GO Process	GO:0022008	Neurogenesis
TP53	9606.ENSP00000269305	GO Process	GO:0022037	Metencephalon development
TP53	9606.ENSP00000269305	GO Process	GO:0022402	Cell cycle process
TP53	9606.ENSP00000269305	GO Process	GO:0022411	Cellular component disassembly
TP53	9606.ENSP00000269305	GO Process	GO:0022607	Cellular component assembly
TP53	9606.ENSP00000269305	GO Process	GO:0023051	Regulation of signaling
TP53	9606.ENSP00000269305	GO Process	GO:0023052	Signaling
TP53	9606.ENSP00000269305	GO Process	GO:0023056	Positive regulation of signaling
TP53	9606.ENSP00000269305	GO Process	GO:0023057	Negative regulation of signaling
TP53	9606.ENSP00000269305	GO Process	GO:0030097	Hemopoiesis
TP53	9606.ENSP00000269305	GO Process	GO:0030098	Lymphocyte differentiation
TP53	9606.ENSP00000269305	GO Process	GO:0030154	Cell differentiation
TP53	9606.ENSP00000269305	GO Process	GO:0030162	Regulation of proteolysis
TP53	9606.ENSP00000269305	GO Process	GO:0030183	B cell differentiation
TP53	9606.ENSP00000269305	GO Process	GO:0030217	T cell differentiation
TP53	9606.ENSP00000269305	GO Process	GO:0030308	Negative regulation of cell growth
TP53	9606.ENSP00000269305	GO Process	GO:0030330	DNA damage response, signal transduction by p53 class mediator
TP53	9606.ENSP00000269305	GO Process	GO:0030512	Negative regulation of transforming growth factor beta receptor signaling pathway
TP53	9606.ENSP00000269305	GO Process	GO:0030902	Hindbrain development
TP53	9606.ENSP00000269305	GO Process	GO:0031056	Regulation of histone modification
TP53	9606.ENSP00000269305	GO Process	GO:0031058	Positive regulation of histone modification
TP53	9606.ENSP00000269305	GO Process	GO:0031063	Regulation of histone deacetylation
TP53	9606.ENSP00000269305	GO Process	GO:0031065	Positive regulation of histone deacetylation
TP53	9606.ENSP00000269305	GO Process	GO:0031323	Regulation of cellular metabolic process
TP53	9606.ENSP00000269305	GO Process	GO:0031324	Negative regulation of cellular metabolic process
TP53	9606.ENSP00000269305	GO Process	GO:0031325	Positive regulation of cellular metabolic process
TP53	9606.ENSP00000269305	GO Process	GO:0031326	Regulation of cellular biosynthetic process
TP53	9606.ENSP00000269305	GO Process	GO:0031327	Negative regulation of cellular biosynthetic process
TP53	9606.ENSP00000269305	GO Process	GO:0031328	Positive regulation of cellular biosynthetic process
TP53	9606.ENSP00000269305	GO Process	GO:0031329	Regulation of cellular catabolic process
TP53	9606.ENSP00000269305	GO Process	GO:0031330	Negative regulation of cellular catabolic process
TP53	9606.ENSP00000269305	GO Process	GO:0031334	Positive regulation of protein-containing complex assembly
TP53	9606.ENSP00000269305	GO Process	GO:0031399	Regulation of protein modification process
TP53	9606.ENSP00000269305	GO Process	GO:0031401	Positive regulation of protein modification process
TP53	9606.ENSP00000269305	GO Process	GO:0031497	Chromatin assembly
TP53	9606.ENSP00000269305	GO Process	GO:0031570	DNA integrity checkpoint signaling
TP53	9606.ENSP00000269305	GO Process	GO:0031571	Mitotic G1 DNA damage checkpoint signaling
TP53	9606.ENSP00000269305	GO Process	GO:0031647	Regulation of protein stability
TP53	9606.ENSP00000269305	GO Process	GO:0031667	Response to nutrient levels
TP53	9606.ENSP00000269305	GO Process	GO:0031668	Cellular response to extracellular stimulus
TP53	9606.ENSP00000269305	GO Process	GO:0031669	Cellular response to nutrient levels
TP53	9606.ENSP00000269305	GO Process	GO:0032042	Mitochondrial DNA metabolic process
TP53	9606.ENSP00000269305	GO Process	GO:0032501	Multicellular organismal process
TP53	9606.ENSP00000269305	GO Process	GO:0032502	Developmental process
TP53	9606.ENSP00000269305	GO Process	GO:0032774	RNA biosynthetic process
TP53	9606.ENSP00000269305	GO Process	GO:0032780	Negative regulation of ATP-dependent activity
TP53	9606.ENSP00000269305	GO Process	GO:0032787	Monocarboxylic acid metabolic process
TP53	9606.ENSP00000269305	GO Process	GO:0032943	Mononuclear cell proliferation
TP53	9606.ENSP00000269305	GO Process	GO:0033036	Macromolecule localization
TP53	9606.ENSP00000269305	GO Process	GO:0033043	Regulation of organelle organization
TP53	9606.ENSP00000269305	GO Process	GO:0033077	T cell differentiation in thymus
TP53	9606.ENSP00000269305	GO Process	GO:0033209	Tumor necrosis factor-mediated signaling pathway
TP53	9606.ENSP00000269305	GO Process	GO:0033365	Protein localization to organelle
TP53	9606.ENSP00000269305	GO Process	GO:0033554	Cellular response to stress
TP53	9606.ENSP00000269305	GO Process	GO:0034097	Response to cytokine
TP53	9606.ENSP00000269305	GO Process	GO:0034103	Regulation of tissue remodeling
TP53	9606.ENSP00000269305	GO Process	GO:0034248	Regulation of cellular amide metabolic process
TP53	9606.ENSP00000269305	GO Process	GO:0034341	Response to interferon-gamma
TP53	9606.ENSP00000269305	GO Process	GO:0034349	Glial cell apoptotic process
TP53	9606.ENSP00000269305	GO Process	GO:0034504	Protein localization to nucleus
TP53	9606.ENSP00000269305	GO Process	GO:0034599	Cellular response to oxidative stress
TP53	9606.ENSP00000269305	GO Process	GO:0034612	Response to tumor necrosis factor
TP53	9606.ENSP00000269305	GO Process	GO:0034641	Cellular nitrogen compound metabolic process
TP53	9606.ENSP00000269305	GO Process	GO:0034644	Cellular response to UV
TP53	9606.ENSP00000269305	GO Process	GO:0034654	Nucleobase-containing compound biosynthetic process
TP53	9606.ENSP00000269305	GO Process	GO:0034660	ncRNA metabolic process
TP53	9606.ENSP00000269305	GO Process	GO:0034976	Response to endoplasmic reticulum stress
TP53	9606.ENSP00000269305	GO Process	GO:0035264	Multicellular organism growth
TP53	9606.ENSP00000269305	GO Process	GO:0035282	Segmentation
TP53	9606.ENSP00000269305	GO Process	GO:0035556	Intracellular signal transduction
TP53	9606.ENSP00000269305	GO Process	GO:0035794	Positive regulation of mitochondrial membrane permeability
TP53	9606.ENSP00000269305	GO Process	GO:0036003	Positive regulation of transcription from RNA polymerase II promoter in response to stress
TP53	9606.ENSP00000269305	GO Process	GO:0036293	Response to decreased oxygen levels
TP53	9606.ENSP00000269305	GO Process	GO:0036294	Cellular response to decreased oxygen levels
TP53	9606.ENSP00000269305	GO Process	GO:0040007	Growth
TP53	9606.ENSP00000269305	GO Process	GO:0040008	Regulation of growth
TP53	9606.ENSP00000269305	GO Process	GO:0042063	Gliogenesis
TP53	9606.ENSP00000269305	GO Process	GO:0042098	T cell proliferation
TP53	9606.ENSP00000269305	GO Process	GO:0042110	T cell activation
TP53	9606.ENSP00000269305	GO Process	GO:0042113	B cell activation
TP53	9606.ENSP00000269305	GO Process	GO:0042127	Regulation of cell population proliferation
TP53	9606.ENSP00000269305	GO Process	GO:0042149	Cellular response to glucose starvation
TP53	9606.ENSP00000269305	GO Process	GO:0042221	Response to chemical
TP53	9606.ENSP00000269305	GO Process	GO:0042325	Regulation of phosphorylation
TP53	9606.ENSP00000269305	GO Process	GO:0042327	Positive regulation of phosphorylation
TP53	9606.ENSP00000269305	GO Process	GO:0042594	Response to starvation
TP53	9606.ENSP00000269305	GO Process	GO:0042752	Regulation of circadian rhythm
TP53	9606.ENSP00000269305	GO Process	GO:0042770	Signal transduction in response to DNA damage
TP53	9606.ENSP00000269305	GO Process	GO:0042771	Intrinsic apoptotic signaling pathway in response to DNA damage by p53 class mediator
TP53	9606.ENSP00000269305	GO Process	GO:0042772	DNA damage response, signal transduction resulting in transcription
TP53	9606.ENSP00000269305	GO Process	GO:0042981	Regulation of apoptotic process
TP53	9606.ENSP00000269305	GO Process	GO:0043009	Chordate embryonic development
TP53	9606.ENSP00000269305	GO Process	GO:0043065	Positive regulation of apoptotic process
TP53	9606.ENSP00000269305	GO Process	GO:0043066	Negative regulation of apoptotic process
TP53	9606.ENSP00000269305	GO Process	GO:0043067	Regulation of programmed cell death
TP53	9606.ENSP00000269305	GO Process	GO:0043068	Positive regulation of programmed cell death
TP53	9606.ENSP00000269305	GO Process	GO:0043069	Negative regulation of programmed cell death
TP53	9606.ENSP00000269305	GO Process	GO:0043086	Negative regulation of catalytic activity
TP53	9606.ENSP00000269305	GO Process	GO:0043153	Entrainment of circadian clock by photoperiod
TP53	9606.ENSP00000269305	GO Process	GO:0043170	Macromolecule metabolic process
TP53	9606.ENSP00000269305	GO Process	GO:0043207	Response to external biotic stimulus
TP53	9606.ENSP00000269305	GO Process	GO:0043254	Regulation of protein-containing complex assembly
TP53	9606.ENSP00000269305	GO Process	GO:0043436	Oxoacid metabolic process
TP53	9606.ENSP00000269305	GO Process	GO:0043456	Regulation of pentose-phosphate shunt
TP53	9606.ENSP00000269305	GO Process	GO:0043462	Regulation of ATP-dependent activity
TP53	9606.ENSP00000269305	GO Process	GO:0043465	Regulation of fermentation
TP53	9606.ENSP00000269305	GO Process	GO:0043467	Regulation of generation of precursor metabolites and energy
TP53	9606.ENSP00000269305	GO Process	GO:0043470	Regulation of carbohydrate catabolic process
TP53	9606.ENSP00000269305	GO Process	GO:0043471	Regulation of cellular carbohydrate catabolic process
TP53	9606.ENSP00000269305	GO Process	GO:0043504	Mitochondrial DNA repair
TP53	9606.ENSP00000269305	GO Process	GO:0043516	Regulation of DNA damage response, signal transduction by p53 class mediator
TP53	9606.ENSP00000269305	GO Process	GO:0043523	Regulation of neuron apoptotic process
TP53	9606.ENSP00000269305	GO Process	GO:0043525	Positive regulation of neuron apoptotic process
TP53	9606.ENSP00000269305	GO Process	GO:0043618	Regulation of transcription from RNA polymerase II promoter in response to stress
TP53	9606.ENSP00000269305	GO Process	GO:0043620	Regulation of DNA-templated transcription in response to stress
TP53	9606.ENSP00000269305	GO Process	GO:0043933	Protein-containing complex organization
TP53	9606.ENSP00000269305	GO Process	GO:0044085	Cellular component biogenesis
TP53	9606.ENSP00000269305	GO Process	GO:0044087	Regulation of cellular component biogenesis
TP53	9606.ENSP00000269305	GO Process	GO:0044089	Positive regulation of cellular component biogenesis
TP53	9606.ENSP00000269305	GO Process	GO:0044092	Negative regulation of molecular function
TP53	9606.ENSP00000269305	GO Process	GO:0044237	Cellular metabolic process
TP53	9606.ENSP00000269305	GO Process	GO:0044238	Primary metabolic process
TP53	9606.ENSP00000269305	GO Process	GO:0044248	Cellular catabolic process
TP53	9606.ENSP00000269305	GO Process	GO:0044249	Cellular biosynthetic process
TP53	9606.ENSP00000269305	GO Process	GO:0044260	Cellular macromolecule metabolic process
TP53	9606.ENSP00000269305	GO Process	GO:0044271	Cellular nitrogen compound biosynthetic process
TP53	9606.ENSP00000269305	GO Process	GO:0044281	Small molecule metabolic process
TP53	9606.ENSP00000269305	GO Process	GO:0044282	Small molecule catabolic process
TP53	9606.ENSP00000269305	GO Process	GO:0044419	Biological process involved in interspecies interaction between organisms
TP53	9606.ENSP00000269305	GO Process	GO:0044773	Mitotic DNA damage checkpoint signaling
TP53	9606.ENSP00000269305	GO Process	GO:0044774	Mitotic DNA integrity checkpoint signaling
TP53	9606.ENSP00000269305	GO Process	GO:0044819	Mitotic G1/S transition checkpoint signaling
TP53	9606.ENSP00000269305	GO Process	GO:0045087	Innate immune response
TP53	9606.ENSP00000269305	GO Process	GO:0045165	Cell fate commitment
TP53	9606.ENSP00000269305	GO Process	GO:0045184	Establishment of protein localization
TP53	9606.ENSP00000269305	GO Process	GO:0045321	Leukocyte activation
TP53	9606.ENSP00000269305	GO Process	GO:0045595	Regulation of cell differentiation
TP53	9606.ENSP00000269305	GO Process	GO:0045596	Negative regulation of cell differentiation
TP53	9606.ENSP00000269305	GO Process	GO:0045786	Negative regulation of cell cycle
TP53	9606.ENSP00000269305	GO Process	GO:0045861	Negative regulation of proteolysis
TP53	9606.ENSP00000269305	GO Process	GO:0045892	Negative regulation of transcription, DNA-templated
TP53	9606.ENSP00000269305	GO Process	GO:0045893	Positive regulation of transcription, DNA-templated
TP53	9606.ENSP00000269305	GO Process	GO:0045898	Regulation of RNA polymerase II transcription preinitiation complex assembly
TP53	9606.ENSP00000269305	GO Process	GO:0045899	Positive regulation of RNA polymerase II transcription preinitiation complex assembly
TP53	9606.ENSP00000269305	GO Process	GO:0045912	Negative regulation of carbohydrate metabolic process
TP53	9606.ENSP00000269305	GO Process	GO:0045926	Negative regulation of growth
TP53	9606.ENSP00000269305	GO Process	GO:0045930	Negative regulation of mitotic cell cycle
TP53	9606.ENSP00000269305	GO Process	GO:0045934	Negative regulation of nucleobase-containing compound metabolic process
TP53	9606.ENSP00000269305	GO Process	GO:0045935	Positive regulation of nucleobase-containing compound metabolic process
TP53	9606.ENSP00000269305	GO Process	GO:0045936	Negative regulation of phosphate metabolic process
TP53	9606.ENSP00000269305	GO Process	GO:0045937	Positive regulation of phosphate metabolic process
TP53	9606.ENSP00000269305	GO Process	GO:0045944	Positive regulation of transcription by RNA polymerase II
TP53	9606.ENSP00000269305	GO Process	GO:0046365	Monosaccharide catabolic process
TP53	9606.ENSP00000269305	GO Process	GO:0046483	Heterocycle metabolic process
TP53	9606.ENSP00000269305	GO Process	GO:0046649	Lymphocyte activation
TP53	9606.ENSP00000269305	GO Process	GO:0046651	Lymphocyte proliferation
TP53	9606.ENSP00000269305	GO Process	GO:0046677	Response to antibiotic
TP53	9606.ENSP00000269305	GO Process	GO:0046902	Regulation of mitochondrial membrane permeability
TP53	9606.ENSP00000269305	GO Process	GO:0046907	Intracellular transport
TP53	9606.ENSP00000269305	GO Process	GO:0048144	Fibroblast proliferation
TP53	9606.ENSP00000269305	GO Process	GO:0048145	Regulation of fibroblast proliferation
TP53	9606.ENSP00000269305	GO Process	GO:0048147	Negative regulation of fibroblast proliferation
TP53	9606.ENSP00000269305	GO Process	GO:0048511	Rhythmic process
TP53	9606.ENSP00000269305	GO Process	GO:0048512	Circadian behavior
TP53	9606.ENSP00000269305	GO Process	GO:0048513	Animal organ development
TP53	9606.ENSP00000269305	GO Process	GO:0048518	Positive regulation of biological process
TP53	9606.ENSP00000269305	GO Process	GO:0048519	Negative regulation of biological process
TP53	9606.ENSP00000269305	GO Process	GO:0048522	Positive regulation of cellular process
TP53	9606.ENSP00000269305	GO Process	GO:0048523	Negative regulation of cellular process
TP53	9606.ENSP00000269305	GO Process	GO:0048534	Hematopoietic or lymphoid organ development
TP53	9606.ENSP00000269305	GO Process	GO:0048539	Bone marrow development
TP53	9606.ENSP00000269305	GO Process	GO:0048568	Embryonic organ development
TP53	9606.ENSP00000269305	GO Process	GO:0048583	Regulation of response to stimulus
TP53	9606.ENSP00000269305	GO Process	GO:0048584	Positive regulation of response to stimulus
TP53	9606.ENSP00000269305	GO Process	GO:0048585	Negative regulation of response to stimulus
TP53	9606.ENSP00000269305	GO Process	GO:0048589	Developmental growth
TP53	9606.ENSP00000269305	GO Process	GO:0048598	Embryonic morphogenesis
TP53	9606.ENSP00000269305	GO Process	GO:0048646	Anatomical structure formation involved in morphogenesis
TP53	9606.ENSP00000269305	GO Process	GO:0048699	Generation of neurons
TP53	9606.ENSP00000269305	GO Process	GO:0048731	System development
TP53	9606.ENSP00000269305	GO Process	GO:0048856	Anatomical structure development
TP53	9606.ENSP00000269305	GO Process	GO:0048863	Stem cell differentiation
TP53	9606.ENSP00000269305	GO Process	GO:0048869	Cellular developmental process
TP53	9606.ENSP00000269305	GO Process	GO:0050730	Regulation of peptidyl-tyrosine phosphorylation
TP53	9606.ENSP00000269305	GO Process	GO:0050731	Positive regulation of peptidyl-tyrosine phosphorylation
TP53	9606.ENSP00000269305	GO Process	GO:0050767	Regulation of neurogenesis
TP53	9606.ENSP00000269305	GO Process	GO:0050768	Negative regulation of neurogenesis
TP53	9606.ENSP00000269305	GO Process	GO:0050789	Regulation of biological process
TP53	9606.ENSP00000269305	GO Process	GO:0050790	Regulation of catalytic activity
TP53	9606.ENSP00000269305	GO Process	GO:0050793	Regulation of developmental process
TP53	9606.ENSP00000269305	GO Process	GO:0050794	Regulation of cellular process
TP53	9606.ENSP00000269305	GO Process	GO:0050821	Protein stabilization
TP53	9606.ENSP00000269305	GO Process	GO:0050896	Response to stimulus
TP53	9606.ENSP00000269305	GO Process	GO:0051052	Regulation of DNA metabolic process
TP53	9606.ENSP00000269305	GO Process	GO:0051053	Negative regulation of DNA metabolic process
TP53	9606.ENSP00000269305	GO Process	GO:0051093	Negative regulation of developmental process
TP53	9606.ENSP00000269305	GO Process	GO:0051095	Regulation of helicase activity
TP53	9606.ENSP00000269305	GO Process	GO:0051097	Negative regulation of helicase activity
TP53	9606.ENSP00000269305	GO Process	GO:0051128	Regulation of cellular component organization
TP53	9606.ENSP00000269305	GO Process	GO:0051129	Negative regulation of cellular component organization
TP53	9606.ENSP00000269305	GO Process	GO:0051130	Positive regulation of cellular component organization
TP53	9606.ENSP00000269305	GO Process	GO:0051169	Nuclear transport
TP53	9606.ENSP00000269305	GO Process	GO:0051170	Import into nucleus
TP53	9606.ENSP00000269305	GO Process	GO:0051171	Regulation of nitrogen compound metabolic process
TP53	9606.ENSP00000269305	GO Process	GO:0051172	Negative regulation of nitrogen compound metabolic process
TP53	9606.ENSP00000269305	GO Process	GO:0051173	Positive regulation of nitrogen compound metabolic process
TP53	9606.ENSP00000269305	GO Process	GO:0051174	Regulation of phosphorus metabolic process
TP53	9606.ENSP00000269305	GO Process	GO:0051179	Localization
TP53	9606.ENSP00000269305	GO Process	GO:0051234	Establishment of localization
TP53	9606.ENSP00000269305	GO Process	GO:0051239	Regulation of multicellular organismal process
TP53	9606.ENSP00000269305	GO Process	GO:0051241	Negative regulation of multicellular organismal process
TP53	9606.ENSP00000269305	GO Process	GO:0051246	Regulation of protein metabolic process
TP53	9606.ENSP00000269305	GO Process	GO:0051247	Positive regulation of protein metabolic process
TP53	9606.ENSP00000269305	GO Process	GO:0051248	Negative regulation of protein metabolic process
TP53	9606.ENSP00000269305	GO Process	GO:0051252	Regulation of RNA metabolic process
TP53	9606.ENSP00000269305	GO Process	GO:0051253	Negative regulation of RNA metabolic process
TP53	9606.ENSP00000269305	GO Process	GO:0051254	Positive regulation of RNA metabolic process
TP53	9606.ENSP00000269305	GO Process	GO:0051259	Protein complex oligomerization
TP53	9606.ENSP00000269305	GO Process	GO:0051262	Protein tetramerization
TP53	9606.ENSP00000269305	GO Process	GO:0051276	Chromosome organization
TP53	9606.ENSP00000269305	GO Process	GO:0051338	Regulation of transferase activity
TP53	9606.ENSP00000269305	GO Process	GO:0051348	Negative regulation of transferase activity
TP53	9606.ENSP00000269305	GO Process	GO:0051402	Neuron apoptotic process
TP53	9606.ENSP00000269305	GO Process	GO:0051641	Cellular localization
TP53	9606.ENSP00000269305	GO Process	GO:0051649	Establishment of localization in cell
TP53	9606.ENSP00000269305	GO Process	GO:0051707	Response to other organism
TP53	9606.ENSP00000269305	GO Process	GO:0051716	Cellular response to stimulus
TP53	9606.ENSP00000269305	GO Process	GO:0051726	Regulation of cell cycle
TP53	9606.ENSP00000269305	GO Process	GO:0051960	Regulation of nervous system development
TP53	9606.ENSP00000269305	GO Process	GO:0051961	Negative regulation of nervous system development
TP53	9606.ENSP00000269305	GO Process	GO:0051972	Regulation of telomerase activity
TP53	9606.ENSP00000269305	GO Process	GO:0051974	Negative regulation of telomerase activity
TP53	9606.ENSP00000269305	GO Process	GO:0060147	Regulation of post-transcriptional gene silencing
TP53	9606.ENSP00000269305	GO Process	GO:0060148	Positive regulation of post-transcriptional gene silencing
TP53	9606.ENSP00000269305	GO Process	GO:0060149	Negative regulation of post-transcriptional gene silencing
TP53	9606.ENSP00000269305	GO Process	GO:0060218	Hematopoietic stem cell differentiation
TP53	9606.ENSP00000269305	GO Process	GO:0060251	Regulation of glial cell proliferation
TP53	9606.ENSP00000269305	GO Process	GO:0060253	Negative regulation of glial cell proliferation
TP53	9606.ENSP00000269305	GO Process	GO:0060255	Regulation of macromolecule metabolic process
TP53	9606.ENSP00000269305	GO Process	GO:0060260	Regulation of transcription initiation from RNA polymerase II promoter
TP53	9606.ENSP00000269305	GO Process	GO:0060261	Positive regulation of transcription initiation from RNA polymerase II promoter
TP53	9606.ENSP00000269305	GO Process	GO:0060284	Regulation of cell development
TP53	9606.ENSP00000269305	GO Process	GO:0060322	Head development
TP53	9606.ENSP00000269305	GO Process	GO:0060333	Interferon-gamma-mediated signaling pathway
TP53	9606.ENSP00000269305	GO Process	GO:0060348	Bone development
TP53	9606.ENSP00000269305	GO Process	GO:0060411	Cardiac septum morphogenesis
TP53	9606.ENSP00000269305	GO Process	GO:0060429	Epithelium development
TP53	9606.ENSP00000269305	GO Process	GO:0060548	Negative regulation of cell death
TP53	9606.ENSP00000269305	GO Process	GO:0060964	Regulation of miRNA-mediated gene silencing
TP53	9606.ENSP00000269305	GO Process	GO:0060965	Negative regulation of miRNA-mediated gene silencing
TP53	9606.ENSP00000269305	GO Process	GO:0060966	Regulation of gene silencing by RNA
TP53	9606.ENSP00000269305	GO Process	GO:0060967	Negative regulation of gene silencing by RNA
TP53	9606.ENSP00000269305	GO Process	GO:0061024	Membrane organization
TP53	9606.ENSP00000269305	GO Process	GO:0061053	Somite development
TP53	9606.ENSP00000269305	GO Process	GO:0061351	Neural precursor cell proliferation
TP53	9606.ENSP00000269305	GO Process	GO:0061418	Regulation of transcription from RNA polymerase II promoter in response to hypoxia
TP53	9606.ENSP00000269305	GO Process	GO:0061419	Positive regulation of transcription from RNA polymerase II promoter in response to hypoxia
TP53	9606.ENSP00000269305	GO Process	GO:0061726	Mitochondrion disassembly
TP53	9606.ENSP00000269305	GO Process	GO:0061912	Selective autophagy
TP53	9606.ENSP00000269305	GO Process	GO:0061919	Process utilizing autophagic mechanism
TP53	9606.ENSP00000269305	GO Process	GO:0062012	Regulation of small molecule metabolic process
TP53	9606.ENSP00000269305	GO Process	GO:0062014	Negative regulation of small molecule metabolic process
TP53	9606.ENSP00000269305	GO Process	GO:0062098	Regulation of programmed necrotic cell death
TP53	9606.ENSP00000269305	GO Process	GO:0062100	Positive regulation of programmed necrotic cell death
TP53	9606.ENSP00000269305	GO Process	GO:0062197	Cellular response to chemical stress
TP53	9606.ENSP00000269305	GO Process	GO:0065003	Protein-containing complex assembly
TP53	9606.ENSP00000269305	GO Process	GO:0065007	Biological regulation
TP53	9606.ENSP00000269305	GO Process	GO:0065008	Regulation of biological quality
TP53	9606.ENSP00000269305	GO Process	GO:0065009	Regulation of molecular function
TP53	9606.ENSP00000269305	GO Process	GO:0070059	Intrinsic apoptotic signaling pathway in response to endoplasmic reticulum stress
TP53	9606.ENSP00000269305	GO Process	GO:0070227	Lymphocyte apoptotic process
TP53	9606.ENSP00000269305	GO Process	GO:0070228	Regulation of lymphocyte apoptotic process
TP53	9606.ENSP00000269305	GO Process	GO:0070230	Positive regulation of lymphocyte apoptotic process
TP53	9606.ENSP00000269305	GO Process	GO:0070231	T cell apoptotic process
TP53	9606.ENSP00000269305	GO Process	GO:0070232	Regulation of T cell apoptotic process
TP53	9606.ENSP00000269305	GO Process	GO:0070234	Positive regulation of T cell apoptotic process
TP53	9606.ENSP00000269305	GO Process	GO:0070242	Thymocyte apoptotic process
TP53	9606.ENSP00000269305	GO Process	GO:0070243	Regulation of thymocyte apoptotic process
TP53	9606.ENSP00000269305	GO Process	GO:0070245	Positive regulation of thymocyte apoptotic process
TP53	9606.ENSP00000269305	GO Process	GO:0070265	Necrotic cell death
TP53	9606.ENSP00000269305	GO Process	GO:0070266	Necroptotic process
TP53	9606.ENSP00000269305	GO Process	GO:0070482	Response to oxygen levels
TP53	9606.ENSP00000269305	GO Process	GO:0070661	Leukocyte proliferation
TP53	9606.ENSP00000269305	GO Process	GO:0070727	Cellular macromolecule localization
TP53	9606.ENSP00000269305	GO Process	GO:0070848	Response to growth factor
TP53	9606.ENSP00000269305	GO Process	GO:0070887	Cellular response to chemical stimulus
TP53	9606.ENSP00000269305	GO Process	GO:0070920	Regulation of production of small RNA involved in gene silencing by RNA
TP53	9606.ENSP00000269305	GO Process	GO:0070997	Neuron death
TP53	9606.ENSP00000269305	GO Process	GO:0071214	Cellular response to abiotic stimulus
TP53	9606.ENSP00000269305	GO Process	GO:0071216	Cellular response to biotic stimulus
TP53	9606.ENSP00000269305	GO Process	GO:0071236	Cellular response to antibiotic
TP53	9606.ENSP00000269305	GO Process	GO:0071310	Cellular response to organic substance
TP53	9606.ENSP00000269305	GO Process	GO:0071345	Cellular response to cytokine stimulus
TP53	9606.ENSP00000269305	GO Process	GO:0071346	Cellular response to interferon-gamma
TP53	9606.ENSP00000269305	GO Process	GO:0071356	Cellular response to tumor necrosis factor
TP53	9606.ENSP00000269305	GO Process	GO:0071363	Cellular response to growth factor stimulus
TP53	9606.ENSP00000269305	GO Process	GO:0071417	Cellular response to organonitrogen compound
TP53	9606.ENSP00000269305	GO Process	GO:0071453	Cellular response to oxygen levels
TP53	9606.ENSP00000269305	GO Process	GO:0071456	Cellular response to hypoxia
TP53	9606.ENSP00000269305	GO Process	GO:0071466	Cellular response to xenobiotic stimulus
TP53	9606.ENSP00000269305	GO Process	GO:0071478	Cellular response to radiation
TP53	9606.ENSP00000269305	GO Process	GO:0071479	Cellular response to ionizing radiation
TP53	9606.ENSP00000269305	GO Process	GO:0071480	Cellular response to gamma radiation
TP53	9606.ENSP00000269305	GO Process	GO:0071482	Cellular response to light stimulus
TP53	9606.ENSP00000269305	GO Process	GO:0071494	Cellular response to UV-C
TP53	9606.ENSP00000269305	GO Process	GO:0071495	Cellular response to endogenous stimulus
TP53	9606.ENSP00000269305	GO Process	GO:0071496	Cellular response to external stimulus
TP53	9606.ENSP00000269305	GO Process	GO:0071559	Response to transforming growth factor beta
TP53	9606.ENSP00000269305	GO Process	GO:0071560	Cellular response to transforming growth factor beta stimulus
TP53	9606.ENSP00000269305	GO Process	GO:0071702	Organic substance transport
TP53	9606.ENSP00000269305	GO Process	GO:0071704	Organic substance metabolic process
TP53	9606.ENSP00000269305	GO Process	GO:0071705	Nitrogen compound transport
TP53	9606.ENSP00000269305	GO Process	GO:0071840	Cellular component organization or biogenesis
TP53	9606.ENSP00000269305	GO Process	GO:0071887	Leukocyte apoptotic process
TP53	9606.ENSP00000269305	GO Process	GO:0072089	Stem cell proliferation
TP53	9606.ENSP00000269305	GO Process	GO:0072091	Regulation of stem cell proliferation
TP53	9606.ENSP00000269305	GO Process	GO:0072331	Signal transduction by p53 class mediator
TP53	9606.ENSP00000269305	GO Process	GO:0072332	Intrinsic apoptotic signaling pathway by p53 class mediator
TP53	9606.ENSP00000269305	GO Process	GO:0072359	Circulatory system development
TP53	9606.ENSP00000269305	GO Process	GO:0072593	Reactive oxygen species metabolic process
TP53	9606.ENSP00000269305	GO Process	GO:0072594	Establishment of protein localization to organelle
TP53	9606.ENSP00000269305	GO Process	GO:0072716	Response to actinomycin D
TP53	9606.ENSP00000269305	GO Process	GO:0072717	Cellular response to actinomycin D
TP53	9606.ENSP00000269305	GO Process	GO:0080090	Regulation of primary metabolic process
TP53	9606.ENSP00000269305	GO Process	GO:0080134	Regulation of response to stress
TP53	9606.ENSP00000269305	GO Process	GO:0080135	Regulation of cellular response to stress
TP53	9606.ENSP00000269305	GO Process	GO:0090092	Regulation of transmembrane receptor protein serine/threonine kinase signaling pathway
TP53	9606.ENSP00000269305	GO Process	GO:0090101	Negative regulation of transmembrane receptor protein serine/threonine kinase signaling pathway
TP53	9606.ENSP00000269305	GO Process	GO:0090199	Regulation of release of cytochrome c from mitochondria
TP53	9606.ENSP00000269305	GO Process	GO:0090200	Positive regulation of release of cytochrome c from mitochondria
TP53	9606.ENSP00000269305	GO Process	GO:0090287	Regulation of cellular response to growth factor stimulus
TP53	9606.ENSP00000269305	GO Process	GO:0090304	Nucleic acid metabolic process
TP53	9606.ENSP00000269305	GO Process	GO:0090311	Regulation of protein deacetylation
TP53	9606.ENSP00000269305	GO Process	GO:0090312	Positive regulation of protein deacetylation
TP53	9606.ENSP00000269305	GO Process	GO:0090398	Cellular senescence
TP53	9606.ENSP00000269305	GO Process	GO:0090399	Replicative senescence
TP53	9606.ENSP00000269305	GO Process	GO:0090400	Stress-induced premature senescence
TP53	9606.ENSP00000269305	GO Process	GO:0090403	Oxidative stress-induced premature senescence
TP53	9606.ENSP00000269305	GO Process	GO:0090559	Regulation of membrane permeability
TP53	9606.ENSP00000269305	GO Process	GO:0097190	Apoptotic signaling pathway
TP53	9606.ENSP00000269305	GO Process	GO:0097193	Intrinsic apoptotic signaling pathway
TP53	9606.ENSP00000269305	GO Process	GO:0097252	Oligodendrocyte apoptotic process
TP53	9606.ENSP00000269305	GO Process	GO:0097300	Programmed necrotic cell death
TP53	9606.ENSP00000269305	GO Process	GO:0097659	Nucleic acid-templated transcription
TP53	9606.ENSP00000269305	GO Process	GO:0098542	Defense response to other organism
TP53	9606.ENSP00000269305	GO Process	GO:0098781	ncRNA transcription
TP53	9606.ENSP00000269305	GO Process	GO:0104004	Cellular response to environmental stimulus
TP53	9606.ENSP00000269305	GO Process	GO:1900117	Regulation of execution phase of apoptosis
TP53	9606.ENSP00000269305	GO Process	GO:1900119	Positive regulation of execution phase of apoptosis
TP53	9606.ENSP00000269305	GO Process	GO:1900368	Regulation of post-transcriptional gene silencing by RNA
TP53	9606.ENSP00000269305	GO Process	GO:1900369	Negative regulation of post-transcriptional gene silencing by RNA
TP53	9606.ENSP00000269305	GO Process	GO:1900370	Positive regulation of post-transcriptional gene silencing by RNA
TP53	9606.ENSP00000269305	GO Process	GO:1901003	Negative regulation of fermentation
TP53	9606.ENSP00000269305	GO Process	GO:1901214	Regulation of neuron death
TP53	9606.ENSP00000269305	GO Process	GO:1901216	Positive regulation of neuron death
TP53	9606.ENSP00000269305	GO Process	GO:1901360	Organic cyclic compound metabolic process
TP53	9606.ENSP00000269305	GO Process	GO:1901362	Organic cyclic compound biosynthetic process
TP53	9606.ENSP00000269305	GO Process	GO:1901522	Positive regulation of transcription from RNA polymerase II promoter involved in cellular response to chemical stimulus
TP53	9606.ENSP00000269305	GO Process	GO:1901524	Regulation of mitophagy
TP53	9606.ENSP00000269305	GO Process	GO:1901525	Negative regulation of mitophagy
TP53	9606.ENSP00000269305	GO Process	GO:1901575	Organic substance catabolic process
TP53	9606.ENSP00000269305	GO Process	GO:1901576	Organic substance biosynthetic process
TP53	9606.ENSP00000269305	GO Process	GO:1901615	Organic hydroxy compound metabolic process
TP53	9606.ENSP00000269305	GO Process	GO:1901652	Response to peptide
TP53	9606.ENSP00000269305	GO Process	GO:1901653	Cellular response to peptide
TP53	9606.ENSP00000269305	GO Process	GO:1901698	Response to nitrogen compound
TP53	9606.ENSP00000269305	GO Process	GO:1901699	Cellular response to nitrogen compound
TP53	9606.ENSP00000269305	GO Process	GO:1901700	Response to oxygen-containing compound
TP53	9606.ENSP00000269305	GO Process	GO:1901701	Cellular response to oxygen-containing compound
TP53	9606.ENSP00000269305	GO Process	GO:1901796	Regulation of signal transduction by p53 class mediator
TP53	9606.ENSP00000269305	GO Process	GO:1901987	Regulation of cell cycle phase transition
TP53	9606.ENSP00000269305	GO Process	GO:1901988	Negative regulation of cell cycle phase transition
TP53	9606.ENSP00000269305	GO Process	GO:1901990	Regulation of mitotic cell cycle phase transition
TP53	9606.ENSP00000269305	GO Process	GO:1901991	Negative regulation of mitotic cell cycle phase transition
TP53	9606.ENSP00000269305	GO Process	GO:1902031	Regulation of NADP metabolic process
TP53	9606.ENSP00000269305	GO Process	GO:1902108	Regulation of mitochondrial membrane permeability involved in apoptotic process
TP53	9606.ENSP00000269305	GO Process	GO:1902253	Regulation of intrinsic apoptotic signaling pathway by p53 class mediator
TP53	9606.ENSP00000269305	GO Process	GO:1902531	Regulation of intracellular signal transduction
TP53	9606.ENSP00000269305	GO Process	GO:1902533	Positive regulation of intracellular signal transduction
TP53	9606.ENSP00000269305	GO Process	GO:1902679	Negative regulation of RNA biosynthetic process
TP53	9606.ENSP00000269305	GO Process	GO:1902680	Positive regulation of RNA biosynthetic process
TP53	9606.ENSP00000269305	GO Process	GO:1902688	Regulation of NAD metabolic process
TP53	9606.ENSP00000269305	GO Process	GO:1902689	Negative regulation of NAD metabolic process
TP53	9606.ENSP00000269305	GO Process	GO:1902692	Regulation of neuroblast proliferation
TP53	9606.ENSP00000269305	GO Process	GO:1902749	Regulation of cell cycle G2/M phase transition
TP53	9606.ENSP00000269305	GO Process	GO:1902806	Regulation of cell cycle G1/S phase transition
TP53	9606.ENSP00000269305	GO Process	GO:1902807	Negative regulation of cell cycle G1/S phase transition
TP53	9606.ENSP00000269305	GO Process	GO:1902893	Regulation of miRNA transcription
TP53	9606.ENSP00000269305	GO Process	GO:1902895	Positive regulation of miRNA transcription
TP53	9606.ENSP00000269305	GO Process	GO:1903008	Organelle disassembly
TP53	9606.ENSP00000269305	GO Process	GO:1903047	Mitotic cell cycle process
TP53	9606.ENSP00000269305	GO Process	GO:1903131	Mononuclear cell differentiation
TP53	9606.ENSP00000269305	GO Process	GO:1903146	Regulation of autophagy of mitochondrion
TP53	9606.ENSP00000269305	GO Process	GO:1903147	Negative regulation of autophagy of mitochondrion
TP53	9606.ENSP00000269305	GO Process	GO:1903450	Regulation of G1 to G0 transition
TP53	9606.ENSP00000269305	GO Process	GO:1903451	Negative regulation of G1 to G0 transition
TP53	9606.ENSP00000269305	GO Process	GO:1903506	Regulation of nucleic acid-templated transcription
TP53	9606.ENSP00000269305	GO Process	GO:1903507	Negative regulation of nucleic acid-templated transcription
TP53	9606.ENSP00000269305	GO Process	GO:1903508	Positive regulation of nucleic acid-templated transcription
TP53	9606.ENSP00000269305	GO Process	GO:1903798	Regulation of miRNA maturation
TP53	9606.ENSP00000269305	GO Process	GO:1903799	Negative regulation of miRNA maturation
TP53	9606.ENSP00000269305	GO Process	GO:1903800	Positive regulation of miRNA maturation
TP53	9606.ENSP00000269305	GO Process	GO:1903844	Regulation of cellular response to transforming growth factor beta stimulus
TP53	9606.ENSP00000269305	GO Process	GO:1904023	Regulation of glucose catabolic process to lactate via pyruvate
TP53	9606.ENSP00000269305	GO Process	GO:1904024	Negative regulation of glucose catabolic process to lactate via pyruvate
TP53	9606.ENSP00000269305	GO Process	GO:1905710	Positive regulation of membrane permeability
TP53	9606.ENSP00000269305	GO Process	GO:1905856	Negative regulation of pentose-phosphate shunt
TP53	9606.ENSP00000269305	GO Process	GO:1990144	Intrinsic apoptotic signaling pathway in response to hypoxia
TP53	9606.ENSP00000269305	GO Process	GO:1990248	Regulation of transcription from RNA polymerase II promoter in response to DNA damage
TP53	9606.ENSP00000269305	GO Process	GO:1990440	Positive regulation of transcription from RNA polymerase II promoter in response to endoplasmic reticulum stress
TP53	9606.ENSP00000269305	GO Process	GO:2000026	Regulation of multicellular organismal development
TP53	9606.ENSP00000269305	GO Process	GO:2000045	Regulation of G1/S transition of mitotic cell cycle
TP53	9606.ENSP00000269305	GO Process	GO:2000106	Regulation of leukocyte apoptotic process
TP53	9606.ENSP00000269305	GO Process	GO:2000108	Positive regulation of leukocyte apoptotic process
TP53	9606.ENSP00000269305	GO Process	GO:2000134	Negative regulation of G1/S transition of mitotic cell cycle
TP53	9606.ENSP00000269305	GO Process	GO:2000142	Regulation of DNA-templated transcription, initiation
TP53	9606.ENSP00000269305	GO Process	GO:2000144	Positive regulation of DNA-templated transcription, initiation
TP53	9606.ENSP00000269305	GO Process	GO:2000177	Regulation of neural precursor cell proliferation
TP53	9606.ENSP00000269305	GO Process	GO:2000178	Negative regulation of neural precursor cell proliferation
TP53	9606.ENSP00000269305	GO Process	GO:2000269	Regulation of fibroblast apoptotic process
TP53	9606.ENSP00000269305	GO Process	GO:2000278	Regulation of DNA biosynthetic process
TP53	9606.ENSP00000269305	GO Process	GO:2000279	Negative regulation of DNA biosynthetic process
TP53	9606.ENSP00000269305	GO Process	GO:2000377	Regulation of reactive oxygen species metabolic process
TP53	9606.ENSP00000269305	GO Process	GO:2000378	Negative regulation of reactive oxygen species metabolic process
TP53	9606.ENSP00000269305	GO Process	GO:2000379	Positive regulation of reactive oxygen species metabolic process
TP53	9606.ENSP00000269305	GO Process	GO:2000628	Regulation of miRNA metabolic process
TP53	9606.ENSP00000269305	GO Process	GO:2000630	Positive regulation of miRNA metabolic process
TP53	9606.ENSP00000269305	GO Process	GO:2000637	Positive regulation of miRNA-mediated gene silencing
TP53	9606.ENSP00000269305	GO Process	GO:2000647	Negative regulation of stem cell proliferation
TP53	9606.ENSP00000269305	GO Process	GO:2000772	Regulation of cellular senescence
TP53	9606.ENSP00000269305	GO Process	GO:2000774	Positive regulation of cellular senescence
TP53	9606.ENSP00000269305	GO Process	GO:2001020	Regulation of response to DNA damage stimulus
TP53	9606.ENSP00000269305	GO Process	GO:2001141	Regulation of RNA biosynthetic process
TP53	9606.ENSP00000269305	GO Process	GO:2001233	Regulation of apoptotic signaling pathway
TP53	9606.ENSP00000269305	GO Process	GO:2001235	Positive regulation of apoptotic signaling pathway
TP53	9606.ENSP00000269305	GO Process	GO:2001242	Regulation of intrinsic apoptotic signaling pathway
TP53	9606.ENSP00000269305	GO Process	GO:2001244	Positive regulation of intrinsic apoptotic signaling pathway
TP53	9606.ENSP00000269305	GO Function	GO:0000976	Transcription cis-regulatory region binding
TP53	9606.ENSP00000269305	GO Function	GO:0000977	RNA polymerase II transcription regulatory region sequence-specific DNA binding
TP53	9606.ENSP00000269305	GO Function	GO:0000978	RNA polymerase II cis-regulatory region sequence-specific DNA binding
TP53	9606.ENSP00000269305	GO Function	GO:0000981	DNA-binding transcription factor activity, RNA polymerase II-specific
TP53	9606.ENSP00000269305	GO Function	GO:0000987	Cis-regulatory region sequence-specific DNA binding
TP53	9606.ENSP00000269305	GO Function	GO:0001046	Core promoter sequence-specific DNA binding
TP53	9606.ENSP00000269305	GO Function	GO:0001067	Transcription regulatory region nucleic acid binding
TP53	9606.ENSP00000269305	GO Function	GO:0001091	RNA polymerase II general transcription initiation factor binding
TP53	9606.ENSP00000269305	GO Function	GO:0001094	TFIID-class transcription factor complex binding
TP53	9606.ENSP00000269305	GO Function	GO:0001098	Basal transcription machinery binding
TP53	9606.ENSP00000269305	GO Function	GO:0001099	Basal RNA polymerase II transcription machinery binding
TP53	9606.ENSP00000269305	GO Function	GO:0001216	DNA-binding transcription activator activity
TP53	9606.ENSP00000269305	GO Function	GO:0001217	DNA-binding transcription repressor activity
TP53	9606.ENSP00000269305	GO Function	GO:0001227	DNA-binding transcription repressor activity, RNA polymerase II-specific
TP53	9606.ENSP00000269305	GO Function	GO:0001228	DNA-binding transcription activator activity, RNA polymerase II-specific
TP53	9606.ENSP00000269305	GO Function	GO:0002020	Protease binding
TP53	9606.ENSP00000269305	GO Function	GO:0002039	p53 binding
TP53	9606.ENSP00000269305	GO Function	GO:0003676	Nucleic acid binding
TP53	9606.ENSP00000269305	GO Function	GO:0003677	DNA binding
TP53	9606.ENSP00000269305	GO Function	GO:0003682	Chromatin binding
TP53	9606.ENSP00000269305	GO Function	GO:0003690	Double-stranded DNA binding
TP53	9606.ENSP00000269305	GO Function	GO:0003697	Single-stranded DNA binding
TP53	9606.ENSP00000269305	GO Function	GO:0003700	DNA-binding transcription factor activity
TP53	9606.ENSP00000269305	GO Function	GO:0003723	RNA binding
TP53	9606.ENSP00000269305	GO Function	GO:0003729	mRNA binding
TP53	9606.ENSP00000269305	GO Function	GO:0003730	mRNA 3-UTR binding
TP53	9606.ENSP00000269305	GO Function	GO:0005102	Signaling receptor binding
TP53	9606.ENSP00000269305	GO Function	GO:0005488	Binding
TP53	9606.ENSP00000269305	GO Function	GO:0005507	Copper ion binding
TP53	9606.ENSP00000269305	GO Function	GO:0005515	Protein binding
TP53	9606.ENSP00000269305	GO Function	GO:0008134	Transcription factor binding
TP53	9606.ENSP00000269305	GO Function	GO:0008270	Zinc ion binding
TP53	9606.ENSP00000269305	GO Function	GO:0019899	Enzyme binding
TP53	9606.ENSP00000269305	GO Function	GO:0019900	Kinase binding
TP53	9606.ENSP00000269305	GO Function	GO:0019901	Protein kinase binding
TP53	9606.ENSP00000269305	GO Function	GO:0019902	Phosphatase binding
TP53	9606.ENSP00000269305	GO Function	GO:0019903	Protein phosphatase binding
TP53	9606.ENSP00000269305	GO Function	GO:0019904	Protein domain specific binding
TP53	9606.ENSP00000269305	GO Function	GO:0030234	Enzyme regulator activity
TP53	9606.ENSP00000269305	GO Function	GO:0030971	Receptor tyrosine kinase binding
TP53	9606.ENSP00000269305	GO Function	GO:0031625	Ubiquitin protein ligase binding
TP53	9606.ENSP00000269305	GO Function	GO:0035033	Histone deacetylase regulator activity
TP53	9606.ENSP00000269305	GO Function	GO:0035035	Histone acetyltransferase binding
TP53	9606.ENSP00000269305	GO Function	GO:0036310	ATP-dependent DNA/DNA annealing activity
TP53	9606.ENSP00000269305	GO Function	GO:0042802	Identical protein binding
TP53	9606.ENSP00000269305	GO Function	GO:0042826	Histone deacetylase binding
TP53	9606.ENSP00000269305	GO Function	GO:0043167	Ion binding
TP53	9606.ENSP00000269305	GO Function	GO:0043169	Cation binding
TP53	9606.ENSP00000269305	GO Function	GO:0043565	Sequence-specific DNA binding
TP53	9606.ENSP00000269305	GO Function	GO:0043621	Protein self-association
TP53	9606.ENSP00000269305	GO Function	GO:0044389	Ubiquitin-like protein ligase binding
TP53	9606.ENSP00000269305	GO Function	GO:0044877	Protein-containing complex binding
TP53	9606.ENSP00000269305	GO Function	GO:0046872	Metal ion binding
TP53	9606.ENSP00000269305	GO Function	GO:0046914	Transition metal ion binding
TP53	9606.ENSP00000269305	GO Function	GO:0046982	Protein heterodimerization activity
TP53	9606.ENSP00000269305	GO Function	GO:0046983	Protein dimerization activity
TP53	9606.ENSP00000269305	GO Function	GO:0047485	Protein N-terminus binding
TP53	9606.ENSP00000269305	GO Function	GO:0051087	Chaperone binding
TP53	9606.ENSP00000269305	GO Function	GO:0051721	Protein phosphatase 2A binding
TP53	9606.ENSP00000269305	GO Function	GO:0061629	RNA polymerase II-specific DNA-binding transcription factor binding
TP53	9606.ENSP00000269305	GO Function	GO:0097159	Organic cyclic compound binding
TP53	9606.ENSP00000269305	GO Function	GO:0097371	MDM2/MDM4 family protein binding
TP53	9606.ENSP00000269305	GO Function	GO:0097718	Disordered domain specific binding
TP53	9606.ENSP00000269305	GO Function	GO:0098772	Molecular function regulator activity
TP53	9606.ENSP00000269305	GO Function	GO:0140110	Transcription regulator activity
TP53	9606.ENSP00000269305	GO Function	GO:0140296	General transcription initiation factor binding
TP53	9606.ENSP00000269305	GO Function	GO:0140297	DNA-binding transcription factor binding
TP53	9606.ENSP00000269305	GO Function	GO:0140657	ATP-dependent activity
TP53	9606.ENSP00000269305	GO Function	GO:0140666	Annealing activity
TP53	9606.ENSP00000269305	GO Function	GO:1901363	Heterocyclic compound binding
TP53	9606.ENSP00000269305	GO Function	GO:1990782	Protein tyrosine kinase binding
TP53	9606.ENSP00000269305	GO Function	GO:1990814	DNA/DNA annealing activity
TP53	9606.ENSP00000269305	GO Function	GO:1990837	Sequence-specific double-stranded DNA binding
TP53	9606.ENSP00000269305	GO Function	GO:1990841	Promoter-specific chromatin binding
TP53	9606.ENSP00000269305	GO Component	GO:0000785	Chromatin
TP53	9606.ENSP00000269305	GO Component	GO:0005622	Intracellular anatomical structure
TP53	9606.ENSP00000269305	GO Component	GO:0005634	Nucleus
TP53	9606.ENSP00000269305	GO Component	GO:0005654	Nucleoplasm
TP53	9606.ENSP00000269305	GO Component	GO:0005657	Replication fork
TP53	9606.ENSP00000269305	GO Component	GO:0005667	Transcription regulator complex
TP53	9606.ENSP00000269305	GO Component	GO:0005694	Chromosome
TP53	9606.ENSP00000269305	GO Component	GO:0005730	Nucleolus
TP53	9606.ENSP00000269305	GO Component	GO:0005737	Cytoplasm
TP53	9606.ENSP00000269305	GO Component	GO:0005739	Mitochondrion
TP53	9606.ENSP00000269305	GO Component	GO:0005759	Mitochondrial matrix
TP53	9606.ENSP00000269305	GO Component	GO:0005783	Endoplasmic reticulum
TP53	9606.ENSP00000269305	GO Component	GO:0005813	Centrosome
TP53	9606.ENSP00000269305	GO Component	GO:0005815	Microtubule organizing center
TP53	9606.ENSP00000269305	GO Component	GO:0005829	Cytosol
TP53	9606.ENSP00000269305	GO Component	GO:0005856	Cytoskeleton
TP53	9606.ENSP00000269305	GO Component	GO:0012505	Endomembrane system
TP53	9606.ENSP00000269305	GO Component	GO:0015630	Microtubule cytoskeleton
TP53	9606.ENSP00000269305	GO Component	GO:0016020	Membrane
TP53	9606.ENSP00000269305	GO Component	GO:0016021	Integral component of membrane
TP53	9606.ENSP00000269305	GO Component	GO:0016363	Nuclear matrix
TP53	9606.ENSP00000269305	GO Component	GO:0016604	Nuclear body
TP53	9606.ENSP00000269305	GO Component	GO:0016605	PML body
TP53	9606.ENSP00000269305	GO Component	GO:0017053	Transcription repressor complex
TP53	9606.ENSP00000269305	GO Component	GO:0031224	Intrinsic component of membrane
TP53	9606.ENSP00000269305	GO Component	GO:0031974	Membrane-enclosed lumen
TP53	9606.ENSP00000269305	GO Component	GO:0031981	Nuclear lumen
TP53	9606.ENSP00000269305	GO Component	GO:0032991	Protein-containing complex
TP53	9606.ENSP00000269305	GO Component	GO:0034399	Nuclear periphery
TP53	9606.ENSP00000269305	GO Component	GO:0035861	Site of double-strand break
TP53	9606.ENSP00000269305	GO Component	GO:0043073	Germ cell nucleus
TP53	9606.ENSP00000269305	GO Component	GO:0043226	Organelle
TP53	9606.ENSP00000269305	GO Component	GO:0043227	Membrane-bounded organelle
TP53	9606.ENSP00000269305	GO Component	GO:0043228	Non-membrane-bounded organelle
TP53	9606.ENSP00000269305	GO Component	GO:0043229	Intracellular organelle
TP53	9606.ENSP00000269305	GO Component	GO:0043231	Intracellular membrane-bounded organelle
TP53	9606.ENSP00000269305	GO Component	GO:0043232	Intracellular non-membrane-bounded organelle
TP53	9606.ENSP00000269305	GO Component	GO:0043233	Organelle lumen
TP53	9606.ENSP00000269305	GO Component	GO:0070013	Intracellular organelle lumen
TP53	9606.ENSP00000269305	GO Component	GO:0090734	Site of DNA damage
TP53	9606.ENSP00000269305	GO Component	GO:0110165	Cellular anatomical entity
TP53	9606.ENSP00000269305	STRING clusters	CL:6897	Mixed, incl. G1 Phase, and G0 and Early G1
TP53	9606.ENSP00000269305	STRING clusters	CL:6995	Mixed, incl. P53 DNA-binding domain, and SWIB/MDM2 domain
TP53	9606.ENSP00000269305	STRING clusters	CL:6997	Mixed, incl. P53 DNA-binding domain, and SWIB/MDM2 domain
TP53	9606.ENSP00000269305	STRING clusters	CL:6999	SWIB/MDM2 domain, and Fermentation
TP53	9606.ENSP00000269305	KEGG	hsa01522	Endocrine resistance
TP53	9606.ENSP00000269305	KEGG	hsa01524	Platinum drug resistance
TP53	9606.ENSP00000269305	KEGG	hsa04010	MAPK signaling pathway
TP53	9606.ENSP00000269305	KEGG	hsa04071	Sphingolipid signaling pathway
TP53	9606.ENSP00000269305	KEGG	hsa04110	Cell cycle
TP53	9606.ENSP00000269305	KEGG	hsa04115	p53 signaling pathway
TP53	9606.ENSP00000269305	KEGG	hsa04137	Mitophagy - animal
TP53	9606.ENSP00000269305	KEGG	hsa04151	PI3K-Akt signaling pathway
TP53	9606.ENSP00000269305	KEGG	hsa04210	Apoptosis
TP53	9606.ENSP00000269305	KEGG	hsa04211	Longevity regulating pathway
TP53	9606.ENSP00000269305	KEGG	hsa04216	Ferroptosis
TP53	9606.ENSP00000269305	KEGG	hsa04218	Cellular senescence
TP53	9606.ENSP00000269305	KEGG	hsa04310	Wnt signaling pathway
TP53	9606.ENSP00000269305	KEGG	hsa04722	Neurotrophin signaling pathway
TP53	9606.ENSP00000269305	KEGG	hsa04919	Thyroid hormone signaling pathway
TP53	9606.ENSP00000269305	KEGG	hsa05012	Parkinson disease
TP53	9606.ENSP00000269305	KEGG	hsa05014	Amyotrophic lateral sclerosis
TP53	9606.ENSP00000269305	KEGG	hsa05016	Huntington disease
TP53	9606.ENSP00000269305	KEGG	hsa05131	Shigellosis
TP53	9606.ENSP00000269305	KEGG	hsa05160	Hepatitis C
TP53	9606.ENSP00000269305	KEGG	hsa05161	Hepatitis B
TP53	9606.ENSP00000269305	KEGG	hsa05162	Measles
TP53	9606.ENSP00000269305	KEGG	hsa05163	Human cytomegalovirus infection
TP53	9606.ENSP00000269305	KEGG	hsa05165	Human papillomavirus infection
TP53	9606.ENSP00000269305	KEGG	hsa05166	Human T-cell leukemia virus 1 infection
TP53	9606.ENSP00000269305	KEGG	hsa05167	Kaposi sarcoma-associated herpesvirus infection
TP53	9606.ENSP00000269305	KEGG	hsa05168	Herpes simplex virus 1 infection
TP53	9606.ENSP00000269305	KEGG	hsa05169	Epstein-Barr virus infection
TP53	9606.ENSP00000269305	KEGG	hsa05200	Pathways in cancer
TP53	9606.ENSP00000269305	KEGG	hsa05202	Transcriptional misregulation in cancer
TP53	9606.ENSP00000269305	KEGG	hsa05203	Viral carcinogenesis
TP53	9606.ENSP00000269305	KEGG	hsa05205	Proteoglycans in cancer
TP53	9606.ENSP00000269305	KEGG	hsa05206	MicroRNAs in cancer
TP53	9606.ENSP00000269305	KEGG	hsa05210	Colorectal cancer
TP53	9606.ENSP00000269305	KEGG	hsa05212	Pancreatic cancer
TP53	9606.ENSP00000269305	KEGG	hsa05213	Endometrial cancer
TP53	9606.ENSP00000269305	KEGG	hsa05214	Glioma
TP53	9606.ENSP00000269305	KEGG	hsa05215	Prostate cancer
TP53	9606.ENSP00000269305	KEGG	hsa05216	Thyroid cancer
TP53	9606.ENSP00000269305	KEGG	hsa05217	Basal cell carcinoma
TP53	9606.ENSP00000269305	KEGG	hsa05218	Melanoma
TP53	9606.ENSP00000269305	KEGG	hsa05219	Bladder cancer
TP53	9606.ENSP00000269305	KEGG	hsa05220	Chronic myeloid leukemia
TP53	9606.ENSP00000269305	KEGG	hsa05222	Small cell lung cancer
TP53	9606.ENSP00000269305	KEGG	hsa05223	Non-small cell lung cancer
TP53	9606.ENSP00000269305	KEGG	hsa05224	Breast cancer
TP53	9606.ENSP00000269305	KEGG	hsa05225	Hepatocellular carcinoma
TP53	9606.ENSP00000269305	KEGG	hsa05226	Gastric cancer
TP53	9606.ENSP00000269305	KEGG	hsa05230	Central carbon metabolism in cancer
TP53	9606.ENSP00000269305	KEGG	hsa05418	Fluid shear stress and atherosclerosis
TP53	9606.ENSP00000269305	Reactome	HSA-109581	Apoptosis
TP53	9606.ENSP00000269305	Reactome	HSA-109582	Hemostasis
TP53	9606.ENSP00000269305	Reactome	HSA-109606	Intrinsic Pathway for Apoptosis
TP53	9606.ENSP00000269305	Reactome	HSA-111448	Activation of NOXA and translocation to mitochondria
TP53	9606.ENSP00000269305	Reactome	HSA-114452	Activation of BH3-only proteins
TP53	9606.ENSP00000269305	Reactome	HSA-1257604	PIP3 activates AKT signaling
TP53	9606.ENSP00000269305	Reactome	HSA-1280215	Cytokine Signaling in Immune system
TP53	9606.ENSP00000269305	Reactome	HSA-139915	Activation of PUMA and translocation to mitochondria
TP53	9606.ENSP00000269305	Reactome	HSA-157118	Signaling by NOTCH
TP53	9606.ENSP00000269305	Reactome	HSA-162582	Signal Transduction
TP53	9606.ENSP00000269305	Reactome	HSA-1640170	Cell Cycle
TP53	9606.ENSP00000269305	Reactome	HSA-1643685	Disease
TP53	9606.ENSP00000269305	Reactome	HSA-166016	Toll Like Receptor 4 (TLR4) Cascade
TP53	9606.ENSP00000269305	Reactome	HSA-166058	MyD88:MAL(TIRAP) cascade initiated on plasma membrane
TP53	9606.ENSP00000269305	Reactome	HSA-166166	MyD88-independent TLR4 cascade
TP53	9606.ENSP00000269305	Reactome	HSA-168138	Toll Like Receptor 9 (TLR9) Cascade
TP53	9606.ENSP00000269305	Reactome	HSA-168142	Toll Like Receptor 10 (TLR10) Cascade
TP53	9606.ENSP00000269305	Reactome	HSA-168164	Toll Like Receptor 3 (TLR3) Cascade
TP53	9606.ENSP00000269305	Reactome	HSA-168176	Toll Like Receptor 5 (TLR5) Cascade
TP53	9606.ENSP00000269305	Reactome	HSA-168179	Toll Like Receptor TLR1:TLR2 Cascade
TP53	9606.ENSP00000269305	Reactome	HSA-168181	Toll Like Receptor 7/8 (TLR7/8) Cascade
TP53	9606.ENSP00000269305	Reactome	HSA-168188	Toll Like Receptor TLR6:TLR2 Cascade
TP53	9606.ENSP00000269305	Reactome	HSA-168249	Innate Immune System
TP53	9606.ENSP00000269305	Reactome	HSA-168256	Immune System
TP53	9606.ENSP00000269305	Reactome	HSA-168898	Toll-like Receptor Cascades
TP53	9606.ENSP00000269305	Reactome	HSA-181438	Toll Like Receptor 2 (TLR2) Cascade
TP53	9606.ENSP00000269305	Reactome	HSA-1912408	Pre-NOTCH Transcription and Translation
TP53	9606.ENSP00000269305	Reactome	HSA-1912422	Pre-NOTCH Expression and Processing
TP53	9606.ENSP00000269305	Reactome	HSA-212436	Generic Transcription Pathway
TP53	9606.ENSP00000269305	Reactome	HSA-2262752	Cellular responses to stress
TP53	9606.ENSP00000269305	Reactome	HSA-2559580	Oxidative Stress Induced Senescence
TP53	9606.ENSP00000269305	Reactome	HSA-2559583	Cellular Senescence
TP53	9606.ENSP00000269305	Reactome	HSA-2559584	Formation of Senescence-Associated Heterochromatin Foci (SAHF)
TP53	9606.ENSP00000269305	Reactome	HSA-2559585	Oncogene Induced Senescence
TP53	9606.ENSP00000269305	Reactome	HSA-2559586	DNA Damage/Telomere Stress Induced Senescence
TP53	9606.ENSP00000269305	Reactome	HSA-2990846	SUMOylation
TP53	9606.ENSP00000269305	Reactome	HSA-3108232	SUMO E3 ligases SUMOylate target proteins
TP53	9606.ENSP00000269305	Reactome	HSA-3232118	SUMOylation of transcription factors
TP53	9606.ENSP00000269305	Reactome	HSA-349425	Autodegradation of the E3 ubiquitin ligase COP1
TP53	9606.ENSP00000269305	Reactome	HSA-3700989	Transcriptional Regulation by TP53
TP53	9606.ENSP00000269305	Reactome	HSA-390466	Chaperonin-mediated protein folding
TP53	9606.ENSP00000269305	Reactome	HSA-390471	Association of TriC/CCT with target proteins during biosynthesis
TP53	9606.ENSP00000269305	Reactome	HSA-391251	Protein folding
TP53	9606.ENSP00000269305	Reactome	HSA-392499	Metabolism of proteins
TP53	9606.ENSP00000269305	Reactome	HSA-445989	TAK1-dependent IKK and NF-kappa-B activation
TP53	9606.ENSP00000269305	Reactome	HSA-446652	Interleukin-1 family signaling
TP53	9606.ENSP00000269305	Reactome	HSA-449147	Signaling by Interleukins
TP53	9606.ENSP00000269305	Reactome	HSA-453274	Mitotic G2-G2/M phases
TP53	9606.ENSP00000269305	Reactome	HSA-5218859	Regulated Necrosis
TP53	9606.ENSP00000269305	Reactome	HSA-5357801	Programmed Cell Death
TP53	9606.ENSP00000269305	Reactome	HSA-5620971	Pyroptosis
TP53	9606.ENSP00000269305	Reactome	HSA-5628897	TP53 Regulates Metabolic Genes
TP53	9606.ENSP00000269305	Reactome	HSA-5633007	Regulation of TP53 Activity
TP53	9606.ENSP00000269305	Reactome	HSA-5633008	TP53 Regulates Transcription of Cell Death Genes
TP53	9606.ENSP00000269305	Reactome	HSA-5688426	Deubiquitination
TP53	9606.ENSP00000269305	Reactome	HSA-5689880	Ub-specific processing proteases
TP53	9606.ENSP00000269305	Reactome	HSA-5689896	Ovarian tumor domain proteases
TP53	9606.ENSP00000269305	Reactome	HSA-5693532	DNA Double-Strand Break Repair
TP53	9606.ENSP00000269305	Reactome	HSA-5693565	Recruitment and ATM-mediated phosphorylation of repair and signaling proteins at DNA double strand breaks
TP53	9606.ENSP00000269305	Reactome	HSA-5693606	DNA Double Strand Break Response
TP53	9606.ENSP00000269305	Reactome	HSA-597592	Post-translational protein modification
TP53	9606.ENSP00000269305	Reactome	HSA-6785807	Interleukin-4 and Interleukin-13 signaling
TP53	9606.ENSP00000269305	Reactome	HSA-6791312	TP53 Regulates Transcription of Cell Cycle Genes
TP53	9606.ENSP00000269305	Reactome	HSA-6796648	TP53 Regulates Transcription of DNA Repair Genes
TP53	9606.ENSP00000269305	Reactome	HSA-6803204	TP53 Regulates Transcription of Genes Involved in Cytochrome C Release
TP53	9606.ENSP00000269305	Reactome	HSA-6803205	TP53 regulates transcription of several additional cell death genes whose specific roles in p53-dependent apoptosis remain uncertain
TP53	9606.ENSP00000269305	Reactome	HSA-6803207	TP53 Regulates Transcription of Caspase Activators and Caspases
TP53	9606.ENSP00000269305	Reactome	HSA-6803211	TP53 Regulates Transcription of Death Receptors and Ligands
TP53	9606.ENSP00000269305	Reactome	HSA-6804114	TP53 Regulates Transcription of Genes Involved in G2 Cell Cycle Arrest
TP53	9606.ENSP00000269305	Reactome	HSA-6804115	TP53 regulates transcription of additional cell cycle genes whose exact role in the p53 pathway remain uncertain
TP53	9606.ENSP00000269305	Reactome	HSA-6804116	TP53 Regulates Transcription of Genes Involved in G1 Cell Cycle Arrest
TP53	9606.ENSP00000269305	Reactome	HSA-6804754	Regulation of TP53 Expression
TP53	9606.ENSP00000269305	Reactome	HSA-6804756	Regulation of TP53 Activity through Phosphorylation
TP53	9606.ENSP00000269305	Reactome	HSA-6804757	Regulation of TP53 Degradation
TP53	9606.ENSP00000269305	Reactome	HSA-6804758	Regulation of TP53 Activity through Acetylation
TP53	9606.ENSP00000269305	Reactome	HSA-6804759	Regulation of TP53 Activity through Association with Co-factors
TP53	9606.ENSP00000269305	Reactome	HSA-6804760	Regulation of TP53 Activity through Methylation
TP53	9606.ENSP00000269305	Reactome	HSA-6806003	Regulation of TP53 Expression and Degradation
TP53	9606.ENSP00000269305	Reactome	HSA-6807070	PTEN Regulation
TP53	9606.ENSP00000269305	Reactome	HSA-6811555	PI5P Regulates TP53 Acetylation
TP53	9606.ENSP00000269305	Reactome	HSA-69275	G2/M Transition
TP53	9606.ENSP00000269305	Reactome	HSA-69278	Cell Cycle, Mitotic
TP53	9606.ENSP00000269305	Reactome	HSA-69473	G2/M DNA damage checkpoint
TP53	9606.ENSP00000269305	Reactome	HSA-69481	G2/M Checkpoints
TP53	9606.ENSP00000269305	Reactome	HSA-69541	Stabilization of p53
TP53	9606.ENSP00000269305	Reactome	HSA-69560	Transcriptional activation of p53 responsive genes
TP53	9606.ENSP00000269305	Reactome	HSA-69563	p53-Dependent G1 DNA Damage Response
TP53	9606.ENSP00000269305	Reactome	HSA-69580	p53-Dependent G1/S DNA damage checkpoint
TP53	9606.ENSP00000269305	Reactome	HSA-69615	G1/S DNA Damage Checkpoints
TP53	9606.ENSP00000269305	Reactome	HSA-69620	Cell Cycle Checkpoints
TP53	9606.ENSP00000269305	Reactome	HSA-69895	Transcriptional  activation of  cell cycle inhibitor p21
TP53	9606.ENSP00000269305	Reactome	HSA-73857	RNA Polymerase II Transcription
TP53	9606.ENSP00000269305	Reactome	HSA-73894	DNA Repair
TP53	9606.ENSP00000269305	Reactome	HSA-74160	Gene expression (Transcription)
TP53	9606.ENSP00000269305	Reactome	HSA-8852276	The role of GTSE1 in G2/M progression after G2 checkpoint
TP53	9606.ENSP00000269305	Reactome	HSA-8853884	Transcriptional Regulation by VENTX
TP53	9606.ENSP00000269305	Reactome	HSA-8878159	Transcriptional regulation by RUNX3
TP53	9606.ENSP00000269305	Reactome	HSA-8941855	RUNX3 regulates CDKN1A transcription
TP53	9606.ENSP00000269305	Reactome	HSA-8943724	Regulation of PTEN gene transcription
TP53	9606.ENSP00000269305	Reactome	HSA-8953897	Cellular responses to stimuli
TP53	9606.ENSP00000269305	Reactome	HSA-9006925	Intracellular signaling by second messengers
TP53	9606.ENSP00000269305	Reactome	HSA-9020702	Interleukin-1 signaling
TP53	9606.ENSP00000269305	Reactome	HSA-937061	TRIF(TICAM1)-mediated TLR4 signaling
TP53	9606.ENSP00000269305	Reactome	HSA-9645723	Diseases of programmed cell death
TP53	9606.ENSP00000269305	Reactome	HSA-9723905	Loss of function of TP53 in cancer due to loss of tetramerization ability
TP53	9606.ENSP00000269305	Reactome	HSA-9723907	Loss of Function of TP53 in Cancer
TP53	9606.ENSP00000269305	Reactome	HSA-9734009	Defective Intrinsic Pathway for Apoptosis
TP53	9606.ENSP00000269305	Reactome	HSA-975138	TRAF6 mediated induction of NFkB and MAP kinases upon TLR7/8 or 9 activation
TP53	9606.ENSP00000269305	Reactome	HSA-975155	MyD88 dependent cascade initiated on endosome
TP53	9606.ENSP00000269305	Reactome	HSA-9758274	Regulation of NF-kappa B signaling
TP53	9606.ENSP00000269305	Reactome	HSA-975871	MyD88 cascade initiated on plasma membrane
TP53	9606.ENSP00000269305	Reactome	HSA-983231	Factors involved in megakaryocyte development and platelet production
TP53	9606.ENSP00000269305	WikiPathways	WP1403	AMP-activated protein kinase signaling
TP53	9606.ENSP00000269305	WikiPathways	WP1530	miRNA regulation of DNA damage response
TP53	9606.ENSP00000269305	WikiPathways	WP1545	miRNAs involved in DNA damage response
TP53	9606.ENSP00000269305	WikiPathways	WP1601	Fluoropyrimidine activity
TP53	9606.ENSP00000269305	WikiPathways	WP1742	TP53 network
TP53	9606.ENSP00000269305	WikiPathways	WP176	Folate metabolism
TP53	9606.ENSP00000269305	WikiPathways	WP1772	Apoptosis modulation and signaling
TP53	9606.ENSP00000269305	WikiPathways	WP179	Cell cycle
TP53	9606.ENSP00000269305	WikiPathways	WP1971	Integrated cancer pathway
TP53	9606.ENSP00000269305	WikiPathways	WP2249	Metastatic brain tumor
TP53	9606.ENSP00000269305	WikiPathways	WP2261	Glioblastoma signaling pathways
TP53	9606.ENSP00000269305	WikiPathways	WP2263	Androgen receptor network in prostate cancer
TP53	9606.ENSP00000269305	WikiPathways	WP2363	Gastric cancer network 2
TP53	9606.ENSP00000269305	WikiPathways	WP2374	Oncostatin M signaling pathway
TP53	9606.ENSP00000269305	WikiPathways	WP2431	Spinal cord injury
TP53	9606.ENSP00000269305	WikiPathways	WP2446	Retinoblastoma gene in cancer
TP53	9606.ENSP00000269305	WikiPathways	WP2447	Amyotrophic lateral sclerosis (ALS)
TP53	9606.ENSP00000269305	WikiPathways	WP2516	ATM signaling pathway
TP53	9606.ENSP00000269305	WikiPathways	WP254	Apoptosis
TP53	9606.ENSP00000269305	WikiPathways	WP2815	Mammary gland development pathway - Involution (Stage 4 of 4)
TP53	9606.ENSP00000269305	WikiPathways	WP2828	Bladder cancer
TP53	9606.ENSP00000269305	WikiPathways	WP3286	Copper homeostasis
TP53	9606.ENSP00000269305	WikiPathways	WP3303	RAC1/PAK1/p38/MMP2 pathway
TP53	9606.ENSP00000269305	WikiPathways	WP3594	Circadian rhythm genes
TP53	9606.ENSP00000269305	WikiPathways	WP3611	Photodynamic therapy-induced AP-1 survival signaling
TP53	9606.ENSP00000269305	WikiPathways	WP3614	Photodynamic therapy-induced HIF-1 survival signaling
TP53	9606.ENSP00000269305	WikiPathways	WP3646	Hepatitis C and hepatocellular carcinoma
TP53	9606.ENSP00000269305	WikiPathways	WP3651	Pathways affected in adenoid cystic carcinoma
TP53	9606.ENSP00000269305	WikiPathways	WP366	TGF-beta signaling pathway
TP53	9606.ENSP00000269305	WikiPathways	WP3672	lncRNA-mediated mechanisms of therapeutic resistance
TP53	9606.ENSP00000269305	WikiPathways	WP382	MAPK signaling pathway
TP53	9606.ENSP00000269305	WikiPathways	WP3959	DNA IR-double strand breaks and cellular response via ATM
TP53	9606.ENSP00000269305	WikiPathways	WP3981	miRNA regulation of prostate cancer signaling pathways
TP53	9606.ENSP00000269305	WikiPathways	WP3982	miRNA regulation of p53 pathway in prostate cancer
TP53	9606.ENSP00000269305	WikiPathways	WP399	Wnt signaling pathway and pluripotency
TP53	9606.ENSP00000269305	WikiPathways	WP3998	Prader-Willi and Angelman syndrome
TP53	9606.ENSP00000269305	WikiPathways	WP4016	DNA IR-damage and cellular response via ATR
TP53	9606.ENSP00000269305	WikiPathways	WP4155	Endometrial cancer
TP53	9606.ENSP00000269305	WikiPathways	WP4172	PI3K-Akt signaling pathway
TP53	9606.ENSP00000269305	WikiPathways	WP4191	Caloric restriction and aging
TP53	9606.ENSP00000269305	WikiPathways	WP4206	Hereditary leiomyomatosis and renal cell carcinoma pathway
TP53	9606.ENSP00000269305	WikiPathways	WP4216	Chromosomal and microsatellite instability in colorectal cancer 
TP53	9606.ENSP00000269305	WikiPathways	WP4239	Epithelial to mesenchymal transition in colorectal cancer
TP53	9606.ENSP00000269305	WikiPathways	WP4255	Non-small cell lung cancer
TP53	9606.ENSP00000269305	WikiPathways	WP4262	Breast cancer pathway
TP53	9606.ENSP00000269305	WikiPathways	WP4263	Pancreatic adenocarcinoma pathway
TP53	9606.ENSP00000269305	WikiPathways	WP4284	Ultraconserved region 339 modulation of tumor suppressor microRNAs in cancer
TP53	9606.ENSP00000269305	WikiPathways	WP4313	Ferroptosis
TP53	9606.ENSP00000269305	WikiPathways	WP4320	Effect of progerin on genes involved in Hutchinson-Gilford progeria syndrome
TP53	9606.ENSP00000269305	WikiPathways	WP4399	MicroRNA network associated with chronic lymphocytic leukemia
TP53	9606.ENSP00000269305	WikiPathways	WP45	G1 to S cell cycle control
TP53	9606.ENSP00000269305	WikiPathways	WP4630	Measles virus infection
TP53	9606.ENSP00000269305	WikiPathways	WP4657	22q11.2 copy number variation syndrome
TP53	9606.ENSP00000269305	WikiPathways	WP4658	Small cell lung cancer
TP53	9606.ENSP00000269305	WikiPathways	WP4674	Head and neck squamous cell carcinoma
TP53	9606.ENSP00000269305	WikiPathways	WP4685	Melanoma
TP53	9606.ENSP00000269305	WikiPathways	WP4746	Thyroid hormones production and peripheral downstream signaling effects
TP53	9606.ENSP00000269305	WikiPathways	WP4747	Netrin-UNC5B signaling pathway
TP53	9606.ENSP00000269305	WikiPathways	WP4754	IL-18 signaling pathway
TP53	9606.ENSP00000269305	WikiPathways	WP4925	Unfolded protein response
TP53	9606.ENSP00000269305	WikiPathways	WP4949	16p11.2 proximal deletion syndrome
TP53	9606.ENSP00000269305	WikiPathways	WP5043	Pentose phosphate pathway in senescent cells
TP53	9606.ENSP00000269305	WikiPathways	WP5044	Kynurenine pathway and links to cell senescence
TP53	9606.ENSP00000269305	WikiPathways	WP5046	NAD metabolism in oncogene-induced senescence and mitochondrial dysfunction-associated senescence
TP53	9606.ENSP00000269305	WikiPathways	WP5049	Glycolysis in senescence
TP53	9606.ENSP00000269305	WikiPathways	WP5050	TCA cycle in senescence
TP53	9606.ENSP00000269305	WikiPathways	WP5055	Burn wound healing
TP53	9606.ENSP00000269305	WikiPathways	WP5087	Malignant pleural mesothelioma
TP53	9606.ENSP00000269305	WikiPathways	WP5098	T-cell activation SARS-CoV-2
TP53	9606.ENSP00000269305	WikiPathways	WP5149	Lipid metabolism in senescent cells
TP53	9606.ENSP00000269305	WikiPathways	WP5180	DYRK1A
TP53	9606.ENSP00000269305	WikiPathways	WP5220	Metabolic reprogramming in pancreatic cancer
TP53	9606.ENSP00000269305	WikiPathways	WP5224	2q37 copy number variation syndrome
TP53	9606.ENSP00000269305	WikiPathways	WP5322	CKAP4 signaling pathway map
TP53	9606.ENSP00000269305	WikiPathways	WP673	ErbB signaling pathway
TP53	9606.ENSP00000269305	WikiPathways	WP707	DNA damage response
TP53	9606.ENSP00000269305	WikiPathways	WP710	DNA damage response (only ATM dependent)
TP53	9606.ENSP00000269305	DISEASES	DOID:0050117	Disease by infectious agent
TP53	9606.ENSP00000269305	DISEASES	DOID:0050155	Sensory system disease
TP53	9606.ENSP00000269305	DISEASES	DOID:0050161	Lower respiratory tract disease
TP53	9606.ENSP00000269305	DISEASES	DOID:0050177	Monogenic disease
TP53	9606.ENSP00000269305	DISEASES	DOID:0050615	Respiratory system cancer
TP53	9606.ENSP00000269305	DISEASES	DOID:0050621	Respiratory system benign neoplasm
TP53	9606.ENSP00000269305	DISEASES	DOID:0050622	Reproductive organ benign neoplasm
TP53	9606.ENSP00000269305	DISEASES	DOID:0050686	Organ system cancer
TP53	9606.ENSP00000269305	DISEASES	DOID:0050687	Cell type cancer
TP53	9606.ENSP00000269305	DISEASES	DOID:0050736	Autosomal dominant disease
TP53	9606.ENSP00000269305	DISEASES	DOID:0050737	Autosomal recessive disease
TP53	9606.ENSP00000269305	DISEASES	DOID:0050739	Autosomal genetic disease
TP53	9606.ENSP00000269305	DISEASES	DOID:0050753	Cerebellar ataxia
TP53	9606.ENSP00000269305	DISEASES	DOID:0050861	Colorectal adenocarcinoma
TP53	9606.ENSP00000269305	DISEASES	DOID:0050866	Oral squamous cell carcinoma
TP53	9606.ENSP00000269305	DISEASES	DOID:0050933	Ovarian serous carcinoma
TP53	9606.ENSP00000269305	DISEASES	DOID:0050950	Autosomal recessive cerebellar ataxia
TP53	9606.ENSP00000269305	DISEASES	DOID:0050951	Hereditary ataxia
TP53	9606.ENSP00000269305	DISEASES	DOID:0060058	Lymphoma
TP53	9606.ENSP00000269305	DISEASES	DOID:0060060	non-Hodgkin lymphoma
TP53	9606.ENSP00000269305	DISEASES	DOID:0060071	Pre-malignant neoplasm
TP53	9606.ENSP00000269305	DISEASES	DOID:0060072	Benign neoplasm
TP53	9606.ENSP00000269305	DISEASES	DOID:0060073	Lymphatic system cancer
TP53	9606.ENSP00000269305	DISEASES	DOID:0060083	Immune system cancer
TP53	9606.ENSP00000269305	DISEASES	DOID:0060084	Cell type benign neoplasm
TP53	9606.ENSP00000269305	DISEASES	DOID:0060085	Organ system benign neoplasm
TP53	9606.ENSP00000269305	DISEASES	DOID:0060086	Female reproductive organ benign neoplasm
TP53	9606.ENSP00000269305	DISEASES	DOID:0060095	Uterine benign neoplasm
TP53	9606.ENSP00000269305	DISEASES	DOID:0060100	Musculoskeletal system cancer
TP53	9606.ENSP00000269305	DISEASES	DOID:0060108	Brain glioma
TP53	9606.ENSP00000269305	DISEASES	DOID:0060116	Sensory system cancer
TP53	9606.ENSP00000269305	DISEASES	DOID:0060118	Thoracic disease
TP53	9606.ENSP00000269305	DISEASES	DOID:0060119	Pharynx cancer
TP53	9606.ENSP00000269305	DISEASES	DOID:0060122	Integumentary system cancer
TP53	9606.ENSP00000269305	DISEASES	DOID:0060262	Gallbladder disease
TP53	9606.ENSP00000269305	DISEASES	DOID:0080001	Bone disease
TP53	9606.ENSP00000269305	DISEASES	DOID:0080199	Colorectal carcinoma
TP53	9606.ENSP00000269305	DISEASES	DOID:0080355	Hepatobiliary system cancer
TP53	9606.ENSP00000269305	DISEASES	DOID:0080364	Malignant adenoma
TP53	9606.ENSP00000269305	DISEASES	DOID:0080639	Bone sarcoma
TP53	9606.ENSP00000269305	DISEASES	DOID:10155	Intestinal cancer
TP53	9606.ENSP00000269305	DISEASES	DOID:10534	Stomach cancer
TP53	9606.ENSP00000269305	DISEASES	DOID:1100	Ovarian disease
TP53	9606.ENSP00000269305	DISEASES	DOID:11054	Urinary bladder cancer
TP53	9606.ENSP00000269305	DISEASES	DOID:1107	Esophageal carcinoma
TP53	9606.ENSP00000269305	DISEASES	DOID:1115	Sarcoma
TP53	9606.ENSP00000269305	DISEASES	DOID:11166	Obsolete papillomavirus infectious disease
TP53	9606.ENSP00000269305	DISEASES	DOID:1192	Peripheral nervous system neoplasm
TP53	9606.ENSP00000269305	DISEASES	DOID:11934	Head and neck cancer
TP53	9606.ENSP00000269305	DISEASES	DOID:120	Female reproductive organ cancer
TP53	9606.ENSP00000269305	DISEASES	DOID:1240	Leukemia
TP53	9606.ENSP00000269305	DISEASES	DOID:12704	Ataxia telangiectasia
TP53	9606.ENSP00000269305	DISEASES	DOID:1289	Neurodegenerative disease
TP53	9606.ENSP00000269305	DISEASES	DOID:1319	Brain cancer
TP53	9606.ENSP00000269305	DISEASES	DOID:13223	Uterine fibroid
TP53	9606.ENSP00000269305	DISEASES	DOID:1324	Lung cancer
TP53	9606.ENSP00000269305	DISEASES	DOID:1380	Endometrial cancer
TP53	9606.ENSP00000269305	DISEASES	DOID:14566	Disease of cellular proliferation
TP53	9606.ENSP00000269305	DISEASES	DOID:15	Reproductive system disease
TP53	9606.ENSP00000269305	DISEASES	DOID:1520	Colon carcinoma
TP53	9606.ENSP00000269305	DISEASES	DOID:154	Mixed cell type cancer
TP53	9606.ENSP00000269305	DISEASES	DOID:1542	Head and neck carcinoma
TP53	9606.ENSP00000269305	DISEASES	DOID:1579	Respiratory system disease
TP53	9606.ENSP00000269305	DISEASES	DOID:16	Integumentary system disease
TP53	9606.ENSP00000269305	DISEASES	DOID:1612	Breast cancer
TP53	9606.ENSP00000269305	DISEASES	DOID:162	Cancer
TP53	9606.ENSP00000269305	DISEASES	DOID:17	Musculoskeletal system disease
TP53	9606.ENSP00000269305	DISEASES	DOID:170	Endocrine gland cancer
TP53	9606.ENSP00000269305	DISEASES	DOID:1749	Squamous cell carcinoma
TP53	9606.ENSP00000269305	DISEASES	DOID:1793	Pancreatic cancer
TP53	9606.ENSP00000269305	DISEASES	DOID:1795	Tumor of exocrine pancreas
TP53	9606.ENSP00000269305	DISEASES	DOID:18	Urinary system disease
TP53	9606.ENSP00000269305	DISEASES	DOID:184	Bone cancer
TP53	9606.ENSP00000269305	DISEASES	DOID:1909	Melanoma
TP53	9606.ENSP00000269305	DISEASES	DOID:193	Reproductive organ cancer
TP53	9606.ENSP00000269305	DISEASES	DOID:201	Connective tissue cancer
TP53	9606.ENSP00000269305	DISEASES	DOID:2151	Malignant ovarian surface epithelial-stromal neoplasm
TP53	9606.ENSP00000269305	DISEASES	DOID:2152	Ovary epithelial cancer
TP53	9606.ENSP00000269305	DISEASES	DOID:2154	Nephroblastoma
TP53	9606.ENSP00000269305	DISEASES	DOID:2174	Ocular cancer
TP53	9606.ENSP00000269305	DISEASES	DOID:219	Colon cancer
TP53	9606.ENSP00000269305	DISEASES	DOID:225	Syndrome
TP53	9606.ENSP00000269305	DISEASES	DOID:2253	Cervix disease
TP53	9606.ENSP00000269305	DISEASES	DOID:2277	Gonadal disease
TP53	9606.ENSP00000269305	DISEASES	DOID:229	Female reproductive system disease
TP53	9606.ENSP00000269305	DISEASES	DOID:234	Colon adenocarcinoma
TP53	9606.ENSP00000269305	DISEASES	DOID:2394	Ovarian cancer
TP53	9606.ENSP00000269305	DISEASES	DOID:2513	Basal cell carcinoma
TP53	9606.ENSP00000269305	DISEASES	DOID:2531	Hematologic cancer
TP53	9606.ENSP00000269305	DISEASES	DOID:2596	Larynx cancer
TP53	9606.ENSP00000269305	DISEASES	DOID:26	Pancreas disease
TP53	9606.ENSP00000269305	DISEASES	DOID:2600	Laryngeal carcinoma
TP53	9606.ENSP00000269305	DISEASES	DOID:2615	Papilloma
TP53	9606.ENSP00000269305	DISEASES	DOID:2621	Autonomic nervous system neoplasm
TP53	9606.ENSP00000269305	DISEASES	DOID:263	Kidney cancer
TP53	9606.ENSP00000269305	DISEASES	DOID:2632	Papillary serous adenocarcinoma
TP53	9606.ENSP00000269305	DISEASES	DOID:2671	Transitional cell carcinoma
TP53	9606.ENSP00000269305	DISEASES	DOID:2786	Cerebellar disease
TP53	9606.ENSP00000269305	DISEASES	DOID:28	Endocrine system disease
TP53	9606.ENSP00000269305	DISEASES	DOID:2871	Endometrial carcinoma
TP53	9606.ENSP00000269305	DISEASES	DOID:289	Endometriosis
TP53	9606.ENSP00000269305	DISEASES	DOID:2893	Cervix carcinoma
TP53	9606.ENSP00000269305	DISEASES	DOID:2914	Immune system disease
TP53	9606.ENSP00000269305	DISEASES	DOID:299	Adenocarcinoma
TP53	9606.ENSP00000269305	DISEASES	DOID:3007	Breast ductal carcinoma
TP53	9606.ENSP00000269305	DISEASES	DOID:3008	Invasive ductal carcinoma
TP53	9606.ENSP00000269305	DISEASES	DOID:3012	Li-Fraumeni syndrome
TP53	9606.ENSP00000269305	DISEASES	DOID:305	Carcinoma
TP53	9606.ENSP00000269305	DISEASES	DOID:3068	Glioblastoma multiforme
TP53	9606.ENSP00000269305	DISEASES	DOID:3069	Astrocytoma
TP53	9606.ENSP00000269305	DISEASES	DOID:3070	Malignant glioma
TP53	9606.ENSP00000269305	DISEASES	DOID:3093	Nervous system cancer
TP53	9606.ENSP00000269305	DISEASES	DOID:3111	Cystadenocarcinoma
TP53	9606.ENSP00000269305	DISEASES	DOID:3112	Papillary adenocarcinoma
TP53	9606.ENSP00000269305	DISEASES	DOID:3114	Serous cystadenocarcinoma
TP53	9606.ENSP00000269305	DISEASES	DOID:3118	Hepatobiliary disease
TP53	9606.ENSP00000269305	DISEASES	DOID:3119	Gastrointestinal system cancer
TP53	9606.ENSP00000269305	DISEASES	DOID:3121	Gallbladder cancer
TP53	9606.ENSP00000269305	DISEASES	DOID:331	Central nervous system disease
TP53	9606.ENSP00000269305	DISEASES	DOID:3347	Osteosarcoma
TP53	9606.ENSP00000269305	DISEASES	DOID:345	Uterine disease
TP53	9606.ENSP00000269305	DISEASES	DOID:3451	Skin carcinoma
TP53	9606.ENSP00000269305	DISEASES	DOID:3459	Breast carcinoma
TP53	9606.ENSP00000269305	DISEASES	DOID:3463	Breast disease
TP53	9606.ENSP00000269305	DISEASES	DOID:3498	Pancreatic ductal adenocarcinoma
TP53	9606.ENSP00000269305	DISEASES	DOID:3571	Liver cancer
TP53	9606.ENSP00000269305	DISEASES	DOID:3605	Ovarian cystadenocarcinoma
TP53	9606.ENSP00000269305	DISEASES	DOID:3620	Central nervous system cancer
TP53	9606.ENSP00000269305	DISEASES	DOID:363	Uterine cancer
TP53	9606.ENSP00000269305	DISEASES	DOID:365	Bladder disease
TP53	9606.ENSP00000269305	DISEASES	DOID:3683	Lung benign neoplasm
TP53	9606.ENSP00000269305	DISEASES	DOID:37	Skin disease
TP53	9606.ENSP00000269305	DISEASES	DOID:3713	Ovary adenocarcinoma
TP53	9606.ENSP00000269305	DISEASES	DOID:3717	Gastric adenocarcinoma
TP53	9606.ENSP00000269305	DISEASES	DOID:3744	Cervical squamous cell carcinoma
TP53	9606.ENSP00000269305	DISEASES	DOID:3748	Esophagus squamous cell carcinoma
TP53	9606.ENSP00000269305	DISEASES	DOID:3905	Lung carcinoma
TP53	9606.ENSP00000269305	DISEASES	DOID:3907	Lung squamous cell carcinoma
TP53	9606.ENSP00000269305	DISEASES	DOID:3908	Lung non-small cell carcinoma
TP53	9606.ENSP00000269305	DISEASES	DOID:3910	Lung adenocarcinoma
TP53	9606.ENSP00000269305	DISEASES	DOID:3948	Adrenocortical carcinoma
TP53	9606.ENSP00000269305	DISEASES	DOID:3952	Adrenal cortex disease
TP53	9606.ENSP00000269305	DISEASES	DOID:3953	Adrenal gland cancer
TP53	9606.ENSP00000269305	DISEASES	DOID:3996	Urinary system cancer
TP53	9606.ENSP00000269305	DISEASES	DOID:4	Disease
TP53	9606.ENSP00000269305	DISEASES	DOID:4001	Ovarian carcinoma
TP53	9606.ENSP00000269305	DISEASES	DOID:4006	Bladder urothelial carcinoma
TP53	9606.ENSP00000269305	DISEASES	DOID:4007	Bladder carcinoma
TP53	9606.ENSP00000269305	DISEASES	DOID:403	Mouth disease
TP53	9606.ENSP00000269305	DISEASES	DOID:4074	Pancreatic adenocarcinoma
TP53	9606.ENSP00000269305	DISEASES	DOID:409	Liver disease
TP53	9606.ENSP00000269305	DISEASES	DOID:4138	Bile duct disease
TP53	9606.ENSP00000269305	DISEASES	DOID:4159	Skin cancer
TP53	9606.ENSP00000269305	DISEASES	DOID:4236	Carcinosarcoma
TP53	9606.ENSP00000269305	DISEASES	DOID:4362	Cervical cancer
TP53	9606.ENSP00000269305	DISEASES	DOID:4606	Bile duct cancer
TP53	9606.ENSP00000269305	DISEASES	DOID:4607	Biliary tract cancer
TP53	9606.ENSP00000269305	DISEASES	DOID:4645	Retinal cancer
TP53	9606.ENSP00000269305	DISEASES	DOID:4706	Infratentorial cancer
TP53	9606.ENSP00000269305	DISEASES	DOID:4896	Bile duct adenocarcinoma
TP53	9606.ENSP00000269305	DISEASES	DOID:4897	Bile duct carcinoma
TP53	9606.ENSP00000269305	DISEASES	DOID:4905	Pancreatic carcinoma
TP53	9606.ENSP00000269305	DISEASES	DOID:4947	Cholangiocarcinoma
TP53	9606.ENSP00000269305	DISEASES	DOID:4948	Gallbladder carcinoma
TP53	9606.ENSP00000269305	DISEASES	DOID:5041	Esophageal cancer
TP53	9606.ENSP00000269305	DISEASES	DOID:5093	Thoracic cancer
TP53	9606.ENSP00000269305	DISEASES	DOID:5295	Intestinal disease
TP53	9606.ENSP00000269305	DISEASES	DOID:5353	Colonic disease
TP53	9606.ENSP00000269305	DISEASES	DOID:5386	Lung adenoma
TP53	9606.ENSP00000269305	DISEASES	DOID:5517	Stomach carcinoma
TP53	9606.ENSP00000269305	DISEASES	DOID:5520	Head and neck squamous cell carcinoma
TP53	9606.ENSP00000269305	DISEASES	DOID:557	Kidney disease
TP53	9606.ENSP00000269305	DISEASES	DOID:5614	Eye disease
TP53	9606.ENSP00000269305	DISEASES	DOID:5672	Large intestine cancer
TP53	9606.ENSP00000269305	DISEASES	DOID:5679	Retinal disease
TP53	9606.ENSP00000269305	DISEASES	DOID:574	Peripheral nervous system disease
TP53	9606.ENSP00000269305	DISEASES	DOID:5746	Ovarian serous cystadenocarcinoma
TP53	9606.ENSP00000269305	DISEASES	DOID:5750	Endometrial serous adenocarcinoma
TP53	9606.ENSP00000269305	DISEASES	DOID:60004	Malignant cystadenoma
TP53	9606.ENSP00000269305	DISEASES	DOID:6050	Esophageal disease
TP53	9606.ENSP00000269305	DISEASES	DOID:630	Genetic disease
TP53	9606.ENSP00000269305	DISEASES	DOID:65	Connective tissue disease
TP53	9606.ENSP00000269305	DISEASES	DOID:657	Adenoma
TP53	9606.ENSP00000269305	DISEASES	DOID:660	Adrenal cortex cancer
TP53	9606.ENSP00000269305	DISEASES	DOID:684	Hepatocellular carcinoma
TP53	9606.ENSP00000269305	DISEASES	DOID:686	Liver carcinoma
TP53	9606.ENSP00000269305	DISEASES	DOID:7	Disease of anatomical entity
TP53	9606.ENSP00000269305	DISEASES	DOID:707	B-cell lymphoma
TP53	9606.ENSP00000269305	DISEASES	DOID:74	Hematopoietic system disease
TP53	9606.ENSP00000269305	DISEASES	DOID:75	Lymphatic system disease
TP53	9606.ENSP00000269305	DISEASES	DOID:76	Stomach disease
TP53	9606.ENSP00000269305	DISEASES	DOID:768	Retinoblastoma
TP53	9606.ENSP00000269305	DISEASES	DOID:769	Neuroblastoma
TP53	9606.ENSP00000269305	DISEASES	DOID:77	Gastrointestinal system disease
TP53	9606.ENSP00000269305	DISEASES	DOID:771	Retinal cell cancer
TP53	9606.ENSP00000269305	DISEASES	DOID:786	Laryngeal disease
TP53	9606.ENSP00000269305	DISEASES	DOID:850	Lung disease
TP53	9606.ENSP00000269305	DISEASES	DOID:8557	Oropharynx cancer
TP53	9606.ENSP00000269305	DISEASES	DOID:8618	Oral cavity cancer
TP53	9606.ENSP00000269305	DISEASES	DOID:863	Nervous system disease
TP53	9606.ENSP00000269305	DISEASES	DOID:8719	In situ carcinoma
TP53	9606.ENSP00000269305	DISEASES	DOID:8866	Actinic keratosis
TP53	9606.ENSP00000269305	DISEASES	DOID:8923	Skin melanoma
TP53	9606.ENSP00000269305	DISEASES	DOID:9256	Colorectal cancer
TP53	9606.ENSP00000269305	DISEASES	DOID:9261	Nasopharynx carcinoma
TP53	9606.ENSP00000269305	DISEASES	DOID:934	Viral infectious disease
TP53	9606.ENSP00000269305	DISEASES	DOID:936	Brain disease
TP53	9606.ENSP00000269305	DISEASES	DOID:9460	Uterine corpus cancer
TP53	9606.ENSP00000269305	DISEASES	DOID:9553	Adrenal gland disease
TP53	9606.ENSP00000269305	DISEASES	DOID:9561	Nasopharyngeal disease
TP53	9606.ENSP00000269305	DISEASES	DOID:974	Upper respiratory tract disease
TP53	9606.ENSP00000269305	DISEASES	DOID:9741	Biliary tract disease
TP53	9606.ENSP00000269305	TISSUES	BTO:0000000	Tissues, cell types and enzyme sources
TP53	9606.ENSP00000269305	TISSUES	BTO:0000003	Intestinal cell line
TP53	9606.ENSP00000269305	TISSUES	BTO:0000018	A-549 cell
TP53	9606.ENSP00000269305	TISSUES	BTO:0000038	SW-480 cell
TP53	9606.ENSP00000269305	TISSUES	BTO:0000042	Animal
TP53	9606.ENSP00000269305	TISSUES	BTO:0000058	Alimentary canal
TP53	9606.ENSP00000269305	TISSUES	BTO:0000080	Male reproductive gland
TP53	9606.ENSP00000269305	TISSUES	BTO:0000081	Reproductive system
TP53	9606.ENSP00000269305	TISSUES	BTO:0000082	Male reproductive system
TP53	9606.ENSP00000269305	TISSUES	BTO:0000083	Female reproductive system
TP53	9606.ENSP00000269305	TISSUES	BTO:0000089	Blood
TP53	9606.ENSP00000269305	TISSUES	BTO:0000093	MCF-7 cell
TP53	9606.ENSP00000269305	TISSUES	BTO:0000100	Astrocytoma cell
TP53	9606.ENSP00000269305	TISSUES	BTO:0000101	Astrocytoma cell line
TP53	9606.ENSP00000269305	TISSUES	BTO:0000142	Brain
TP53	9606.ENSP00000269305	TISSUES	BTO:0000161	Lung fibroblast cell line
TP53	9606.ENSP00000269305	TISSUES	BTO:0000167	Adenocarcinoma cell line
TP53	9606.ENSP00000269305	TISSUES	BTO:0000174	Embryonic structure
TP53	9606.ENSP00000269305	TISSUES	BTO:0000177	BG-1 cell
TP53	9606.ENSP00000269305	TISSUES	BTO:0000182	HT-29 cell
TP53	9606.ENSP00000269305	TISSUES	BTO:0000188	Colonic cell line
TP53	9606.ENSP00000269305	TISSUES	BTO:0000227	Central nervous system
TP53	9606.ENSP00000269305	TISSUES	BTO:0000254	Female reproductive gland
TP53	9606.ENSP00000269305	TISSUES	BTO:0000255	Brain cell line
TP53	9606.ENSP00000269305	TISSUES	BTO:0000269	Colon
TP53	9606.ENSP00000269305	TISSUES	BTO:0000282	Head
TP53	9606.ENSP00000269305	TISSUES	BTO:0000284	Organism form
TP53	9606.ENSP00000269305	TISSUES	BTO:0000297	Carcinoma cell line
TP53	9606.ENSP00000269305	TISSUES	BTO:0000353	Lung cell line
TP53	9606.ENSP00000269305	TISSUES	BTO:0000356	Breast cancer cell line
TP53	9606.ENSP00000269305	TISSUES	BTO:0000374	Bone cell line
TP53	9606.ENSP00000269305	TISSUES	BTO:0000379	Embryo
TP53	9606.ENSP00000269305	TISSUES	BTO:0000385	Bone cancer cell line
TP53	9606.ENSP00000269305	TISSUES	BTO:0000391	DLD-1 cell
TP53	9606.ENSP00000269305	TISSUES	BTO:0000404	Epidermis
TP53	9606.ENSP00000269305	TISSUES	BTO:0000407	Osteosarcoma cell line
TP53	9606.ENSP00000269305	TISSUES	BTO:0000416	Epithelium
TP53	9606.ENSP00000269305	TISSUES	BTO:0000421	Connective tissue
TP53	9606.ENSP00000269305	TISSUES	BTO:0000431	Excretory gland
TP53	9606.ENSP00000269305	TISSUES	BTO:0000452	Fibroblast
TP53	9606.ENSP00000269305	TISSUES	BTO:0000453	Fibroblast cell line
TP53	9606.ENSP00000269305	TISSUES	BTO:0000458	WI-38 cell
TP53	9606.ENSP00000269305	TISSUES	BTO:0000511	Gastrointestinal tract
TP53	9606.ENSP00000269305	TISSUES	BTO:0000522	Gland
TP53	9606.ENSP00000269305	TISSUES	BTO:0000524	Glia
TP53	9606.ENSP00000269305	TISSUES	BTO:0000526	Glioma cell
TP53	9606.ENSP00000269305	TISSUES	BTO:0000551	Lung cancer cell
TP53	9606.ENSP00000269305	TISSUES	BTO:0000567	HeLa cell
TP53	9606.ENSP00000269305	TISSUES	BTO:0000570	Hematopoietic system
TP53	9606.ENSP00000269305	TISSUES	BTO:0000578	Hepatoma cell line
TP53	9606.ENSP00000269305	TISSUES	BTO:0000580	Blood cancer cell
TP53	9606.ENSP00000269305	TISSUES	BTO:0000599	Hep-G2 cell
TP53	9606.ENSP00000269305	TISSUES	BTO:0000634	Integument
TP53	9606.ENSP00000269305	TISSUES	BTO:0000648	Intestine
TP53	9606.ENSP00000269305	TISSUES	BTO:0000666	LoVo cell
TP53	9606.ENSP00000269305	TISSUES	BTO:0000669	Embryonic cell line
TP53	9606.ENSP00000269305	TISSUES	BTO:0000671	Kidney
TP53	9606.ENSP00000269305	TISSUES	BTO:0000690	Brain cancer cell line
TP53	9606.ENSP00000269305	TISSUES	BTO:0000706	Large intestine
TP53	9606.ENSP00000269305	TISSUES	BTO:0000711	Glioma cell line
TP53	9606.ENSP00000269305	TISSUES	BTO:0000731	Acute lymphoblastic leukemia cell
TP53	9606.ENSP00000269305	TISSUES	BTO:0000744	Lymphocytic leukemia cell
TP53	9606.ENSP00000269305	TISSUES	BTO:0000753	Lymphoid tissue
TP53	9606.ENSP00000269305	TISSUES	BTO:0000762	Lung cancer cell line
TP53	9606.ENSP00000269305	TISSUES	BTO:0000773	Lymphoblastoid cell line
TP53	9606.ENSP00000269305	TISSUES	BTO:0000781	Intestinal epithelium
TP53	9606.ENSP00000269305	TISSUES	BTO:0000797	Colonic cancer cell line
TP53	9606.ENSP00000269305	TISSUES	BTO:0000811	Ovary cancer cell line
TP53	9606.ENSP00000269305	TISSUES	BTO:0000812	OVCAR-3 cell
TP53	9606.ENSP00000269305	TISSUES	BTO:0000815	MDA-MB-231 cell
TP53	9606.ENSP00000269305	TISSUES	BTO:0000816	Breast cell line
TP53	9606.ENSP00000269305	TISSUES	BTO:0000848	Melanoma cell
TP53	9606.ENSP00000269305	TISSUES	BTO:0000886	Mucosa
TP53	9606.ENSP00000269305	TISSUES	BTO:0000939	Basal cell
TP53	9606.ENSP00000269305	TISSUES	BTO:0000944	NIH-3T3 cell
TP53	9606.ENSP00000269305	TISSUES	BTO:0000971	SAOS-2 cell
TP53	9606.ENSP00000269305	TISSUES	BTO:0000972	HEP-3B cell
TP53	9606.ENSP00000269305	TISSUES	BTO:0000975	Ovary
TP53	9606.ENSP00000269305	TISSUES	BTO:0000977	Ovary cell line
TP53	9606.ENSP00000269305	TISSUES	BTO:0001019	Prostate gland cell line
TP53	9606.ENSP00000269305	TISSUES	BTO:0001033	Prostate cancer cell line
TP53	9606.ENSP00000269305	TISSUES	BTO:0001049	Pharynx
TP53	9606.ENSP00000269305	TISSUES	BTO:0001090	Mouth
TP53	9606.ENSP00000269305	TISSUES	BTO:0001109	HCT-116 cell
TP53	9606.ENSP00000269305	TISSUES	BTO:0001120	Epithelial cell line
TP53	9606.ENSP00000269305	TISSUES	BTO:0001130	Prostate gland cancer cell
TP53	9606.ENSP00000269305	TISSUES	BTO:0001229	IMR-90 cell
TP53	9606.ENSP00000269305	TISSUES	BTO:0001242	Fetal cell line
TP53	9606.ENSP00000269305	TISSUES	BTO:0001244	Urinary tract
TP53	9606.ENSP00000269305	TISSUES	BTO:0001253	Skin
TP53	9606.ENSP00000269305	TISSUES	BTO:0001271	Leukemia cell
TP53	9606.ENSP00000269305	TISSUES	BTO:0001279	Spinal cord
TP53	9606.ENSP00000269305	TISSUES	BTO:0001286	Skin cancer cell
TP53	9606.ENSP00000269305	TISSUES	BTO:0001321	LNCaP cell
TP53	9606.ENSP00000269305	TISSUES	BTO:0001332	DU-145 cell
TP53	9606.ENSP00000269305	TISSUES	BTO:0001422	Uterine endometrium
TP53	9606.ENSP00000269305	TISSUES	BTO:0001424	Uterus
TP53	9606.ENSP00000269305	TISSUES	BTO:0001470	Epidermal cell
TP53	9606.ENSP00000269305	TISSUES	BTO:0001483	WiDr cell
TP53	9606.ENSP00000269305	TISSUES	BTO:0001484	Nervous system
TP53	9606.ENSP00000269305	TISSUES	BTO:0001488	Endocrine gland
TP53	9606.ENSP00000269305	TISSUES	BTO:0001489	Whole body
TP53	9606.ENSP00000269305	TISSUES	BTO:0001491	Viscus
TP53	9606.ENSP00000269305	TISSUES	BTO:0001510	Rectal cell line
TP53	9606.ENSP00000269305	TISSUES	BTO:0001530	Glioblastoma cell line
TP53	9606.ENSP00000269305	TISSUES	BTO:0001532	Rectal cancer cell line
TP53	9606.ENSP00000269305	TISSUES	BTO:0001541	Pronephros
TP53	9606.ENSP00000269305	TISSUES	BTO:0001583	T-98G cell
TP53	9606.ENSP00000269305	TISSUES	BTO:0001613	Colorectum
TP53	9606.ENSP00000269305	TISSUES	BTO:0001614	Colorectal cell line
TP53	9606.ENSP00000269305	TISSUES	BTO:0001615	Colorectal cancer cell
TP53	9606.ENSP00000269305	TISSUES	BTO:0001616	Colorectal cancer cell line
TP53	9606.ENSP00000269305	TISSUES	BTO:0001619	Skin fibroblast cell line
TP53	9606.ENSP00000269305	TISSUES	BTO:0001882	Ovary adenocarcinoma cell line
TP53	9606.ENSP00000269305	TISSUES	BTO:0001890	RKO cell
TP53	9606.ENSP00000269305	TISSUES	BTO:0001912	Breast adenocarcinoma cell line
TP53	9606.ENSP00000269305	TISSUES	BTO:0001913	Colonic adenocarcinoma cell line
TP53	9606.ENSP00000269305	TISSUES	BTO:0001914	Colorectal adenocarcinoma cell line
TP53	9606.ENSP00000269305	TISSUES	BTO:0001938	U2-OS cell
TP53	9606.ENSP00000269305	TISSUES	BTO:0001958	Embryonic fibroblast cell line
TP53	9606.ENSP00000269305	TISSUES	BTO:0001966	Cervical cell line
TP53	9606.ENSP00000269305	TISSUES	BTO:0001967	Cervical cancer cell line
TP53	9606.ENSP00000269305	TISSUES	BTO:0001968	C-33A cell
TP53	9606.ENSP00000269305	TISSUES	BTO:0002024	Squamous cell carcinoma cell line
TP53	9606.ENSP00000269305	TISSUES	BTO:0002036	U-87MG cell
TP53	9606.ENSP00000269305	TISSUES	BTO:0002072	Squamous epithelium
TP53	9606.ENSP00000269305	TISSUES	BTO:0002126	U-373MG cell
TP53	9606.ENSP00000269305	TISSUES	BTO:0002201	HCT-15 cell
TP53	9606.ENSP00000269305	TISSUES	BTO:0002205	Large cell lung cancer cell line
TP53	9606.ENSP00000269305	TISSUES	BTO:0002207	NCI-H460 cell
TP53	9606.ENSP00000269305	TISSUES	BTO:0002210	SiHa cell
TP53	9606.ENSP00000269305	TISSUES	BTO:0002212	Cervical squamous cell carcinoma cell line
TP53	9606.ENSP00000269305	TISSUES	BTO:0002245	Foreskin fibroblast cell line
TP53	9606.ENSP00000269305	TISSUES	BTO:0002254	Vas efferens
TP53	9606.ENSP00000269305	TISSUES	BTO:0002553	Non-small cell lung cancer cell line
TP53	9606.ENSP00000269305	TISSUES	BTO:0002572	MEF cell
TP53	9606.ENSP00000269305	TISSUES	BTO:0002606	Glial cell
TP53	9606.ENSP00000269305	TISSUES	BTO:0003091	Urogenital system
TP53	9606.ENSP00000269305	TISSUES	BTO:0003092	Urinary system
TP53	9606.ENSP00000269305	TISSUES	BTO:0003096	Internal male genital organ
TP53	9606.ENSP00000269305	TISSUES	BTO:0003099	Internal female genital organ
TP53	9606.ENSP00000269305	TISSUES	BTO:0003109	CaSki cell
TP53	9606.ENSP00000269305	TISSUES	BTO:0003600	M cell
TP53	9606.ENSP00000269305	TISSUES	BTO:0003661	Ovary epithelium
TP53	9606.ENSP00000269305	TISSUES	BTO:0003676	Lymphoblastic leukemia cell
TP53	9606.ENSP00000269305	TISSUES	BTO:0003707	TK-6 cell
TP53	9606.ENSP00000269305	TISSUES	BTO:0003807	BJ cell
TP53	9606.ENSP00000269305	TISSUES	BTO:0004078	Non-small cell lung adenocarcinoma cell line
TP53	9606.ENSP00000269305	TISSUES	BTO:0004254	Cancer stem cell
TP53	9606.ENSP00000269305	TISSUES	BTO:0004483	Ovarian surface epithelium
TP53	9606.ENSP00000269305	TISSUES	BTO:0004680	Stratum basale
TP53	9606.ENSP00000269305	TISSUES	BTO:0004725	Embryonic fibroblast
TP53	9606.ENSP00000269305	TISSUES	BTO:0005257	Oropharynx
TP53	9606.ENSP00000269305	TISSUES	BTO:0005590	Cervical adenocarcinoma cell line
TP53	9606.ENSP00000269305	TISSUES	BTO:0005810	Immune system
TP53	9606.ENSP00000269305	TISSUES	BTO:0005838	Head and neck cancer cell
TP53	9606.ENSP00000269305	TISSUES	BTO:0005949	Glioblastoma multiforme cell line
TP53	9606.ENSP00000269305	TISSUES	BTO:0006256	Solid cancer cell
TP53	9606.ENSP00000269305	COMPARTMENTS	GOCC:0000785	Chromatin
TP53	9606.ENSP00000269305	COMPARTMENTS	GOCC:0005622	Intracellular
TP53	9606.ENSP00000269305	COMPARTMENTS	GOCC:0005634	Nucleus
TP53	9606.ENSP00000269305	COMPARTMENTS	GOCC:0005654	Nucleoplasm
TP53	9606.ENSP00000269305	COMPARTMENTS	GOCC:0005694	Chromosome
TP53	9606.ENSP00000269305	COMPARTMENTS	GOCC:0005730	Nucleolus
TP53	9606.ENSP00000269305	COMPARTMENTS	GOCC:0005737	Cytoplasm
TP53	9606.ENSP00000269305	COMPARTMENTS	GOCC:0005739	Mitochondrion
TP53	9606.ENSP00000269305	COMPARTMENTS	GOCC:0005813	Centrosome
TP53	9606.ENSP00000269305	COMPARTMENTS	GOCC:0005815	Microtubule organizing center
TP53	9606.ENSP00000269305	COMPARTMENTS	GOCC:0005829	Cytosol
TP53	9606.ENSP00000269305	COMPARTMENTS	GOCC:0005856	Cytoskeleton
TP53	9606.ENSP00000269305	COMPARTMENTS	GOCC:0009330	DNA topoisomerase type II (double strand cut, ATP-hydrolyzing) complex
TP53	9606.ENSP00000269305	COMPARTMENTS	GOCC:0009341	Beta-galactosidase complex
TP53	9606.ENSP00000269305	COMPARTMENTS	GOCC:0015630	Microtubule cytoskeleton
TP53	9606.ENSP00000269305	COMPARTMENTS	GOCC:0016363	Nuclear matrix
TP53	9606.ENSP00000269305	COMPARTMENTS	GOCC:0016604	Nuclear body
TP53	9606.ENSP00000269305	COMPARTMENTS	GOCC:0016605	PML body
TP53	9606.ENSP00000269305	COMPARTMENTS	GOCC:0031974	Membrane-enclosed lumen
TP53	9606.ENSP00000269305	COMPARTMENTS	GOCC:0031981	Nuclear lumen
TP53	9606.ENSP00000269305	COMPARTMENTS	GOCC:0032991	Protein-containing complex
TP53	9606.ENSP00000269305	COMPARTMENTS	GOCC:0034399	Nuclear periphery
TP53	9606.ENSP00000269305	COMPARTMENTS	GOCC:0038201	TOR complex
TP53	9606.ENSP00000269305	COMPARTMENTS	GOCC:0043226	Organelle
TP53	9606.ENSP00000269305	COMPARTMENTS	GOCC:0043227	Membrane-bounded organelle
TP53	9606.ENSP00000269305	COMPARTMENTS	GOCC:0043228	Non-membrane-bounded organelle
TP53	9606.ENSP00000269305	COMPARTMENTS	GOCC:0043229	Intracellular organelle
TP53	9606.ENSP00000269305	COMPARTMENTS	GOCC:0043231	Intracellular membrane-bounded organelle
TP53	9606.ENSP00000269305	COMPARTMENTS	GOCC:0043232	Intracellular non-membrane-bounded organelle
TP53	9606.ENSP00000269305	COMPARTMENTS	GOCC:0043233	Organelle lumen
TP53	9606.ENSP00000269305	COMPARTMENTS	GOCC:0043626	PCNA complex
TP53	9606.ENSP00000269305	COMPARTMENTS	GOCC:0044796	DNA polymerase processivity factor complex
TP53	9606.ENSP00000269305	COMPARTMENTS	GOCC:0070013	Intracellular organelle lumen
TP53	9606.ENSP00000269305	COMPARTMENTS	GOCC:0071159	NF-kappaB complex
TP53	9606.ENSP00000269305	COMPARTMENTS	GOCC:0097136	Bcl-2 family protein complex
TP53	9606.ENSP00000269305	COMPARTMENTS	GOCC:0097144	BAX complex
TP53	9606.ENSP00000269305	COMPARTMENTS	GOCC:0110165	Cellular anatomical entity
TP53	9606.ENSP00000269305	COMPARTMENTS	GOCC:0120217	DNA gyrase complex
TP53	9606.ENSP00000269305	COMPARTMENTS	GOCC:0150005	Enzyme activator complex
TP53	9606.ENSP00000269305	COMPARTMENTS	GOCC:1902494	Catalytic complex
TP53	9606.ENSP00000269305	COMPARTMENTS	GOCC:1903293	Phosphatase complex
TP53	9606.ENSP00000269305	COMPARTMENTS	GOCC:1904144	Phosphatidylinositol phosphate phosphatase complex
TP53	9606.ENSP00000269305	COMPARTMENTS	GOCC:1990455	PTEN phosphatase complex
TP53	9606.ENSP00000269305	COMPARTMENTS	GOCC:1990713	Survivin complex
TP53	9606.ENSP00000269305	Monarch	EFO:0000246	Age
TP53	9606.ENSP00000269305	Monarch	EFO:0000272	Astrocytoma
TP53	9606.ENSP00000269305	Monarch	EFO:0000313	Carcinoma
TP53	9606.ENSP00000269305	Monarch	EFO:0000319	Cardiovascular disease
TP53	9606.ENSP00000269305	Monarch	EFO:0000326	Central nervous system cancer
TP53	9606.ENSP00000269305	Monarch	EFO:0000408	Disease
TP53	9606.ENSP00000269305	Monarch	EFO:0000519	Glioblastoma multiforme
TP53	9606.ENSP00000269305	Monarch	EFO:0000616	Neoplasm
TP53	9606.ENSP00000269305	Monarch	EFO:0000618	Nervous system disease
TP53	9606.ENSP00000269305	Monarch	EFO:0000701	Skin disease
TP53	9606.ENSP00000269305	Monarch	EFO:0000719	Temporal measurement
TP53	9606.ENSP00000269305	Monarch	EFO:0003765	Sign or symptom
TP53	9606.ENSP00000269305	Monarch	EFO:0003843	Pain
TP53	9606.ENSP00000269305	Monarch	EFO:0004198	Skin neoplasm
TP53	9606.ENSP00000269305	Monarch	EFO:0004264	Vascular disease
TP53	9606.ENSP00000269305	Monarch	EFO:0004298	Cardiovascular measurement
TP53	9606.ENSP00000269305	Monarch	EFO:0004302	Anthropometric measurement
TP53	9606.ENSP00000269305	Monarch	EFO:0004303	Vital signs
TP53	9606.ENSP00000269305	Monarch	EFO:0004305	Erythrocyte count
TP53	9606.ENSP00000269305	Monarch	EFO:0004306	Erythrocyte indices
TP53	9606.ENSP00000269305	Monarch	EFO:0004308	Leukocyte count
TP53	9606.ENSP00000269305	Monarch	EFO:0004324	Body weights and measures
TP53	9606.ENSP00000269305	Monarch	EFO:0004325	Blood pressure
TP53	9606.ENSP00000269305	Monarch	EFO:0004338	Body weight
TP53	9606.ENSP00000269305	Monarch	EFO:0004344	Birth weight
TP53	9606.ENSP00000269305	Monarch	EFO:0004468	Glucose measurement
TP53	9606.ENSP00000269305	Monarch	EFO:0004503	Hematological measurement
TP53	9606.ENSP00000269305	Monarch	EFO:0004509	Hemoglobin measurement
TP53	9606.ENSP00000269305	Monarch	EFO:0004512	Bone measurement
TP53	9606.ENSP00000269305	Monarch	EFO:0004516	Bone fracture related measurement
TP53	9606.ENSP00000269305	Monarch	EFO:0004526	Mean corpuscular volume
TP53	9606.ENSP00000269305	Monarch	EFO:0004527	Mean corpuscular hemoglobin
TP53	9606.ENSP00000269305	Monarch	EFO:0004528	Mean corpuscular hemoglobin concentration
TP53	9606.ENSP00000269305	Monarch	EFO:0004529	Lipid measurement
TP53	9606.ENSP00000269305	Monarch	EFO:0004530	Triglyceride measurement
TP53	9606.ENSP00000269305	Monarch	EFO:0004541	HbA1c measurement
TP53	9606.ENSP00000269305	Monarch	EFO:0004554	Genomic measurement
TP53	9606.ENSP00000269305	Monarch	EFO:0004555	Glycoprotein measurement
TP53	9606.ENSP00000269305	Monarch	EFO:0004568	Serum non-albumin protein measurement
TP53	9606.ENSP00000269305	Monarch	EFO:0004574	Total cholesterol measurement
TP53	9606.ENSP00000269305	Monarch	EFO:0004582	Liver enzyme measurement
TP53	9606.ENSP00000269305	Monarch	EFO:0004586	Complete blood cell count
TP53	9606.ENSP00000269305	Monarch	EFO:0004611	Low density lipoprotein cholesterol measurement
TP53	9606.ENSP00000269305	Monarch	EFO:0004615	Apolipoprotein B measurement
TP53	9606.ENSP00000269305	Monarch	EFO:0004632	Nevus count
TP53	9606.ENSP00000269305	Monarch	EFO:0004696	Sex hormone-binding globulin measurement
TP53	9606.ENSP00000269305	Monarch	EFO:0004730	Hormone measurement
TP53	9606.ENSP00000269305	Monarch	EFO:0004732	Lipoprotein measurement
TP53	9606.ENSP00000269305	Monarch	EFO:0004736	Aspartate aminotransferase measurement
TP53	9606.ENSP00000269305	Monarch	EFO:0004747	Protein measurement
TP53	9606.ENSP00000269305	Monarch	EFO:0004842	Eosinophil count
TP53	9606.ENSP00000269305	Monarch	EFO:0004847	Age at onset
TP53	9606.ENSP00000269305	Monarch	EFO:0004908	Testosterone measurement
TP53	9606.ENSP00000269305	Monarch	EFO:0004980	Appendicular lean mass
TP53	9606.ENSP00000269305	Monarch	EFO:0004995	Lean body mass
TP53	9606.ENSP00000269305	Monarch	EFO:0005047	Erythrocyte measurement
TP53	9606.ENSP00000269305	Monarch	EFO:0005091	Monocyte count
TP53	9606.ENSP00000269305	Monarch	EFO:0005105	Lipid or lipoprotein measurement
TP53	9606.ENSP00000269305	Monarch	EFO:0005278	Cardiovascular disease biomarker measurement
TP53	9606.ENSP00000269305	Monarch	EFO:0005543	Glioma
TP53	9606.ENSP00000269305	Monarch	EFO:0005763	Pulse pressure measurement
TP53	9606.ENSP00000269305	Monarch	EFO:0006336	Diastolic blood pressure
TP53	9606.ENSP00000269305	Monarch	EFO:0006842	Diabetes mellitus biomarker
TP53	9606.ENSP00000269305	Monarch	EFO:0006858	Epithelial neoplasm
TP53	9606.ENSP00000269305	Monarch	EFO:0007392	Nervous system cancer
TP53	9606.ENSP00000269305	Monarch	EFO:0007783	Mosaic loss of chromosome Y measurement
TP53	9606.ENSP00000269305	Monarch	EFO:0007937	Blood protein measurement
TP53	9606.ENSP00000269305	Monarch	EFO:0007987	Granulocyte count
TP53	9606.ENSP00000269305	Monarch	EFO:0007988	Myeloid white cell count
TP53	9606.ENSP00000269305	Monarch	EFO:0007989	Monocyte percentage of leukocytes
TP53	9606.ENSP00000269305	Monarch	EFO:0009259	Skin carcinoma
TP53	9606.ENSP00000269305	Monarch	EFO:0009260	Non-melanoma skin carcinoma
TP53	9606.ENSP00000269305	Monarch	EFO:0009386	Central nervous system disease
TP53	9606.ENSP00000269305	Monarch	EFO:0009552	Hemorrhoid
TP53	9606.ENSP00000269305	Monarch	EFO:0010176	Keratinocyte carcinoma
TP53	9606.ENSP00000269305	Monarch	EFO:0010285	Integumentary system disease
TP53	9606.ENSP00000269305	Monarch	EFO:0010700	Reticulocyte measurement
TP53	9606.ENSP00000269305	Monarch	EFO:0010701	Mean reticulocyte volume
TP53	9606.ENSP00000269305	Monarch	EFO:0011008	Sex hormone measurement
TP53	9606.ENSP00000269305	Monarch	EFO:1000158	Central Nervous System Neoplasm
TP53	9606.ENSP00000269305	Monarch	HP:0000002	Abnormality of body height
TP53	9606.ENSP00000269305	Monarch	HP:0000008	Abnormal morphology of female internal genitalia
TP53	9606.ENSP00000269305	Monarch	HP:0000022	Abnormal male internal genitalia morphology
TP53	9606.ENSP00000269305	Monarch	HP:0000029	Testicular atrophy
TP53	9606.ENSP00000269305	Monarch	HP:0000032	Abnormality of male external genitalia
TP53	9606.ENSP00000269305	Monarch	HP:0000035	Abnormal testis morphology
TP53	9606.ENSP00000269305	Monarch	HP:0000077	Abnormality of the kidney
TP53	9606.ENSP00000269305	Monarch	HP:0000078	Abnormality of the genital system
TP53	9606.ENSP00000269305	Monarch	HP:0000079	Abnormality of the urinary system
TP53	9606.ENSP00000269305	Monarch	HP:0000080	Abnormality of reproductive system physiology
TP53	9606.ENSP00000269305	Monarch	HP:0000118	Phenotypic abnormality
TP53	9606.ENSP00000269305	Monarch	HP:0000119	Abnormality of the genitourinary system
TP53	9606.ENSP00000269305	Monarch	HP:0000132	Menorrhagia
TP53	9606.ENSP00000269305	Monarch	HP:0000135	Hypogonadism
TP53	9606.ENSP00000269305	Monarch	HP:0000137	Abnormality of the ovary
TP53	9606.ENSP00000269305	Monarch	HP:0000140	Abnormality of the menstrual cycle
TP53	9606.ENSP00000269305	Monarch	HP:0000152	Abnormality of head or neck
TP53	9606.ENSP00000269305	Monarch	HP:0000234	Abnormality of the head
TP53	9606.ENSP00000269305	Monarch	HP:0000238	Hydrocephalus
TP53	9606.ENSP00000269305	Monarch	HP:0000240	Abnormality of skull size
TP53	9606.ENSP00000269305	Monarch	HP:0000252	Microcephaly
TP53	9606.ENSP00000269305	Monarch	HP:0000271	Abnormality of the face
TP53	9606.ENSP00000269305	Monarch	HP:0000366	Abnormality of the nose
TP53	9606.ENSP00000269305	Monarch	HP:0000478	Abnormality of the eye
TP53	9606.ENSP00000269305	Monarch	HP:0000479	Abnormal retinal morphology
TP53	9606.ENSP00000269305	Monarch	HP:0000504	Abnormality of vision
TP53	9606.ENSP00000269305	Monarch	HP:0000505	Visual impairment
TP53	9606.ENSP00000269305	Monarch	HP:0000587	Abnormality of the optic nerve
TP53	9606.ENSP00000269305	Monarch	HP:0000600	Abnormality of the pharynx
TP53	9606.ENSP00000269305	Monarch	HP:0000707	Abnormality of the nervous system
TP53	9606.ENSP00000269305	Monarch	HP:0000708	Behavioral abnormality
TP53	9606.ENSP00000269305	Monarch	HP:0000712	Emotional lability
TP53	9606.ENSP00000269305	Monarch	HP:0000769	Abnormality of the breast
TP53	9606.ENSP00000269305	Monarch	HP:0000811	Abnormal external genitalia
TP53	9606.ENSP00000269305	Monarch	HP:0000812	Abnormal internal genitalia
TP53	9606.ENSP00000269305	Monarch	HP:0000818	Abnormality of the endocrine system
TP53	9606.ENSP00000269305	Monarch	HP:0000819	Diabetes mellitus
TP53	9606.ENSP00000269305	Monarch	HP:0000820	Abnormality of the thyroid gland
TP53	9606.ENSP00000269305	Monarch	HP:0000834	Abnormality of the adrenal glands
TP53	9606.ENSP00000269305	Monarch	HP:0000924	Abnormality of the skeletal system
TP53	9606.ENSP00000269305	Monarch	HP:0000927	Abnormality of skeletal maturation
TP53	9606.ENSP00000269305	Monarch	HP:0000929	Abnormal skull morphology
TP53	9606.ENSP00000269305	Monarch	HP:0000944	Abnormal metaphysis morphology
TP53	9606.ENSP00000269305	Monarch	HP:0000951	Abnormality of the skin
TP53	9606.ENSP00000269305	Monarch	HP:0000952	Jaundice
TP53	9606.ENSP00000269305	Monarch	HP:0000969	Edema
TP53	9606.ENSP00000269305	Monarch	HP:0001005	Dermatological manifestations of systemic disorders
TP53	9606.ENSP00000269305	Monarch	HP:0001080	Biliary tract abnormality
TP53	9606.ENSP00000269305	Monarch	HP:0001085	Papilledema
TP53	9606.ENSP00000269305	Monarch	HP:0001098	Abnormal fundus morphology
TP53	9606.ENSP00000269305	Monarch	HP:0001194	Abnormalities of placenta or umbilical cord
TP53	9606.ENSP00000269305	Monarch	HP:0001197	Abnormality of prenatal development or birth
TP53	9606.ENSP00000269305	Monarch	HP:0001250	Seizure
TP53	9606.ENSP00000269305	Monarch	HP:0001257	Spasticity
TP53	9606.ENSP00000269305	Monarch	HP:0001263	Global developmental delay
TP53	9606.ENSP00000269305	Monarch	HP:0001276	Hypertonia
TP53	9606.ENSP00000269305	Monarch	HP:0001298	Encephalopathy
TP53	9606.ENSP00000269305	Monarch	HP:0001367	Abnormal joint morphology
TP53	9606.ENSP00000269305	Monarch	HP:0001386	Joint swelling
TP53	9606.ENSP00000269305	Monarch	HP:0001392	Abnormality of the liver
TP53	9606.ENSP00000269305	Monarch	HP:0001394	Cirrhosis
TP53	9606.ENSP00000269305	Monarch	HP:0001396	Cholestasis
TP53	9606.ENSP00000269305	Monarch	HP:0001402	Hepatocellular carcinoma
TP53	9606.ENSP00000269305	Monarch	HP:0001409	Portal hypertension
TP53	9606.ENSP00000269305	Monarch	HP:0001413	Micronodular cirrhosis
TP53	9606.ENSP00000269305	Monarch	HP:0001438	Abnormal abdomen morphology
TP53	9606.ENSP00000269305	Monarch	HP:0001507	Growth abnormality
TP53	9606.ENSP00000269305	Monarch	HP:0001510	Growth delay
TP53	9606.ENSP00000269305	Monarch	HP:0001541	Ascites
TP53	9606.ENSP00000269305	Monarch	HP:0001574	Abnormality of the integument
TP53	9606.ENSP00000269305	Monarch	HP:0001600	Abnormality of the larynx
TP53	9606.ENSP00000269305	Monarch	HP:0001626	Abnormality of the cardiovascular system
TP53	9606.ENSP00000269305	Monarch	HP:0001732	Abnormality of the pancreas
TP53	9606.ENSP00000269305	Monarch	HP:0001739	Abnormal nasopharynx morphology
TP53	9606.ENSP00000269305	Monarch	HP:0001824	Weight loss
TP53	9606.ENSP00000269305	Monarch	HP:0001871	Abnormality of blood and blood-forming tissues
TP53	9606.ENSP00000269305	Monarch	HP:0001872	Abnormality of thrombocytes
TP53	9606.ENSP00000269305	Monarch	HP:0001873	Thrombocytopenia
TP53	9606.ENSP00000269305	Monarch	HP:0001877	Abnormal erythrocyte morphology
TP53	9606.ENSP00000269305	Monarch	HP:0001881	Abnormal leukocyte morphology
TP53	9606.ENSP00000269305	Monarch	HP:0001892	Abnormal bleeding
TP53	9606.ENSP00000269305	Monarch	HP:0001894	Thrombocytosis
TP53	9606.ENSP00000269305	Monarch	HP:0001901	Polycythemia
TP53	9606.ENSP00000269305	Monarch	HP:0001903	Anemia
TP53	9606.ENSP00000269305	Monarch	HP:0001909	Leukemia
TP53	9606.ENSP00000269305	Monarch	HP:0001939	Abnormality of metabolism/homeostasis
TP53	9606.ENSP00000269305	Monarch	HP:0001943	Hypoglycemia
TP53	9606.ENSP00000269305	Monarch	HP:0001945	Fever
TP53	9606.ENSP00000269305	Monarch	HP:0001948	Alkalosis
TP53	9606.ENSP00000269305	Monarch	HP:0001952	Glucose intolerance
TP53	9606.ENSP00000269305	Monarch	HP:0002011	Morphological central nervous system abnormality
TP53	9606.ENSP00000269305	Monarch	HP:0002012	Abnormality of the abdominal organs
TP53	9606.ENSP00000269305	Monarch	HP:0002013	Vomiting
TP53	9606.ENSP00000269305	Monarch	HP:0002014	Diarrhea
TP53	9606.ENSP00000269305	Monarch	HP:0002017	Nausea and vomiting
TP53	9606.ENSP00000269305	Monarch	HP:0002018	Nausea
TP53	9606.ENSP00000269305	Monarch	HP:0002027	Abdominal pain
TP53	9606.ENSP00000269305	Monarch	HP:0002031	Abnormal esophagus morphology
TP53	9606.ENSP00000269305	Monarch	HP:0002034	Abnormal rectum morphology
TP53	9606.ENSP00000269305	Monarch	HP:0002039	Anorexia
TP53	9606.ENSP00000269305	Monarch	HP:0002040	Esophageal varix
TP53	9606.ENSP00000269305	Monarch	HP:0002060	Abnormal cerebral morphology
TP53	9606.ENSP00000269305	Monarch	HP:0002086	Abnormality of the respiratory system
TP53	9606.ENSP00000269305	Monarch	HP:0002087	Abnormality of the upper respiratory tract
TP53	9606.ENSP00000269305	Monarch	HP:0002088	Abnormal lung morphology
TP53	9606.ENSP00000269305	Monarch	HP:0002094	Dyspnea
TP53	9606.ENSP00000269305	Monarch	HP:0002118	Abnormal cerebral ventricle morphology
TP53	9606.ENSP00000269305	Monarch	HP:0002240	Hepatomegaly
TP53	9606.ENSP00000269305	Monarch	HP:0002242	Abnormal intestine morphology
TP53	9606.ENSP00000269305	Monarch	HP:0002250	Abnormal large intestine morphology
TP53	9606.ENSP00000269305	Monarch	HP:0002315	Headache
TP53	9606.ENSP00000269305	Monarch	HP:0002480	Hepatic encephalopathy
TP53	9606.ENSP00000269305	Monarch	HP:0002488	Acute leukemia
TP53	9606.ENSP00000269305	Monarch	HP:0002493	Upper motor neuron dysfunction
TP53	9606.ENSP00000269305	Monarch	HP:0002577	Abnormal stomach morphology
TP53	9606.ENSP00000269305	Monarch	HP:0002597	Abnormality of the vasculature
TP53	9606.ENSP00000269305	Monarch	HP:0002605	Hepatic necrosis
TP53	9606.ENSP00000269305	Monarch	HP:0002615	Hypotension
TP53	9606.ENSP00000269305	Monarch	HP:0002624	Abnormal venous morphology
TP53	9606.ENSP00000269305	Monarch	HP:0002639	Budd-Chiari syndrome
TP53	9606.ENSP00000269305	Monarch	HP:0002653	Bone pain
TP53	9606.ENSP00000269305	Monarch	HP:0002659	Increased susceptibility to fractures
TP53	9606.ENSP00000269305	Monarch	HP:0002664	Neoplasm
TP53	9606.ENSP00000269305	Monarch	HP:0002665	Lymphoma
TP53	9606.ENSP00000269305	Monarch	HP:0002667	Nephroblastoma
TP53	9606.ENSP00000269305	Monarch	HP:0002669	Osteosarcoma
TP53	9606.ENSP00000269305	Monarch	HP:0002715	Abnormality of the immune system
TP53	9606.ENSP00000269305	Monarch	HP:0002721	Immunodeficiency
TP53	9606.ENSP00000269305	Monarch	HP:0002750	Delayed skeletal maturation
TP53	9606.ENSP00000269305	Monarch	HP:0002756	Pathologic fracture
TP53	9606.ENSP00000269305	Monarch	HP:0002793	Abnormal pattern of respiration
TP53	9606.ENSP00000269305	Monarch	HP:0002795	Abnormal respiratory system physiology
TP53	9606.ENSP00000269305	Monarch	HP:0002797	Osteolysis
TP53	9606.ENSP00000269305	Monarch	HP:0002813	Abnormality of limb bone morphology
TP53	9606.ENSP00000269305	Monarch	HP:0002814	Abnormality of the lower limb
TP53	9606.ENSP00000269305	Monarch	HP:0002823	Abnormality of femur morphology
TP53	9606.ENSP00000269305	Monarch	HP:0002859	Rhabdomyosarcoma
TP53	9606.ENSP00000269305	Monarch	HP:0002861	Melanoma
TP53	9606.ENSP00000269305	Monarch	HP:0002863	Myelodysplasia
TP53	9606.ENSP00000269305	Monarch	HP:0002885	Medulloblastoma
TP53	9606.ENSP00000269305	Monarch	HP:0002888	Ependymoma
TP53	9606.ENSP00000269305	Monarch	HP:0002890	Thyroid carcinoma
TP53	9606.ENSP00000269305	Monarch	HP:0002894	Neoplasm of the pancreas
TP53	9606.ENSP00000269305	Monarch	HP:0002896	Neoplasm of the liver
TP53	9606.ENSP00000269305	Monarch	HP:0002898	Embryonal neoplasm
TP53	9606.ENSP00000269305	Monarch	HP:0002900	Hypokalemia
TP53	9606.ENSP00000269305	Monarch	HP:0002902	Hyponatremia
TP53	9606.ENSP00000269305	Monarch	HP:0002904	Hyperbilirubinemia
TP53	9606.ENSP00000269305	Monarch	HP:0002910	Elevated hepatic transaminase
TP53	9606.ENSP00000269305	Monarch	HP:0002921	Abnormal cerebrospinal fluid morphology
TP53	9606.ENSP00000269305	Monarch	HP:0002977	Aplasia/Hypoplasia involving the central nervous system
TP53	9606.ENSP00000269305	Monarch	HP:0002981	Abnormality of the calf
TP53	9606.ENSP00000269305	Monarch	HP:0002992	Abnormality of tibia morphology
TP53	9606.ENSP00000269305	Monarch	HP:0003002	Breast carcinoma
TP53	9606.ENSP00000269305	Monarch	HP:0003003	Colon cancer
TP53	9606.ENSP00000269305	Monarch	HP:0003011	Abnormality of the musculature
TP53	9606.ENSP00000269305	Monarch	HP:0003072	Hypercalcemia
TP53	9606.ENSP00000269305	Monarch	HP:0003073	Hypoalbuminemia
TP53	9606.ENSP00000269305	Monarch	HP:0003111	Abnormal blood ion concentration
TP53	9606.ENSP00000269305	Monarch	HP:0003155	Elevated circulating alkaline phosphatase concentration
TP53	9606.ENSP00000269305	Monarch	HP:0003270	Abdominal distention
TP53	9606.ENSP00000269305	Monarch	HP:0003271	Visceromegaly
TP53	9606.ENSP00000269305	Monarch	HP:0003330	Abnormal bone structure
TP53	9606.ENSP00000269305	Monarch	HP:0003808	Abnormal muscle tone
TP53	9606.ENSP00000269305	Monarch	HP:0004297	Abnormality of the biliary system
TP53	9606.ENSP00000269305	Monarch	HP:0004313	Decreased circulating antibody level
TP53	9606.ENSP00000269305	Monarch	HP:0004322	Short stature
TP53	9606.ENSP00000269305	Monarch	HP:0004323	Abnormality of body weight
TP53	9606.ENSP00000269305	Monarch	HP:0004325	Decreased body weight
TP53	9606.ENSP00000269305	Monarch	HP:0004329	Abnormal posterior eye segment morphology
TP53	9606.ENSP00000269305	Monarch	HP:0004354	Abnormal circulating carboxylic acid concentration
TP53	9606.ENSP00000269305	Monarch	HP:0004360	Abnormality of acid-base homeostasis
TP53	9606.ENSP00000269305	Monarch	HP:0004363	Abnormal circulating calcium concentration
TP53	9606.ENSP00000269305	Monarch	HP:0004364	Abnormal circulating nitrogen compound concentration
TP53	9606.ENSP00000269305	Monarch	HP:0004370	Abnormality of temperature regulation
TP53	9606.ENSP00000269305	Monarch	HP:0004374	Hemiplegia/hemiparesis
TP53	9606.ENSP00000269305	Monarch	HP:0004375	Neoplasm of the nervous system
TP53	9606.ENSP00000269305	Monarch	HP:0004377	Hematological neoplasm
TP53	9606.ENSP00000269305	Monarch	HP:0004379	Abnormality of alkaline phosphatase level
TP53	9606.ENSP00000269305	Monarch	HP:0004396	Poor appetite
TP53	9606.ENSP00000269305	Monarch	HP:0004808	Acute myeloid leukemia
TP53	9606.ENSP00000269305	Monarch	HP:0005266	Intestinal polyp
TP53	9606.ENSP00000269305	Monarch	HP:0005293	Venous insufficiency
TP53	9606.ENSP00000269305	Monarch	HP:0005368	Abnormality of humoral immunity
TP53	9606.ENSP00000269305	Monarch	HP:0005372	Abnormality of B cell physiology
TP53	9606.ENSP00000269305	Monarch	HP:0005374	Cellular immunodeficiency
TP53	9606.ENSP00000269305	Monarch	HP:0005550	Chronic lymphatic leukemia
TP53	9606.ENSP00000269305	Monarch	HP:0005558	Chronic leukemia
TP53	9606.ENSP00000269305	Monarch	HP:0005978	Type II diabetes mellitus
TP53	9606.ENSP00000269305	Monarch	HP:0006489	Abnormal femoral metaphysis morphology
TP53	9606.ENSP00000269305	Monarch	HP:0006490	Abnormal lower-limb metaphysis morphology
TP53	9606.ENSP00000269305	Monarch	HP:0006491	Abnormal tibial metaphysis morphology
TP53	9606.ENSP00000269305	Monarch	HP:0006562	Viral hepatitis
TP53	9606.ENSP00000269305	Monarch	HP:0006572	Subacute progressive viral hepatitis
TP53	9606.ENSP00000269305	Monarch	HP:0006707	Abnormality of the hepatic vasculature
TP53	9606.ENSP00000269305	Monarch	HP:0006721	Acute lymphoblastic leukemia
TP53	9606.ENSP00000269305	Monarch	HP:0006744	Adrenocortical carcinoma
TP53	9606.ENSP00000269305	Monarch	HP:0006753	Neoplasm of the stomach
TP53	9606.ENSP00000269305	Monarch	HP:0007364	Aplasia/Hypoplasia of the cerebrum
TP53	9606.ENSP00000269305	Monarch	HP:0007376	Abnormal choroid plexus morphology
TP53	9606.ENSP00000269305	Monarch	HP:0007378	Neoplasm of the gastrointestinal tract
TP53	9606.ENSP00000269305	Monarch	HP:0007379	Neoplasm of the genitourinary tract
TP53	9606.ENSP00000269305	Monarch	HP:0007430	Generalized edema
TP53	9606.ENSP00000269305	Monarch	HP:0008069	Neoplasm of the skin
TP53	9606.ENSP00000269305	Monarch	HP:0008373	Puberty and gonadal disorders
TP53	9606.ENSP00000269305	Monarch	HP:0008775	Abnormal prostate morphology
TP53	9606.ENSP00000269305	Monarch	HP:0009121	Abnormal axial skeleton morphology
TP53	9606.ENSP00000269305	Monarch	HP:0009592	Astrocytoma
TP53	9606.ENSP00000269305	Monarch	HP:0009726	Renal neoplasm
TP53	9606.ENSP00000269305	Monarch	HP:0009728	Neoplasm of striated muscle
TP53	9606.ENSP00000269305	Monarch	HP:0009733	Glioma
TP53	9606.ENSP00000269305	Monarch	HP:0009919	Retinoblastoma
TP53	9606.ENSP00000269305	Monarch	HP:0010460	Abnormality of the female genitalia
TP53	9606.ENSP00000269305	Monarch	HP:0010461	Abnormality of the male genitalia
TP53	9606.ENSP00000269305	Monarch	HP:0010549	Weakness due to upper motor neuron dysfunction
TP53	9606.ENSP00000269305	Monarch	HP:0010622	Neoplasm of the skeletal system
TP53	9606.ENSP00000269305	Monarch	HP:0010701	Abnormal immunoglobulin level
TP53	9606.ENSP00000269305	Monarch	HP:0010741	Pedal edema
TP53	9606.ENSP00000269305	Monarch	HP:0010785	Gonadal neoplasm
TP53	9606.ENSP00000269305	Monarch	HP:0010786	Urinary tract neoplasm
TP53	9606.ENSP00000269305	Monarch	HP:0010787	Genital neoplasm
TP53	9606.ENSP00000269305	Monarch	HP:0010788	Testicular neoplasm
TP53	9606.ENSP00000269305	Monarch	HP:0010876	Abnormal circulating protein concentration
TP53	9606.ENSP00000269305	Monarch	HP:0010927	Abnormal blood inorganic cation concentration
TP53	9606.ENSP00000269305	Monarch	HP:0010929	Abnormal blood cation concentration
TP53	9606.ENSP00000269305	Monarch	HP:0010930	Abnormal blood monovalent inorganic cation concentration
TP53	9606.ENSP00000269305	Monarch	HP:0010931	Abnormal blood sodium concentration
TP53	9606.ENSP00000269305	Monarch	HP:0010935	Abnormality of the upper urinary tract
TP53	9606.ENSP00000269305	Monarch	HP:0010978	Abnormality of immune system physiology
TP53	9606.ENSP00000269305	Monarch	HP:0010987	Abnormal cellular immune system morphology
TP53	9606.ENSP00000269305	Monarch	HP:0010995	Abnormal circulating dicarboxylic acid concentration
TP53	9606.ENSP00000269305	Monarch	HP:0011014	Abnormal glucose homeostasis
TP53	9606.ENSP00000269305	Monarch	HP:0011015	Abnormal blood glucose concentration
TP53	9606.ENSP00000269305	Monarch	HP:0011017	Abnormal cellular physiology
TP53	9606.ENSP00000269305	Monarch	HP:0011024	Abnormality of the gastrointestinal tract
TP53	9606.ENSP00000269305	Monarch	HP:0011025	Abnormal cardiovascular system physiology
TP53	9606.ENSP00000269305	Monarch	HP:0011028	Abnormality of blood circulation
TP53	9606.ENSP00000269305	Monarch	HP:0011029	Internal hemorrhage
TP53	9606.ENSP00000269305	Monarch	HP:0011032	Abnormality of fluid regulation
TP53	9606.ENSP00000269305	Monarch	HP:0011042	Abnormal blood potassium concentration
TP53	9606.ENSP00000269305	Monarch	HP:0011121	Abnormality of skin morphology
TP53	9606.ENSP00000269305	Monarch	HP:0011314	Abnormal long bone morphology
TP53	9606.ENSP00000269305	Monarch	HP:0011354	Generalized abnormality of skin
TP53	9606.ENSP00000269305	Monarch	HP:0011442	Abnormal central motor function
TP53	9606.ENSP00000269305	Monarch	HP:0011446	Abnormality of higher mental function
TP53	9606.ENSP00000269305	Monarch	HP:0011458	Abdominal symptom
TP53	9606.ENSP00000269305	Monarch	HP:0011732	Abnormality of adrenal morphology
TP53	9606.ENSP00000269305	Monarch	HP:0011772	Abnormal thyroid morphology
TP53	9606.ENSP00000269305	Monarch	HP:0011792	Neoplasm by histology
TP53	9606.ENSP00000269305	Monarch	HP:0011793	Neoplasm by anatomical site
TP53	9606.ENSP00000269305	Monarch	HP:0011794	Embryonal renal neoplasm
TP53	9606.ENSP00000269305	Monarch	HP:0011804	Abnormal muscle physiology
TP53	9606.ENSP00000269305	Monarch	HP:0011842	Abnormal skeletal morphology
TP53	9606.ENSP00000269305	Monarch	HP:0011843	Abnormal musculoskeletal physiology
TP53	9606.ENSP00000269305	Monarch	HP:0011844	Abnormal appendicular skeleton morphology
TP53	9606.ENSP00000269305	Monarch	HP:0011873	Abnormal platelet count
TP53	9606.ENSP00000269305	Monarch	HP:0011875	Abnormal platelet morphology
TP53	9606.ENSP00000269305	Monarch	HP:0012050	Anasarca
TP53	9606.ENSP00000269305	Monarch	HP:0012115	Hepatitis
TP53	9606.ENSP00000269305	Monarch	HP:0012116	Abnormal circulating albumin concentration
TP53	9606.ENSP00000269305	Monarch	HP:0012125	Prostate cancer
TP53	9606.ENSP00000269305	Monarch	HP:0012126	Stomach cancer
TP53	9606.ENSP00000269305	Monarch	HP:0012131	Abnormal number of erythroid precursors
TP53	9606.ENSP00000269305	Monarch	HP:0012174	Glioblastoma multiforme
TP53	9606.ENSP00000269305	Monarch	HP:0012189	Hodgkin lymphoma
TP53	9606.ENSP00000269305	Monarch	HP:0012243	Abnormal reproductive system morphology
TP53	9606.ENSP00000269305	Monarch	HP:0012252	Abnormal respiratory system morphology
TP53	9606.ENSP00000269305	Monarch	HP:0012288	Neoplasm of head and neck
TP53	9606.ENSP00000269305	Monarch	HP:0012337	Abnormal homeostasis
TP53	9606.ENSP00000269305	Monarch	HP:0012372	Abnormal eye morphology
TP53	9606.ENSP00000269305	Monarch	HP:0012373	Abnormal eye physiology
TP53	9606.ENSP00000269305	Monarch	HP:0012378	Fatigue
TP53	9606.ENSP00000269305	Monarch	HP:0012379	Abnormal enzyme/coenzyme activity
TP53	9606.ENSP00000269305	Monarch	HP:0012410	Pure red cell aplasia
TP53	9606.ENSP00000269305	Monarch	HP:0012439	Abnormal biliary tract physiology
TP53	9606.ENSP00000269305	Monarch	HP:0012443	Abnormality of brain morphology
TP53	9606.ENSP00000269305	Monarch	HP:0012531	Pain
TP53	9606.ENSP00000269305	Monarch	HP:0012539	Non-Hodgkin lymphoma
TP53	9606.ENSP00000269305	Monarch	HP:0012638	Abnormal nervous system physiology
TP53	9606.ENSP00000269305	Monarch	HP:0012639	Abnormal nervous system morphology
TP53	9606.ENSP00000269305	Monarch	HP:0012647	Abnormal inflammatory response
TP53	9606.ENSP00000269305	Monarch	HP:0012649	Increased inflammatory response
TP53	9606.ENSP00000269305	Monarch	HP:0012718	Morphological abnormality of the gastrointestinal tract
TP53	9606.ENSP00000269305	Monarch	HP:0012732	Anorectal anomaly
TP53	9606.ENSP00000269305	Monarch	HP:0012740	Papilloma
TP53	9606.ENSP00000269305	Monarch	HP:0012758	Neurodevelopmental delay
TP53	9606.ENSP00000269305	Monarch	HP:0012759	Neurodevelopmental abnormality
TP53	9606.ENSP00000269305	Monarch	HP:0012777	Retinal neoplasm
TP53	9606.ENSP00000269305	Monarch	HP:0012795	Abnormal optic disc morphology
TP53	9606.ENSP00000269305	Monarch	HP:0025015	Abnormal vascular morphology
TP53	9606.ENSP00000269305	Monarch	HP:0025031	Abnormality of the digestive system
TP53	9606.ENSP00000269305	Monarch	HP:0025032	Abnormality of digestive system physiology
TP53	9606.ENSP00000269305	Monarch	HP:0025033	Abnormality of digestive system morphology
TP53	9606.ENSP00000269305	Monarch	HP:0025142	Constitutional symptom
TP53	9606.ENSP00000269305	Monarch	HP:0025354	Abnormal cellular phenotype
TP53	9606.ENSP00000269305	Monarch	HP:0025435	Increased circulating lactate dehydrogenase concentration
TP53	9606.ENSP00000269305	Monarch	HP:0025615	Abscess
TP53	9606.ENSP00000269305	Monarch	HP:0030012	Abnormal female reproductive system physiology
TP53	9606.ENSP00000269305	Monarch	HP:0030060	Nervous tissue neoplasm
TP53	9606.ENSP00000269305	Monarch	HP:0030061	Neuroectodermal neoplasm
TP53	9606.ENSP00000269305	Monarch	HP:0030063	Neuroepithelial neoplasm
TP53	9606.ENSP00000269305	Monarch	HP:0030065	Primitive neuroectodermal tumor
TP53	9606.ENSP00000269305	Monarch	HP:0030070	Central primitive neuroectodermal tumor
TP53	9606.ENSP00000269305	Monarch	HP:0030078	Lung adenocarcinoma
TP53	9606.ENSP00000269305	Monarch	HP:0030163	Abnormal vascular physiology
TP53	9606.ENSP00000269305	Monarch	HP:0030255	Large intestinal polyposis
TP53	9606.ENSP00000269305	Monarch	HP:0030358	Non-small cell lung carcinoma
TP53	9606.ENSP00000269305	Monarch	HP:0030392	Choroid plexus carcinoma
TP53	9606.ENSP00000269305	Monarch	HP:0030448	Soft tissue sarcoma
TP53	9606.ENSP00000269305	Monarch	HP:0030680	Abnormality of cardiovascular system morphology
TP53	9606.ENSP00000269305	Monarch	HP:0030846	Abnormality of venous physiology
TP53	9606.ENSP00000269305	Monarch	HP:0030972	Abnormal systemic blood pressure
TP53	9606.ENSP00000269305	Monarch	HP:0031071	Abnormal endocrine morphology
TP53	9606.ENSP00000269305	Monarch	HP:0031093	Abnormal breast morphology
TP53	9606.ENSP00000269305	Monarch	HP:0031409	Abnormal lymphocyte physiology
TP53	9606.ENSP00000269305	Monarch	HP:0031466	Impairment in personality functioning
TP53	9606.ENSP00000269305	Monarch	HP:0031502	Trophoblastic tumor
TP53	9606.ENSP00000269305	Monarch	HP:0032180	Abnormal circulating metabolite concentration
TP53	9606.ENSP00000269305	Monarch	HP:0032251	Abnormal immune system morphology
TP53	9606.ENSP00000269305	Monarch	HP:0032263	Increased blood pressure
TP53	9606.ENSP00000269305	Monarch	HP:0033019	Male reproductive system neoplasm
TP53	9606.ENSP00000269305	Monarch	HP:0033127	Abnormality of the musculoskeletal system
TP53	9606.ENSP00000269305	Monarch	HP:0033151	Abnormal pharynx morphology
TP53	9606.ENSP00000269305	Monarch	HP:0033353	Abnormal blood vessel morphology
TP53	9606.ENSP00000269305	Monarch	HP:0033479	Abnormal circulating bilirubin concentration
TP53	9606.ENSP00000269305	Monarch	HP:0033796	Abnormal leukocyte physiology
TP53	9606.ENSP00000269305	Monarch	HP:0040064	Abnormality of limbs
TP53	9606.ENSP00000269305	Monarch	HP:0040068	Abnormality of limb bone
TP53	9606.ENSP00000269305	Monarch	HP:0040069	Abnormal lower limb bone morphology
TP53	9606.ENSP00000269305	Monarch	HP:0040195	Decreased head circumference
TP53	9606.ENSP00000269305	Monarch	HP:0045040	Abnormal lactate dehydrogenase level
TP53	9606.ENSP00000269305	Monarch	HP:0100006	Neoplasm of the central nervous system
TP53	9606.ENSP00000269305	Monarch	HP:0100012	Neoplasm of the eye
TP53	9606.ENSP00000269305	Monarch	HP:0100013	Neoplasm of the breast
TP53	9606.ENSP00000269305	Monarch	HP:0100031	Neoplasm of the thyroid gland
TP53	9606.ENSP00000269305	Monarch	HP:0100242	Sarcoma
TP53	9606.ENSP00000269305	Monarch	HP:0100273	Neoplasm of the colon
TP53	9606.ENSP00000269305	Monarch	HP:0100523	Liver abscess
TP53	9606.ENSP00000269305	Monarch	HP:0100526	Neoplasm of the lung
TP53	9606.ENSP00000269305	Monarch	HP:0100543	Cognitive impairment
TP53	9606.ENSP00000269305	Monarch	HP:0100547	Abnormal forebrain morphology
TP53	9606.ENSP00000269305	Monarch	HP:0100568	Neoplasm of the endocrine system
TP53	9606.ENSP00000269305	Monarch	HP:0100605	Neoplasm of the larynx
TP53	9606.ENSP00000269305	Monarch	HP:0100606	Neoplasm of the respiratory system
TP53	9606.ENSP00000269305	Monarch	HP:0100615	Ovarian neoplasm
TP53	9606.ENSP00000269305	Monarch	HP:0100630	Neoplasia of the nasopharynx
TP53	9606.ENSP00000269305	Monarch	HP:0100631	Neoplasm of the adrenal gland
TP53	9606.ENSP00000269305	Monarch	HP:0100641	Neoplasm of the adrenal cortex
TP53	9606.ENSP00000269305	Monarch	HP:0100705	Abnormal glial cell morphology
TP53	9606.ENSP00000269305	Monarch	HP:0100707	Abnormal astrocyte morphology
TP53	9606.ENSP00000269305	Monarch	HP:0100728	Germ cell neoplasia
TP53	9606.ENSP00000269305	Monarch	HP:0100743	Neoplasm of the rectum
TP53	9606.ENSP00000269305	Monarch	HP:0100762	Hemobilia
TP53	9606.ENSP00000269305	Monarch	HP:0100767	Abnormal placenta morphology
TP53	9606.ENSP00000269305	Monarch	HP:0100768	Choriocarcinoma
TP53	9606.ENSP00000269305	Monarch	HP:0100787	Prostate neoplasm
TP53	9606.ENSP00000269305	Monarch	HP:0100834	Neoplasm of the large intestine
TP53	9606.ENSP00000269305	Monarch	HP:0100835	Benign neoplasm of the central nervous system
TP53	9606.ENSP00000269305	Monarch	HP:0100836	Malignant neoplasm of the central nervous system
TP53	9606.ENSP00000269305	Monarch	HP:0100848	Neoplasm of the male external genitalia
TP53	9606.ENSP00000269305	Monarch	HP:0100851	Abnormal emotion/affect behavior
TP53	9606.ENSP00000269305	Monarch	HP:0200008	Intestinal polyposis
TP53	9606.ENSP00000269305	Monarch	HP:0200022	Choroid plexus papilloma
TP53	9606.ENSP00000269305	Monarch	HP:0200063	Colorectal polyposis
TP53	9606.ENSP00000269305	Monarch	HP:0200114	Metabolic alkalosis
TP53	9606.ENSP00000269305	Monarch	HP:0410019	Epigastric pain
TP53	9606.ENSP00000269305	Monarch	HP:0410042	Abnormal liver morphology
TP53	9606.ENSP00000269305	Monarch	MONDO:0000653	Integumentary system cancer
TP53	9606.ENSP00000269305	Monarch	MONDO:0002898	Skin cancer
TP53	9606.ENSP00000269305	Monarch	MONDO:0004634	Vein disorder
TP53	9606.ENSP00000269305	Monarch	MONDO:0004869	Pelvic varices
TP53	9606.ENSP00000269305	Monarch	MONDO:0004992	Cancer
TP53	9606.ENSP00000269305	Monarch	MONDO:0008638	Varicose disease
TP53	9606.ENSP00000269305	Monarch	MONDO:0016680	High grade astrocytic tumor
TP53	9606.ENSP00000269305	Monarch	MONDO:0020665	High grade malignant neoplasm
TP53	9606.ENSP00000269305	Monarch	MONDO:0021193	Neuroepithelial neoplasm
TP53	9606.ENSP00000269305	Monarch	MONDO:0021248	Nervous system neoplasm
TP53	9606.ENSP00000269305	Monarch	MONDO:0021634	Epithelial skin neoplasm
TP53	9606.ENSP00000269305	Monarch	MONDO:0021636	Astrocytic tumor
TP53	9606.ENSP00000269305	Monarch	MONDO:0023370	Neoplastic disease or syndrome
TP53	9606.ENSP00000269305	Monarch	MONDO:0045024	Cancer or benign tumor
TP53	9606.ENSP00000269305	Monarch	MONDO:0100342	Malignant glioma
TP53	9606.ENSP00000269305	UniProt Keywords	KW-0007	Acetylation
TP53	9606.ENSP00000269305	UniProt Keywords	KW-0010	Activator
TP53	9606.ENSP00000269305	UniProt Keywords	KW-0025	Alternative splicing
TP53	9606.ENSP00000269305	UniProt Keywords	KW-0043	Tumor suppressor
TP53	9606.ENSP00000269305	UniProt Keywords	KW-0053	Apoptosis
TP53	9606.ENSP00000269305	UniProt Keywords	KW-0090	Biological rhythms
TP53	9606.ENSP00000269305	UniProt Keywords	KW-0131	Cell cycle
TP53	9606.ENSP00000269305	UniProt Keywords	KW-0206	Cytoskeleton
TP53	9606.ENSP00000269305	UniProt Keywords	KW-0238	DNA-binding
TP53	9606.ENSP00000269305	UniProt Keywords	KW-0256	Endoplasmic reticulum
TP53	9606.ENSP00000269305	UniProt Keywords	KW-0325	Glycoprotein
TP53	9606.ENSP00000269305	UniProt Keywords	KW-0435	Li-Fraumeni syndrome
TP53	9606.ENSP00000269305	UniProt Keywords	KW-0479	Metal-binding
TP53	9606.ENSP00000269305	UniProt Keywords	KW-0488	Methylation
TP53	9606.ENSP00000269305	UniProt Keywords	KW-0496	Mitochondrion
TP53	9606.ENSP00000269305	UniProt Keywords	KW-0539	Nucleus
TP53	9606.ENSP00000269305	UniProt Keywords	KW-0597	Phosphoprotein
TP53	9606.ENSP00000269305	UniProt Keywords	KW-0678	Repressor
TP53	9606.ENSP00000269305	UniProt Keywords	KW-0804	Transcription
TP53	9606.ENSP00000269305	UniProt Keywords	KW-0805	Transcription regulation
TP53	9606.ENSP00000269305	UniProt Keywords	KW-0832	Ubl conjugation
TP53	9606.ENSP00000269305	UniProt Keywords	KW-0862	Zinc
TP53	9606.ENSP00000269305	UniProt Keywords	KW-0877	Alternative promoter usage
TP53	9606.ENSP00000269305	UniProt Keywords	KW-0945	Host-virus interaction
TP53	9606.ENSP00000269305	UniProt Keywords	KW-0963	Cytoplasm
TP53	9606.ENSP00000269305	UniProt Keywords	KW-1017	Isopeptide bond
TP53	9606.ENSP00000269305	UniProt Keywords	KW-1210	Necrosis
TP53	9606.ENSP00000269305	Pfam	PF00870	P53 DNA-binding domain
TP53	9606.ENSP00000269305	Pfam	PF07710	P53 tetramerisation motif
TP53	9606.ENSP00000269305	Pfam	PF08563	P53 transactivation motif
TP53	9606.ENSP00000269305	InterPro	IPR002117	p53 tumour suppressor family
TP53	9606.ENSP00000269305	InterPro	IPR008967	p53-like transcription factor, DNA-binding domain superfamily
TP53	9606.ENSP00000269305	InterPro	IPR010991	p53, tetramerisation domain
TP53	9606.ENSP00000269305	InterPro	IPR011615	p53, DNA-binding domain
TP53	9606.ENSP00000269305	InterPro	IPR012346	p53/RUNT-type transcription factor, DNA-binding domain superfamily
TP53	9606.ENSP00000269305	InterPro	IPR013872	p53 transactivation domain
TP53	9606.ENSP00000269305	InterPro	IPR036674	p53-like tetramerisation domain superfamily
TP53	9606.ENSP00000269305	InterPro	IPR040926	Cellular tumor antigen p53, transactivation domain 2
TP53BP1	9606.ENSP00000371475	GO Process	GO:0000018	Regulation of DNA recombination
TP53BP1	9606.ENSP00000371475	GO Process	GO:0000075	Cell cycle checkpoint signaling
TP53BP1	9606.ENSP00000371475	GO Process	GO:0000077	DNA damage checkpoint signaling
TP53BP1	9606.ENSP00000371475	GO Process	GO:0002637	Regulation of immunoglobulin production
TP53BP1	9606.ENSP00000371475	GO Process	GO:0002639	Positive regulation of immunoglobulin production
TP53BP1	9606.ENSP00000371475	GO Process	GO:0002682	Regulation of immune system process
TP53BP1	9606.ENSP00000371475	GO Process	GO:0002684	Positive regulation of immune system process
TP53BP1	9606.ENSP00000371475	GO Process	GO:0002694	Regulation of leukocyte activation
TP53BP1	9606.ENSP00000371475	GO Process	GO:0002696	Positive regulation of leukocyte activation
TP53BP1	9606.ENSP00000371475	GO Process	GO:0002697	Regulation of immune effector process
TP53BP1	9606.ENSP00000371475	GO Process	GO:0002699	Positive regulation of immune effector process
TP53BP1	9606.ENSP00000371475	GO Process	GO:0002700	Regulation of production of molecular mediator of immune response
TP53BP1	9606.ENSP00000371475	GO Process	GO:0002702	Positive regulation of production of molecular mediator of immune response
TP53BP1	9606.ENSP00000371475	GO Process	GO:0002703	Regulation of leukocyte mediated immunity
TP53BP1	9606.ENSP00000371475	GO Process	GO:0002705	Positive regulation of leukocyte mediated immunity
TP53BP1	9606.ENSP00000371475	GO Process	GO:0002706	Regulation of lymphocyte mediated immunity
TP53BP1	9606.ENSP00000371475	GO Process	GO:0002708	Positive regulation of lymphocyte mediated immunity
TP53BP1	9606.ENSP00000371475	GO Process	GO:0002712	Regulation of B cell mediated immunity
TP53BP1	9606.ENSP00000371475	GO Process	GO:0002714	Positive regulation of B cell mediated immunity
TP53BP1	9606.ENSP00000371475	GO Process	GO:0002819	Regulation of adaptive immune response
TP53BP1	9606.ENSP00000371475	GO Process	GO:0002821	Positive regulation of adaptive immune response
TP53BP1	9606.ENSP00000371475	GO Process	GO:0002822	Regulation of adaptive immune response based on somatic recombination of immune receptors built from immunoglobulin superfamily domains
TP53BP1	9606.ENSP00000371475	GO Process	GO:0002824	Positive regulation of adaptive immune response based on somatic recombination of immune receptors built from immunoglobulin superfamily domains
TP53BP1	9606.ENSP00000371475	GO Process	GO:0002889	Regulation of immunoglobulin mediated immune response
TP53BP1	9606.ENSP00000371475	GO Process	GO:0002891	Positive regulation of immunoglobulin mediated immune response
TP53BP1	9606.ENSP00000371475	GO Process	GO:0006139	Nucleobase-containing compound metabolic process
TP53BP1	9606.ENSP00000371475	GO Process	GO:0006259	DNA metabolic process
TP53BP1	9606.ENSP00000371475	GO Process	GO:0006281	DNA repair
TP53BP1	9606.ENSP00000371475	GO Process	GO:0006282	Regulation of DNA repair
TP53BP1	9606.ENSP00000371475	GO Process	GO:0006302	Double-strand break repair
TP53BP1	9606.ENSP00000371475	GO Process	GO:0006303	Double-strand break repair via nonhomologous end joining
TP53BP1	9606.ENSP00000371475	GO Process	GO:0006355	Regulation of transcription, DNA-templated
TP53BP1	9606.ENSP00000371475	GO Process	GO:0006357	Regulation of transcription by RNA polymerase II
TP53BP1	9606.ENSP00000371475	GO Process	GO:0006725	Cellular aromatic compound metabolic process
TP53BP1	9606.ENSP00000371475	GO Process	GO:0006807	Nitrogen compound metabolic process
TP53BP1	9606.ENSP00000371475	GO Process	GO:0006950	Response to stress
TP53BP1	9606.ENSP00000371475	GO Process	GO:0006974	Cellular response to DNA damage stimulus
TP53BP1	9606.ENSP00000371475	GO Process	GO:0007154	Cell communication
TP53BP1	9606.ENSP00000371475	GO Process	GO:0007165	Signal transduction
TP53BP1	9606.ENSP00000371475	GO Process	GO:0008152	Metabolic process
TP53BP1	9606.ENSP00000371475	GO Process	GO:0009314	Response to radiation
TP53BP1	9606.ENSP00000371475	GO Process	GO:0009628	Response to abiotic stimulus
TP53BP1	9606.ENSP00000371475	GO Process	GO:0009889	Regulation of biosynthetic process
TP53BP1	9606.ENSP00000371475	GO Process	GO:0009891	Positive regulation of biosynthetic process
TP53BP1	9606.ENSP00000371475	GO Process	GO:0009892	Negative regulation of metabolic process
TP53BP1	9606.ENSP00000371475	GO Process	GO:0009893	Positive regulation of metabolic process
TP53BP1	9606.ENSP00000371475	GO Process	GO:0009987	Cellular process
TP53BP1	9606.ENSP00000371475	GO Process	GO:0010165	Response to X-ray
TP53BP1	9606.ENSP00000371475	GO Process	GO:0010212	Response to ionizing radiation
TP53BP1	9606.ENSP00000371475	GO Process	GO:0010468	Regulation of gene expression
TP53BP1	9606.ENSP00000371475	GO Process	GO:0010556	Regulation of macromolecule biosynthetic process
TP53BP1	9606.ENSP00000371475	GO Process	GO:0010557	Positive regulation of macromolecule biosynthetic process
TP53BP1	9606.ENSP00000371475	GO Process	GO:0010564	Regulation of cell cycle process
TP53BP1	9606.ENSP00000371475	GO Process	GO:0010569	Regulation of double-strand break repair via homologous recombination
TP53BP1	9606.ENSP00000371475	GO Process	GO:0010604	Positive regulation of macromolecule metabolic process
TP53BP1	9606.ENSP00000371475	GO Process	GO:0010605	Negative regulation of macromolecule metabolic process
TP53BP1	9606.ENSP00000371475	GO Process	GO:0010628	Positive regulation of gene expression
TP53BP1	9606.ENSP00000371475	GO Process	GO:0010948	Negative regulation of cell cycle process
TP53BP1	9606.ENSP00000371475	GO Process	GO:0016043	Cellular component organization
TP53BP1	9606.ENSP00000371475	GO Process	GO:0019219	Regulation of nucleobase-containing compound metabolic process
TP53BP1	9606.ENSP00000371475	GO Process	GO:0019222	Regulation of metabolic process
TP53BP1	9606.ENSP00000371475	GO Process	GO:0022607	Cellular component assembly
TP53BP1	9606.ENSP00000371475	GO Process	GO:0023052	Signaling
TP53BP1	9606.ENSP00000371475	GO Process	GO:0031323	Regulation of cellular metabolic process
TP53BP1	9606.ENSP00000371475	GO Process	GO:0031324	Negative regulation of cellular metabolic process
TP53BP1	9606.ENSP00000371475	GO Process	GO:0031325	Positive regulation of cellular metabolic process
TP53BP1	9606.ENSP00000371475	GO Process	GO:0031326	Regulation of cellular biosynthetic process
TP53BP1	9606.ENSP00000371475	GO Process	GO:0031328	Positive regulation of cellular biosynthetic process
TP53BP1	9606.ENSP00000371475	GO Process	GO:0031570	DNA integrity checkpoint signaling
TP53BP1	9606.ENSP00000371475	GO Process	GO:0033554	Cellular response to stress
TP53BP1	9606.ENSP00000371475	GO Process	GO:0034641	Cellular nitrogen compound metabolic process
TP53BP1	9606.ENSP00000371475	GO Process	GO:0035556	Intracellular signal transduction
TP53BP1	9606.ENSP00000371475	GO Process	GO:0042770	Signal transduction in response to DNA damage
TP53BP1	9606.ENSP00000371475	GO Process	GO:0043170	Macromolecule metabolic process
TP53BP1	9606.ENSP00000371475	GO Process	GO:0043933	Protein-containing complex organization
TP53BP1	9606.ENSP00000371475	GO Process	GO:0044085	Cellular component biogenesis
TP53BP1	9606.ENSP00000371475	GO Process	GO:0044093	Positive regulation of molecular function
TP53BP1	9606.ENSP00000371475	GO Process	GO:0044237	Cellular metabolic process
TP53BP1	9606.ENSP00000371475	GO Process	GO:0044238	Primary metabolic process
TP53BP1	9606.ENSP00000371475	GO Process	GO:0044260	Cellular macromolecule metabolic process
TP53BP1	9606.ENSP00000371475	GO Process	GO:0045191	Regulation of isotype switching
TP53BP1	9606.ENSP00000371475	GO Process	GO:0045738	Negative regulation of DNA repair
TP53BP1	9606.ENSP00000371475	GO Process	GO:0045786	Negative regulation of cell cycle
TP53BP1	9606.ENSP00000371475	GO Process	GO:0045830	Positive regulation of isotype switching
TP53BP1	9606.ENSP00000371475	GO Process	GO:0045893	Positive regulation of transcription, DNA-templated
TP53BP1	9606.ENSP00000371475	GO Process	GO:0045910	Negative regulation of DNA recombination
TP53BP1	9606.ENSP00000371475	GO Process	GO:0045911	Positive regulation of DNA recombination
TP53BP1	9606.ENSP00000371475	GO Process	GO:0045934	Negative regulation of nucleobase-containing compound metabolic process
TP53BP1	9606.ENSP00000371475	GO Process	GO:0045935	Positive regulation of nucleobase-containing compound metabolic process
TP53BP1	9606.ENSP00000371475	GO Process	GO:0045944	Positive regulation of transcription by RNA polymerase II
TP53BP1	9606.ENSP00000371475	GO Process	GO:0046483	Heterocycle metabolic process
TP53BP1	9606.ENSP00000371475	GO Process	GO:0048518	Positive regulation of biological process
TP53BP1	9606.ENSP00000371475	GO Process	GO:0048519	Negative regulation of biological process
TP53BP1	9606.ENSP00000371475	GO Process	GO:0048522	Positive regulation of cellular process
TP53BP1	9606.ENSP00000371475	GO Process	GO:0048523	Negative regulation of cellular process
TP53BP1	9606.ENSP00000371475	GO Process	GO:0048583	Regulation of response to stimulus
TP53BP1	9606.ENSP00000371475	GO Process	GO:0048584	Positive regulation of response to stimulus
TP53BP1	9606.ENSP00000371475	GO Process	GO:0048585	Negative regulation of response to stimulus
TP53BP1	9606.ENSP00000371475	GO Process	GO:0050776	Regulation of immune response
TP53BP1	9606.ENSP00000371475	GO Process	GO:0050778	Positive regulation of immune response
TP53BP1	9606.ENSP00000371475	GO Process	GO:0050789	Regulation of biological process
TP53BP1	9606.ENSP00000371475	GO Process	GO:0050793	Regulation of developmental process
TP53BP1	9606.ENSP00000371475	GO Process	GO:0050794	Regulation of cellular process
TP53BP1	9606.ENSP00000371475	GO Process	GO:0050864	Regulation of B cell activation
TP53BP1	9606.ENSP00000371475	GO Process	GO:0050865	Regulation of cell activation
TP53BP1	9606.ENSP00000371475	GO Process	GO:0050867	Positive regulation of cell activation
TP53BP1	9606.ENSP00000371475	GO Process	GO:0050871	Positive regulation of B cell activation
TP53BP1	9606.ENSP00000371475	GO Process	GO:0050896	Response to stimulus
TP53BP1	9606.ENSP00000371475	GO Process	GO:0051052	Regulation of DNA metabolic process
TP53BP1	9606.ENSP00000371475	GO Process	GO:0051053	Negative regulation of DNA metabolic process
TP53BP1	9606.ENSP00000371475	GO Process	GO:0051054	Positive regulation of DNA metabolic process
TP53BP1	9606.ENSP00000371475	GO Process	GO:0051090	Regulation of DNA-binding transcription factor activity
TP53BP1	9606.ENSP00000371475	GO Process	GO:0051091	Positive regulation of DNA-binding transcription factor activity
TP53BP1	9606.ENSP00000371475	GO Process	GO:0051094	Positive regulation of developmental process
TP53BP1	9606.ENSP00000371475	GO Process	GO:0051171	Regulation of nitrogen compound metabolic process
TP53BP1	9606.ENSP00000371475	GO Process	GO:0051172	Negative regulation of nitrogen compound metabolic process
TP53BP1	9606.ENSP00000371475	GO Process	GO:0051173	Positive regulation of nitrogen compound metabolic process
TP53BP1	9606.ENSP00000371475	GO Process	GO:0051239	Regulation of multicellular organismal process
TP53BP1	9606.ENSP00000371475	GO Process	GO:0051240	Positive regulation of multicellular organismal process
TP53BP1	9606.ENSP00000371475	GO Process	GO:0051249	Regulation of lymphocyte activation
TP53BP1	9606.ENSP00000371475	GO Process	GO:0051251	Positive regulation of lymphocyte activation
TP53BP1	9606.ENSP00000371475	GO Process	GO:0051252	Regulation of RNA metabolic process
TP53BP1	9606.ENSP00000371475	GO Process	GO:0051254	Positive regulation of RNA metabolic process
TP53BP1	9606.ENSP00000371475	GO Process	GO:0051259	Protein complex oligomerization
TP53BP1	9606.ENSP00000371475	GO Process	GO:0051260	Protein homooligomerization
TP53BP1	9606.ENSP00000371475	GO Process	GO:0051716	Cellular response to stimulus
TP53BP1	9606.ENSP00000371475	GO Process	GO:0051726	Regulation of cell cycle
TP53BP1	9606.ENSP00000371475	GO Process	GO:0060255	Regulation of macromolecule metabolic process
TP53BP1	9606.ENSP00000371475	GO Process	GO:0065003	Protein-containing complex assembly
TP53BP1	9606.ENSP00000371475	GO Process	GO:0065007	Biological regulation
TP53BP1	9606.ENSP00000371475	GO Process	GO:0065009	Regulation of molecular function
TP53BP1	9606.ENSP00000371475	GO Process	GO:0071214	Cellular response to abiotic stimulus
TP53BP1	9606.ENSP00000371475	GO Process	GO:0071478	Cellular response to radiation
TP53BP1	9606.ENSP00000371475	GO Process	GO:0071479	Cellular response to ionizing radiation
TP53BP1	9606.ENSP00000371475	GO Process	GO:0071481	Cellular response to X-ray
TP53BP1	9606.ENSP00000371475	GO Process	GO:0071704	Organic substance metabolic process
TP53BP1	9606.ENSP00000371475	GO Process	GO:0071840	Cellular component organization or biogenesis
TP53BP1	9606.ENSP00000371475	GO Process	GO:0080090	Regulation of primary metabolic process
TP53BP1	9606.ENSP00000371475	GO Process	GO:0080134	Regulation of response to stress
TP53BP1	9606.ENSP00000371475	GO Process	GO:0080135	Regulation of cellular response to stress
TP53BP1	9606.ENSP00000371475	GO Process	GO:0090304	Nucleic acid metabolic process
TP53BP1	9606.ENSP00000371475	GO Process	GO:0104004	Cellular response to environmental stimulus
TP53BP1	9606.ENSP00000371475	GO Process	GO:1901360	Organic cyclic compound metabolic process
TP53BP1	9606.ENSP00000371475	GO Process	GO:1901987	Regulation of cell cycle phase transition
TP53BP1	9606.ENSP00000371475	GO Process	GO:1901988	Negative regulation of cell cycle phase transition
TP53BP1	9606.ENSP00000371475	GO Process	GO:1902680	Positive regulation of RNA biosynthetic process
TP53BP1	9606.ENSP00000371475	GO Process	GO:1903506	Regulation of nucleic acid-templated transcription
TP53BP1	9606.ENSP00000371475	GO Process	GO:1903508	Positive regulation of nucleic acid-templated transcription
TP53BP1	9606.ENSP00000371475	GO Process	GO:2000042	Negative regulation of double-strand break repair via homologous recombination
TP53BP1	9606.ENSP00000371475	GO Process	GO:2000779	Regulation of double-strand break repair
TP53BP1	9606.ENSP00000371475	GO Process	GO:2000780	Negative regulation of double-strand break repair
TP53BP1	9606.ENSP00000371475	GO Process	GO:2001020	Regulation of response to DNA damage stimulus
TP53BP1	9606.ENSP00000371475	GO Process	GO:2001021	Negative regulation of response to DNA damage stimulus
TP53BP1	9606.ENSP00000371475	GO Process	GO:2001141	Regulation of RNA biosynthetic process
TP53BP1	9606.ENSP00000371475	GO Function	GO:0002039	p53 binding
TP53BP1	9606.ENSP00000371475	GO Function	GO:0003676	Nucleic acid binding
TP53BP1	9606.ENSP00000371475	GO Function	GO:0003677	DNA binding
TP53BP1	9606.ENSP00000371475	GO Function	GO:0003684	Damaged DNA binding
TP53BP1	9606.ENSP00000371475	GO Function	GO:0003712	Transcription coregulator activity
TP53BP1	9606.ENSP00000371475	GO Function	GO:0005488	Binding
TP53BP1	9606.ENSP00000371475	GO Function	GO:0005515	Protein binding
TP53BP1	9606.ENSP00000371475	GO Function	GO:0008134	Transcription factor binding
TP53BP1	9606.ENSP00000371475	GO Function	GO:0035064	Methylated histone binding
TP53BP1	9606.ENSP00000371475	GO Function	GO:0042162	Telomeric DNA binding
TP53BP1	9606.ENSP00000371475	GO Function	GO:0042393	Histone binding
TP53BP1	9606.ENSP00000371475	GO Function	GO:0043565	Sequence-specific DNA binding
TP53BP1	9606.ENSP00000371475	GO Function	GO:0061629	RNA polymerase II-specific DNA-binding transcription factor binding
TP53BP1	9606.ENSP00000371475	GO Function	GO:0061649	Ubiquitin modification-dependent histone binding
TP53BP1	9606.ENSP00000371475	GO Function	GO:0097159	Organic cyclic compound binding
TP53BP1	9606.ENSP00000371475	GO Function	GO:0140030	Modification-dependent protein binding
TP53BP1	9606.ENSP00000371475	GO Function	GO:0140034	Methylation-dependent protein binding
TP53BP1	9606.ENSP00000371475	GO Function	GO:0140035	Ubiquitination-like modification-dependent protein binding
TP53BP1	9606.ENSP00000371475	GO Function	GO:0140036	Ubiquitin-dependent protein binding
TP53BP1	9606.ENSP00000371475	GO Function	GO:0140110	Transcription regulator activity
TP53BP1	9606.ENSP00000371475	GO Function	GO:0140297	DNA-binding transcription factor binding
TP53BP1	9606.ENSP00000371475	GO Function	GO:1901363	Heterocyclic compound binding
TP53BP1	9606.ENSP00000371475	GO Component	GO:0000775	Chromosome, centromeric region
TP53BP1	9606.ENSP00000371475	GO Component	GO:0000776	Kinetochore
TP53BP1	9606.ENSP00000371475	GO Component	GO:0000779	Condensed chromosome, centromeric region
TP53BP1	9606.ENSP00000371475	GO Component	GO:0000781	Chromosome, telomeric region
TP53BP1	9606.ENSP00000371475	GO Component	GO:0000793	Condensed chromosome
TP53BP1	9606.ENSP00000371475	GO Component	GO:0005622	Intracellular anatomical structure
TP53BP1	9606.ENSP00000371475	GO Component	GO:0005634	Nucleus
TP53BP1	9606.ENSP00000371475	GO Component	GO:0005654	Nucleoplasm
TP53BP1	9606.ENSP00000371475	GO Component	GO:0005657	Replication fork
TP53BP1	9606.ENSP00000371475	GO Component	GO:0005694	Chromosome
TP53BP1	9606.ENSP00000371475	GO Component	GO:0005737	Cytoplasm
TP53BP1	9606.ENSP00000371475	GO Component	GO:0016604	Nuclear body
TP53BP1	9606.ENSP00000371475	GO Component	GO:0031974	Membrane-enclosed lumen
TP53BP1	9606.ENSP00000371475	GO Component	GO:0031981	Nuclear lumen
TP53BP1	9606.ENSP00000371475	GO Component	GO:0032991	Protein-containing complex
TP53BP1	9606.ENSP00000371475	GO Component	GO:0035861	Site of double-strand break
TP53BP1	9606.ENSP00000371475	GO Component	GO:0043226	Organelle
TP53BP1	9606.ENSP00000371475	GO Component	GO:0043227	Membrane-bounded organelle
TP53BP1	9606.ENSP00000371475	GO Component	GO:0043228	Non-membrane-bounded organelle
TP53BP1	9606.ENSP00000371475	GO Component	GO:0043229	Intracellular organelle
TP53BP1	9606.ENSP00000371475	GO Component	GO:0043231	Intracellular membrane-bounded organelle
TP53BP1	9606.ENSP00000371475	GO Component	GO:0043232	Intracellular non-membrane-bounded organelle
TP53BP1	9606.ENSP00000371475	GO Component	GO:0043233	Organelle lumen
TP53BP1	9606.ENSP00000371475	GO Component	GO:0070013	Intracellular organelle lumen
TP53BP1	9606.ENSP00000371475	GO Component	GO:0090734	Site of DNA damage
TP53BP1	9606.ENSP00000371475	GO Component	GO:0098687	Chromosomal region
TP53BP1	9606.ENSP00000371475	GO Component	GO:0099080	Supramolecular complex
TP53BP1	9606.ENSP00000371475	GO Component	GO:0110165	Cellular anatomical entity
TP53BP1	9606.ENSP00000371475	GO Component	GO:1990391	DNA repair complex
TP53BP1	9606.ENSP00000371475	STRING clusters	CL:6143	DNA repair pathways, full network, and HDR through Homologous Recombination (HRR)
TP53BP1	9606.ENSP00000371475	STRING clusters	CL:6144	DNA repair pathways, full network, and HDR through Homologous Recombination (HRR)
TP53BP1	9606.ENSP00000371475	STRING clusters	CL:6145	DNA repair pathways, full network, and HDR through Homologous Recombination (HRR)
TP53BP1	9606.ENSP00000371475	STRING clusters	CL:6146	Mixed, incl. Fanconi anemia pathway, and DNA repair complex
TP53BP1	9606.ENSP00000371475	STRING clusters	CL:6147	DNA repair pathways, full network, and HDR through Homologous Recombination (HRR)
TP53BP1	9606.ENSP00000371475	STRING clusters	CL:6148	Diseases of DNA repair, and DNA repair complex
TP53BP1	9606.ENSP00000371475	STRING clusters	CL:6149	Homologous DNA Pairing and Strand Exchange, and Response to intra-S DNA damage checkpoint signaling
TP53BP1	9606.ENSP00000371475	STRING clusters	CL:6150	Resolution of D-loop Structures through Holliday Junction Intermediates, and RIDDLE syndrome
TP53BP1	9606.ENSP00000371475	STRING clusters	CL:6195	BRCA1-C complex, and NIPBL role in DNA damage - Cornelia de Lange syndrome
TP53BP1	9606.ENSP00000371475	STRING clusters	CL:6196	NIPBL role in DNA damage - Cornelia de Lange syndrome
TP53BP1	9606.ENSP00000371475	KEGG	hsa04621	NOD-like receptor signaling pathway
TP53BP1	9606.ENSP00000371475	Reactome	HSA-1640170	Cell Cycle
TP53BP1	9606.ENSP00000371475	Reactome	HSA-2990846	SUMOylation
TP53BP1	9606.ENSP00000371475	Reactome	HSA-3108232	SUMO E3 ligases SUMOylate target proteins
TP53BP1	9606.ENSP00000371475	Reactome	HSA-3232118	SUMOylation of transcription factors
TP53BP1	9606.ENSP00000371475	Reactome	HSA-392499	Metabolism of proteins
TP53BP1	9606.ENSP00000371475	Reactome	HSA-5693532	DNA Double-Strand Break Repair
TP53BP1	9606.ENSP00000371475	Reactome	HSA-5693538	Homology Directed Repair
TP53BP1	9606.ENSP00000371475	Reactome	HSA-5693565	Recruitment and ATM-mediated phosphorylation of repair and signaling proteins at DNA double strand breaks
TP53BP1	9606.ENSP00000371475	Reactome	HSA-5693567	HDR through Homologous Recombination (HRR) or Single Strand Annealing (SSA)
TP53BP1	9606.ENSP00000371475	Reactome	HSA-5693571	Nonhomologous End-Joining (NHEJ)
TP53BP1	9606.ENSP00000371475	Reactome	HSA-5693606	DNA Double Strand Break Response
TP53BP1	9606.ENSP00000371475	Reactome	HSA-5693607	Processing of DNA double-strand break ends
TP53BP1	9606.ENSP00000371475	Reactome	HSA-597592	Post-translational protein modification
TP53BP1	9606.ENSP00000371475	Reactome	HSA-69473	G2/M DNA damage checkpoint
TP53BP1	9606.ENSP00000371475	Reactome	HSA-69481	G2/M Checkpoints
TP53BP1	9606.ENSP00000371475	Reactome	HSA-69620	Cell Cycle Checkpoints
TP53BP1	9606.ENSP00000371475	Reactome	HSA-73894	DNA Repair
TP53BP1	9606.ENSP00000371475	WikiPathways	WP2516	ATM signaling pathway
TP53BP1	9606.ENSP00000371475	WikiPathways	WP3878	ATM signaling in development and disease 
TP53BP1	9606.ENSP00000371475	WikiPathways	WP3959	DNA IR-double strand breaks and cellular response via ATM
TP53BP1	9606.ENSP00000371475	WikiPathways	WP4016	DNA IR-damage and cellular response via ATR
TP53BP1	9606.ENSP00000371475	DISEASES	DOID:0050177	Monogenic disease
TP53BP1	9606.ENSP00000371475	DISEASES	DOID:0050737	Autosomal recessive disease
TP53BP1	9606.ENSP00000371475	DISEASES	DOID:0050739	Autosomal genetic disease
TP53BP1	9606.ENSP00000371475	DISEASES	DOID:0090113	RIDDLE syndrome
TP53BP1	9606.ENSP00000371475	DISEASES	DOID:225	Syndrome
TP53BP1	9606.ENSP00000371475	DISEASES	DOID:4	Disease
TP53BP1	9606.ENSP00000371475	DISEASES	DOID:630	Genetic disease
TP53BP1	9606.ENSP00000371475	TISSUES	BTO:0000000	Tissues, cell types and enzyme sources
TP53BP1	9606.ENSP00000371475	TISSUES	BTO:0000042	Animal
TP53BP1	9606.ENSP00000371475	TISSUES	BTO:0000081	Reproductive system
TP53BP1	9606.ENSP00000371475	TISSUES	BTO:0000083	Female reproductive system
TP53BP1	9606.ENSP00000371475	TISSUES	BTO:0000142	Brain
TP53BP1	9606.ENSP00000371475	TISSUES	BTO:0000146	Brain stem
TP53BP1	9606.ENSP00000371475	TISSUES	BTO:0000174	Embryonic structure
TP53BP1	9606.ENSP00000371475	TISSUES	BTO:0000180	Cervical carcinoma cell
TP53BP1	9606.ENSP00000371475	TISSUES	BTO:0000227	Central nervous system
TP53BP1	9606.ENSP00000371475	TISSUES	BTO:0000232	Cerebellum
TP53BP1	9606.ENSP00000371475	TISSUES	BTO:0000282	Head
TP53BP1	9606.ENSP00000371475	TISSUES	BTO:0000284	Organism form
TP53BP1	9606.ENSP00000371475	TISSUES	BTO:0000345	Digestive gland
TP53BP1	9606.ENSP00000371475	TISSUES	BTO:0000374	Bone cell line
TP53BP1	9606.ENSP00000371475	TISSUES	BTO:0000379	Embryo
TP53BP1	9606.ENSP00000371475	TISSUES	BTO:0000385	Bone cancer cell line
TP53BP1	9606.ENSP00000371475	TISSUES	BTO:0000407	Osteosarcoma cell line
TP53BP1	9606.ENSP00000371475	TISSUES	BTO:0000522	Gland
TP53BP1	9606.ENSP00000371475	TISSUES	BTO:0000580	Blood cancer cell
TP53BP1	9606.ENSP00000371475	TISSUES	BTO:0000583	Bone marrow cancer cell
TP53BP1	9606.ENSP00000371475	TISSUES	BTO:0000672	Hindbrain
TP53BP1	9606.ENSP00000371475	TISSUES	BTO:0000673	Metencephalon
TP53BP1	9606.ENSP00000371475	TISSUES	BTO:0000744	Lymphocytic leukemia cell
TP53BP1	9606.ENSP00000371475	TISSUES	BTO:0000759	Liver
TP53BP1	9606.ENSP00000371475	TISSUES	BTO:0000887	Muscle
TP53BP1	9606.ENSP00000371475	TISSUES	BTO:0001056	Myeloid leukemia cell
TP53BP1	9606.ENSP00000371475	TISSUES	BTO:0001103	Skeletal muscle
TP53BP1	9606.ENSP00000371475	TISSUES	BTO:0001271	Leukemia cell
TP53BP1	9606.ENSP00000371475	TISSUES	BTO:0001369	Vertebrate muscular system
TP53BP1	9606.ENSP00000371475	TISSUES	BTO:0001421	Uterine cervix
TP53BP1	9606.ENSP00000371475	TISSUES	BTO:0001424	Uterus
TP53BP1	9606.ENSP00000371475	TISSUES	BTO:0001484	Nervous system
TP53BP1	9606.ENSP00000371475	TISSUES	BTO:0001485	Muscular system
TP53BP1	9606.ENSP00000371475	TISSUES	BTO:0001486	Skeletal system
TP53BP1	9606.ENSP00000371475	TISSUES	BTO:0001488	Endocrine gland
TP53BP1	9606.ENSP00000371475	TISSUES	BTO:0001489	Whole body
TP53BP1	9606.ENSP00000371475	TISSUES	BTO:0001491	Viscus
TP53BP1	9606.ENSP00000371475	TISSUES	BTO:0001541	Pronephros
TP53BP1	9606.ENSP00000371475	TISSUES	BTO:0001546	Chronic lymphocytic leukemia cell
TP53BP1	9606.ENSP00000371475	TISSUES	BTO:0001938	U2-OS cell
TP53BP1	9606.ENSP00000371475	TISSUES	BTO:0003091	Urogenital system
TP53BP1	9606.ENSP00000371475	TISSUES	BTO:0003099	Internal female genital organ
TP53BP1	9606.ENSP00000371475	COMPARTMENTS	GOCC:0005622	Intracellular
TP53BP1	9606.ENSP00000371475	COMPARTMENTS	GOCC:0005634	Nucleus
TP53BP1	9606.ENSP00000371475	COMPARTMENTS	GOCC:0005654	Nucleoplasm
TP53BP1	9606.ENSP00000371475	COMPARTMENTS	GOCC:0005657	Replication fork
TP53BP1	9606.ENSP00000371475	COMPARTMENTS	GOCC:0005694	Chromosome
TP53BP1	9606.ENSP00000371475	COMPARTMENTS	GOCC:0005737	Cytoplasm
TP53BP1	9606.ENSP00000371475	COMPARTMENTS	GOCC:0016604	Nuclear body
TP53BP1	9606.ENSP00000371475	COMPARTMENTS	GOCC:0030870	Mre11 complex
TP53BP1	9606.ENSP00000371475	COMPARTMENTS	GOCC:0031974	Membrane-enclosed lumen
TP53BP1	9606.ENSP00000371475	COMPARTMENTS	GOCC:0031981	Nuclear lumen
TP53BP1	9606.ENSP00000371475	COMPARTMENTS	GOCC:0032991	Protein-containing complex
TP53BP1	9606.ENSP00000371475	COMPARTMENTS	GOCC:0035861	Site of double-strand break
TP53BP1	9606.ENSP00000371475	COMPARTMENTS	GOCC:0043226	Organelle
TP53BP1	9606.ENSP00000371475	COMPARTMENTS	GOCC:0043227	Membrane-bounded organelle
TP53BP1	9606.ENSP00000371475	COMPARTMENTS	GOCC:0043228	Non-membrane-bounded organelle
TP53BP1	9606.ENSP00000371475	COMPARTMENTS	GOCC:0043229	Intracellular organelle
TP53BP1	9606.ENSP00000371475	COMPARTMENTS	GOCC:0043231	Intracellular membrane-bounded organelle
TP53BP1	9606.ENSP00000371475	COMPARTMENTS	GOCC:0043232	Intracellular non-membrane-bounded organelle
TP53BP1	9606.ENSP00000371475	COMPARTMENTS	GOCC:0043233	Organelle lumen
TP53BP1	9606.ENSP00000371475	COMPARTMENTS	GOCC:0061695	Transferase complex, transferring phosphorus-containing groups
TP53BP1	9606.ENSP00000371475	COMPARTMENTS	GOCC:0070013	Intracellular organelle lumen
TP53BP1	9606.ENSP00000371475	COMPARTMENTS	GOCC:0070418	DNA-dependent protein kinase complex
TP53BP1	9606.ENSP00000371475	COMPARTMENTS	GOCC:0070419	Nonhomologous end joining complex
TP53BP1	9606.ENSP00000371475	COMPARTMENTS	GOCC:0090734	Site of DNA damage
TP53BP1	9606.ENSP00000371475	COMPARTMENTS	GOCC:0110165	Cellular anatomical entity
TP53BP1	9606.ENSP00000371475	COMPARTMENTS	GOCC:1902494	Catalytic complex
TP53BP1	9606.ENSP00000371475	COMPARTMENTS	GOCC:1902554	Serine/threonine protein kinase complex
TP53BP1	9606.ENSP00000371475	COMPARTMENTS	GOCC:1902911	Protein kinase complex
TP53BP1	9606.ENSP00000371475	COMPARTMENTS	GOCC:1990234	Transferase complex
TP53BP1	9606.ENSP00000371475	COMPARTMENTS	GOCC:1990391	DNA repair complex
TP53BP1	9606.ENSP00000371475	Monarch	EFO:0004298	Cardiovascular measurement
TP53BP1	9606.ENSP00000371475	Monarch	EFO:0004302	Anthropometric measurement
TP53BP1	9606.ENSP00000371475	Monarch	EFO:0004305	Erythrocyte count
TP53BP1	9606.ENSP00000371475	Monarch	EFO:0004306	Erythrocyte indices
TP53BP1	9606.ENSP00000371475	Monarch	EFO:0004308	Leukocyte count
TP53BP1	9606.ENSP00000371475	Monarch	EFO:0004309	Platelet count
TP53BP1	9606.ENSP00000371475	Monarch	EFO:0004315	Drinking behavior
TP53BP1	9606.ENSP00000371475	Monarch	EFO:0004324	Body weights and measures
TP53BP1	9606.ENSP00000371475	Monarch	EFO:0004329	Alcohol drinking
TP53BP1	9606.ENSP00000371475	Monarch	EFO:0004348	Hematocrit
TP53BP1	9606.ENSP00000371475	Monarch	EFO:0004458	C-reactive protein measurement
TP53BP1	9606.ENSP00000371475	Monarch	EFO:0004503	Hematological measurement
TP53BP1	9606.ENSP00000371475	Monarch	EFO:0004509	Hemoglobin measurement
TP53BP1	9606.ENSP00000371475	Monarch	EFO:0004512	Bone measurement
TP53BP1	9606.ENSP00000371475	Monarch	EFO:0004526	Mean corpuscular volume
TP53BP1	9606.ENSP00000371475	Monarch	EFO:0004529	Lipid measurement
TP53BP1	9606.ENSP00000371475	Monarch	EFO:0004530	Triglyceride measurement
TP53BP1	9606.ENSP00000371475	Monarch	EFO:0004533	Alkaline phosphatase measurement
TP53BP1	9606.ENSP00000371475	Monarch	EFO:0004535	Serum albumin measurement
TP53BP1	9606.ENSP00000371475	Monarch	EFO:0004582	Liver enzyme measurement
TP53BP1	9606.ENSP00000371475	Monarch	EFO:0004586	Complete blood cell count
TP53BP1	9606.ENSP00000371475	Monarch	EFO:0004612	High density lipoprotein cholesterol measurement
TP53BP1	9606.ENSP00000371475	Monarch	EFO:0004614	Apolipoprotein A 1 measurement
TP53BP1	9606.ENSP00000371475	Monarch	EFO:0004732	Lipoprotein measurement
TP53BP1	9606.ENSP00000371475	Monarch	EFO:0004746	Lipoprotein-associated phospholipase A(2) measurement
TP53BP1	9606.ENSP00000371475	Monarch	EFO:0004747	Protein measurement
TP53BP1	9606.ENSP00000371475	Monarch	EFO:0004842	Eosinophil count
TP53BP1	9606.ENSP00000371475	Monarch	EFO:0004872	Inflammatory biomarker measurement
TP53BP1	9606.ENSP00000371475	Monarch	EFO:0005036	Platelet measurement
TP53BP1	9606.ENSP00000371475	Monarch	EFO:0005047	Erythrocyte measurement
TP53BP1	9606.ENSP00000371475	Monarch	EFO:0005105	Lipid or lipoprotein measurement
TP53BP1	9606.ENSP00000371475	Monarch	EFO:0005278	Cardiovascular disease biomarker measurement
TP53BP1	9606.ENSP00000371475	Monarch	EFO:0007034	Seropositivity measurement
TP53BP1	9606.ENSP00000371475	Monarch	EFO:0007038	Influenza A seropositivity
TP53BP1	9606.ENSP00000371475	Monarch	EFO:0007878	Alcohol consumption measurement
TP53BP1	9606.ENSP00000371475	Monarch	EFO:0007937	Blood protein measurement
TP53BP1	9606.ENSP00000371475	Monarch	EFO:0007987	Granulocyte count
TP53BP1	9606.ENSP00000371475	Monarch	EFO:0007988	Myeloid white cell count
TP53BP1	9606.ENSP00000371475	Monarch	EFO:0010614	Follistatin measurement
TP53BP1	9606.ENSP00000371475	UniProt Keywords	KW-0010	Activator
TP53BP1	9606.ENSP00000371475	UniProt Keywords	KW-0025	Alternative splicing
TP53BP1	9606.ENSP00000371475	UniProt Keywords	KW-0137	Centromere
TP53BP1	9606.ENSP00000371475	UniProt Keywords	KW-0158	Chromosome
TP53BP1	9606.ENSP00000371475	UniProt Keywords	KW-0160	Chromosomal rearrangement
TP53BP1	9606.ENSP00000371475	UniProt Keywords	KW-0227	DNA damage
TP53BP1	9606.ENSP00000371475	UniProt Keywords	KW-0234	DNA repair
TP53BP1	9606.ENSP00000371475	UniProt Keywords	KW-0238	DNA-binding
TP53BP1	9606.ENSP00000371475	UniProt Keywords	KW-0488	Methylation
TP53BP1	9606.ENSP00000371475	UniProt Keywords	KW-0539	Nucleus
TP53BP1	9606.ENSP00000371475	UniProt Keywords	KW-0597	Phosphoprotein
TP53BP1	9606.ENSP00000371475	UniProt Keywords	KW-0677	Repeat
TP53BP1	9606.ENSP00000371475	UniProt Keywords	KW-0804	Transcription
TP53BP1	9606.ENSP00000371475	UniProt Keywords	KW-0805	Transcription regulation
TP53BP1	9606.ENSP00000371475	UniProt Keywords	KW-0832	Ubl conjugation
TP53BP1	9606.ENSP00000371475	UniProt Keywords	KW-0995	Kinetochore
TP53BP1	9606.ENSP00000371475	UniProt Keywords	KW-1017	Isopeptide bond
TP53BP1	9606.ENSP00000371475	Pfam	PF09038	Tumour suppressor p53-binding protein-1 Tudor
TP53BP1	9606.ENSP00000371475	InterPro	IPR001357	BRCT domain
TP53BP1	9606.ENSP00000371475	InterPro	IPR014722	Ribosomal protein L2, domain 2
TP53BP1	9606.ENSP00000371475	InterPro	IPR015125	Tumour suppressor p53-binding protein-1 Tudor domain
TP53BP1	9606.ENSP00000371475	InterPro	IPR036420	BRCT domain superfamily
TP53BP1	9606.ENSP00000371475	InterPro	IPR047249	TP53-binding protein 1-like, first BRCT domain
TP53BP1	9606.ENSP00000371475	InterPro	IPR047250	TP53-binding protein 1-like, second BRCT domain
TP53BP1	9606.ENSP00000371475	InterPro	IPR047252	TP53-binding protein 1-like
TP53BP1	9606.ENSP00000371475	SMART	SM00292	Breast cancer carboxy-terminal domain
USP28	9606.ENSP00000003302	GO Process	GO:0000075	Cell cycle checkpoint signaling
USP28	9606.ENSP00000003302	GO Process	GO:0000077	DNA damage checkpoint signaling
USP28	9606.ENSP00000003302	GO Process	GO:0006139	Nucleobase-containing compound metabolic process
USP28	9606.ENSP00000003302	GO Process	GO:0006259	DNA metabolic process
USP28	9606.ENSP00000003302	GO Process	GO:0006281	DNA repair
USP28	9606.ENSP00000003302	GO Process	GO:0006508	Proteolysis
USP28	9606.ENSP00000003302	GO Process	GO:0006511	Ubiquitin-dependent protein catabolic process
USP28	9606.ENSP00000003302	GO Process	GO:0006725	Cellular aromatic compound metabolic process
USP28	9606.ENSP00000003302	GO Process	GO:0006807	Nitrogen compound metabolic process
USP28	9606.ENSP00000003302	GO Process	GO:0006915	Apoptotic process
USP28	9606.ENSP00000003302	GO Process	GO:0006950	Response to stress
USP28	9606.ENSP00000003302	GO Process	GO:0006974	Cellular response to DNA damage stimulus
USP28	9606.ENSP00000003302	GO Process	GO:0007154	Cell communication
USP28	9606.ENSP00000003302	GO Process	GO:0007165	Signal transduction
USP28	9606.ENSP00000003302	GO Process	GO:0007264	Small GTPase mediated signal transduction
USP28	9606.ENSP00000003302	GO Process	GO:0007265	Ras protein signal transduction
USP28	9606.ENSP00000003302	GO Process	GO:0008152	Metabolic process
USP28	9606.ENSP00000003302	GO Process	GO:0008219	Cell death
USP28	9606.ENSP00000003302	GO Process	GO:0008283	Cell population proliferation
USP28	9606.ENSP00000003302	GO Process	GO:0008630	Intrinsic apoptotic signaling pathway in response to DNA damage
USP28	9606.ENSP00000003302	GO Process	GO:0009056	Catabolic process
USP28	9606.ENSP00000003302	GO Process	GO:0009057	Macromolecule catabolic process
USP28	9606.ENSP00000003302	GO Process	GO:0009314	Response to radiation
USP28	9606.ENSP00000003302	GO Process	GO:0009411	Response to UV
USP28	9606.ENSP00000003302	GO Process	GO:0009416	Response to light stimulus
USP28	9606.ENSP00000003302	GO Process	GO:0009628	Response to abiotic stimulus
USP28	9606.ENSP00000003302	GO Process	GO:0009987	Cellular process
USP28	9606.ENSP00000003302	GO Process	GO:0010212	Response to ionizing radiation
USP28	9606.ENSP00000003302	GO Process	GO:0010564	Regulation of cell cycle process
USP28	9606.ENSP00000003302	GO Process	GO:0010948	Negative regulation of cell cycle process
USP28	9606.ENSP00000003302	GO Process	GO:0012501	Programmed cell death
USP28	9606.ENSP00000003302	GO Process	GO:0016579	Protein deubiquitination
USP28	9606.ENSP00000003302	GO Process	GO:0019538	Protein metabolic process
USP28	9606.ENSP00000003302	GO Process	GO:0019941	Modification-dependent protein catabolic process
USP28	9606.ENSP00000003302	GO Process	GO:0023052	Signaling
USP28	9606.ENSP00000003302	GO Process	GO:0030163	Protein catabolic process
USP28	9606.ENSP00000003302	GO Process	GO:0031570	DNA integrity checkpoint signaling
USP28	9606.ENSP00000003302	GO Process	GO:0031647	Regulation of protein stability
USP28	9606.ENSP00000003302	GO Process	GO:0033554	Cellular response to stress
USP28	9606.ENSP00000003302	GO Process	GO:0034641	Cellular nitrogen compound metabolic process
USP28	9606.ENSP00000003302	GO Process	GO:0034644	Cellular response to UV
USP28	9606.ENSP00000003302	GO Process	GO:0035556	Intracellular signal transduction
USP28	9606.ENSP00000003302	GO Process	GO:0036211	Protein modification process
USP28	9606.ENSP00000003302	GO Process	GO:0042770	Signal transduction in response to DNA damage
USP28	9606.ENSP00000003302	GO Process	GO:0042771	Intrinsic apoptotic signaling pathway in response to DNA damage by p53 class mediator
USP28	9606.ENSP00000003302	GO Process	GO:0043170	Macromolecule metabolic process
USP28	9606.ENSP00000003302	GO Process	GO:0043412	Macromolecule modification
USP28	9606.ENSP00000003302	GO Process	GO:0043632	Modification-dependent macromolecule catabolic process
USP28	9606.ENSP00000003302	GO Process	GO:0044237	Cellular metabolic process
USP28	9606.ENSP00000003302	GO Process	GO:0044238	Primary metabolic process
USP28	9606.ENSP00000003302	GO Process	GO:0044248	Cellular catabolic process
USP28	9606.ENSP00000003302	GO Process	GO:0044260	Cellular macromolecule metabolic process
USP28	9606.ENSP00000003302	GO Process	GO:0044265	Cellular macromolecule catabolic process
USP28	9606.ENSP00000003302	GO Process	GO:0045786	Negative regulation of cell cycle
USP28	9606.ENSP00000003302	GO Process	GO:0046483	Heterocycle metabolic process
USP28	9606.ENSP00000003302	GO Process	GO:0048519	Negative regulation of biological process
USP28	9606.ENSP00000003302	GO Process	GO:0048523	Negative regulation of cellular process
USP28	9606.ENSP00000003302	GO Process	GO:0050789	Regulation of biological process
USP28	9606.ENSP00000003302	GO Process	GO:0050794	Regulation of cellular process
USP28	9606.ENSP00000003302	GO Process	GO:0050896	Response to stimulus
USP28	9606.ENSP00000003302	GO Process	GO:0051603	Proteolysis involved in protein catabolic process
USP28	9606.ENSP00000003302	GO Process	GO:0051716	Cellular response to stimulus
USP28	9606.ENSP00000003302	GO Process	GO:0051726	Regulation of cell cycle
USP28	9606.ENSP00000003302	GO Process	GO:0065007	Biological regulation
USP28	9606.ENSP00000003302	GO Process	GO:0065008	Regulation of biological quality
USP28	9606.ENSP00000003302	GO Process	GO:0070646	Protein modification by small protein removal
USP28	9606.ENSP00000003302	GO Process	GO:0070647	Protein modification by small protein conjugation or removal
USP28	9606.ENSP00000003302	GO Process	GO:0071214	Cellular response to abiotic stimulus
USP28	9606.ENSP00000003302	GO Process	GO:0071478	Cellular response to radiation
USP28	9606.ENSP00000003302	GO Process	GO:0071482	Cellular response to light stimulus
USP28	9606.ENSP00000003302	GO Process	GO:0071704	Organic substance metabolic process
USP28	9606.ENSP00000003302	GO Process	GO:0072331	Signal transduction by p53 class mediator
USP28	9606.ENSP00000003302	GO Process	GO:0072332	Intrinsic apoptotic signaling pathway by p53 class mediator
USP28	9606.ENSP00000003302	GO Process	GO:0090304	Nucleic acid metabolic process
USP28	9606.ENSP00000003302	GO Process	GO:0097190	Apoptotic signaling pathway
USP28	9606.ENSP00000003302	GO Process	GO:0097193	Intrinsic apoptotic signaling pathway
USP28	9606.ENSP00000003302	GO Process	GO:0104004	Cellular response to environmental stimulus
USP28	9606.ENSP00000003302	GO Process	GO:1901360	Organic cyclic compound metabolic process
USP28	9606.ENSP00000003302	GO Process	GO:1901564	Organonitrogen compound metabolic process
USP28	9606.ENSP00000003302	GO Process	GO:1901565	Organonitrogen compound catabolic process
USP28	9606.ENSP00000003302	GO Process	GO:1901575	Organic substance catabolic process
USP28	9606.ENSP00000003302	GO Process	GO:1901987	Regulation of cell cycle phase transition
USP28	9606.ENSP00000003302	GO Process	GO:1901988	Negative regulation of cell cycle phase transition
USP28	9606.ENSP00000003302	GO Function	GO:0003824	Catalytic activity
USP28	9606.ENSP00000003302	GO Function	GO:0004175	Endopeptidase activity
USP28	9606.ENSP00000003302	GO Function	GO:0004197	Cysteine-type endopeptidase activity
USP28	9606.ENSP00000003302	GO Function	GO:0004843	Cysteine-type deubiquitinase activity
USP28	9606.ENSP00000003302	GO Function	GO:0008233	Peptidase activity
USP28	9606.ENSP00000003302	GO Function	GO:0008234	Cysteine-type peptidase activity
USP28	9606.ENSP00000003302	GO Function	GO:0016787	Hydrolase activity
USP28	9606.ENSP00000003302	GO Function	GO:0019783	Ubiquitin-like protein peptidase activity
USP28	9606.ENSP00000003302	GO Function	GO:0101005	Deubiquitinase activity
USP28	9606.ENSP00000003302	GO Function	GO:0140096	Catalytic activity, acting on a protein
USP28	9606.ENSP00000003302	GO Component	GO:0005622	Intracellular anatomical structure
USP28	9606.ENSP00000003302	GO Component	GO:0005634	Nucleus
USP28	9606.ENSP00000003302	GO Component	GO:0005654	Nucleoplasm
USP28	9606.ENSP00000003302	GO Component	GO:0005737	Cytoplasm
USP28	9606.ENSP00000003302	GO Component	GO:0005829	Cytosol
USP28	9606.ENSP00000003302	GO Component	GO:0016604	Nuclear body
USP28	9606.ENSP00000003302	GO Component	GO:0031974	Membrane-enclosed lumen
USP28	9606.ENSP00000003302	GO Component	GO:0031981	Nuclear lumen
USP28	9606.ENSP00000003302	GO Component	GO:0032991	Protein-containing complex
USP28	9606.ENSP00000003302	GO Component	GO:0043226	Organelle
USP28	9606.ENSP00000003302	GO Component	GO:0043227	Membrane-bounded organelle
USP28	9606.ENSP00000003302	GO Component	GO:0043229	Intracellular organelle
USP28	9606.ENSP00000003302	GO Component	GO:0043231	Intracellular membrane-bounded organelle
USP28	9606.ENSP00000003302	GO Component	GO:0043233	Organelle lumen
USP28	9606.ENSP00000003302	GO Component	GO:0070013	Intracellular organelle lumen
USP28	9606.ENSP00000003302	GO Component	GO:0110165	Cellular anatomical entity
USP28	9606.ENSP00000003302	STRING clusters	CL:3992	Cysteine-type deubiquitinase activity, and Heat shock chaperonin-binding
USP28	9606.ENSP00000003302	STRING clusters	CL:3994	Cysteine-type deubiquitinase activity, and Heat shock chaperonin-binding
USP28	9606.ENSP00000003302	STRING clusters	CL:3996	Cysteine-type deubiquitinase activity, and Heat shock chaperonin-binding
USP28	9606.ENSP00000003302	STRING clusters	CL:3998	Cysteine-type deubiquitinase activity
USP28	9606.ENSP00000003302	STRING clusters	CL:4000	Mixed, incl. OTU-like cysteine protease, and Josephin domain DUBs
USP28	9606.ENSP00000003302	STRING clusters	CL:4002	Josephin domain DUBs, and Deubiquitinase activity
USP28	9606.ENSP00000003302	STRING clusters	CL:4005	Mixed, incl. Josephin domain DUBs, and Ubiquitinyl hydrolase
USP28	9606.ENSP00000003302	STRING clusters	CL:4009	Mixed, incl. Ubiquitinyl hydrolase, and Peptidase family C78
USP28	9606.ENSP00000003302	Reactome	HSA-392499	Metabolism of proteins
USP28	9606.ENSP00000003302	Reactome	HSA-5688426	Deubiquitination
USP28	9606.ENSP00000003302	Reactome	HSA-5689880	Ub-specific processing proteases
USP28	9606.ENSP00000003302	Reactome	HSA-597592	Post-translational protein modification
USP28	9606.ENSP00000003302	TISSUES	BTO:0000000	Tissues, cell types and enzyme sources
USP28	9606.ENSP00000003302	TISSUES	BTO:0000042	Animal
USP28	9606.ENSP00000003302	TISSUES	BTO:0000174	Embryonic structure
USP28	9606.ENSP00000003302	TISSUES	BTO:0000284	Organism form
USP28	9606.ENSP00000003302	TISSUES	BTO:0000379	Embryo
USP28	9606.ENSP00000003302	TISSUES	BTO:0001489	Whole body
USP28	9606.ENSP00000003302	TISSUES	BTO:0001541	Pronephros
USP28	9606.ENSP00000003302	COMPARTMENTS	GOCC:0005622	Intracellular
USP28	9606.ENSP00000003302	COMPARTMENTS	GOCC:0005634	Nucleus
USP28	9606.ENSP00000003302	COMPARTMENTS	GOCC:0005654	Nucleoplasm
USP28	9606.ENSP00000003302	COMPARTMENTS	GOCC:0031974	Membrane-enclosed lumen
USP28	9606.ENSP00000003302	COMPARTMENTS	GOCC:0031981	Nuclear lumen
USP28	9606.ENSP00000003302	COMPARTMENTS	GOCC:0032991	Protein-containing complex
USP28	9606.ENSP00000003302	COMPARTMENTS	GOCC:0043226	Organelle
USP28	9606.ENSP00000003302	COMPARTMENTS	GOCC:0043227	Membrane-bounded organelle
USP28	9606.ENSP00000003302	COMPARTMENTS	GOCC:0043229	Intracellular organelle
USP28	9606.ENSP00000003302	COMPARTMENTS	GOCC:0043231	Intracellular membrane-bounded organelle
USP28	9606.ENSP00000003302	COMPARTMENTS	GOCC:0043233	Organelle lumen
USP28	9606.ENSP00000003302	COMPARTMENTS	GOCC:0070013	Intracellular organelle lumen
USP28	9606.ENSP00000003302	COMPARTMENTS	GOCC:0110165	Cellular anatomical entity
USP28	9606.ENSP00000003302	Monarch	EFO:0000556	Ischemia
USP28	9606.ENSP00000003302	Monarch	EFO:0003925	Cognition
USP28	9606.ENSP00000003302	Monarch	EFO:0004323	Mental process
USP28	9606.ENSP00000003302	Monarch	EFO:0004875	Mathematical ability
USP28	9606.ENSP00000003302	Monarch	HP:0000118	Phenotypic abnormality
USP28	9606.ENSP00000003302	Monarch	HP:0000707	Abnormality of the nervous system
USP28	9606.ENSP00000003302	Monarch	HP:0001297	Stroke
USP28	9606.ENSP00000003302	Monarch	HP:0001626	Abnormality of the cardiovascular system
USP28	9606.ENSP00000003302	Monarch	HP:0002011	Morphological central nervous system abnormality
USP28	9606.ENSP00000003302	Monarch	HP:0002060	Abnormal cerebral morphology
USP28	9606.ENSP00000003302	Monarch	HP:0002140	Ischemic stroke
USP28	9606.ENSP00000003302	Monarch	HP:0002597	Abnormality of the vasculature
USP28	9606.ENSP00000003302	Monarch	HP:0002637	Cerebral ischemia
USP28	9606.ENSP00000003302	Monarch	HP:0011025	Abnormal cardiovascular system physiology
USP28	9606.ENSP00000003302	Monarch	HP:0012443	Abnormality of brain morphology
USP28	9606.ENSP00000003302	Monarch	HP:0012639	Abnormal nervous system morphology
USP28	9606.ENSP00000003302	Monarch	HP:0025015	Abnormal vascular morphology
USP28	9606.ENSP00000003302	Monarch	HP:0025323	Abnormal arterial physiology
USP28	9606.ENSP00000003302	Monarch	HP:0025722	Cerebral infarct
USP28	9606.ENSP00000003302	Monarch	HP:0030163	Abnormal vascular physiology
USP28	9606.ENSP00000003302	Monarch	HP:0030680	Abnormality of cardiovascular system morphology
USP28	9606.ENSP00000003302	Monarch	HP:0033401	Tissue ischemia
USP28	9606.ENSP00000003302	Monarch	HP:0100547	Abnormal forebrain morphology
USP28	9606.ENSP00000003302	Monarch	HP:0100659	Abnormal cerebral vascular morphology
USP28	9606.ENSP00000003302	UniProt Keywords	KW-0025	Alternative splicing
USP28	9606.ENSP00000003302	UniProt Keywords	KW-0227	DNA damage
USP28	9606.ENSP00000003302	UniProt Keywords	KW-0234	DNA repair
USP28	9606.ENSP00000003302	UniProt Keywords	KW-0378	Hydrolase
USP28	9606.ENSP00000003302	UniProt Keywords	KW-0539	Nucleus
USP28	9606.ENSP00000003302	UniProt Keywords	KW-0597	Phosphoprotein
USP28	9606.ENSP00000003302	UniProt Keywords	KW-0645	Protease
USP28	9606.ENSP00000003302	UniProt Keywords	KW-0788	Thiol protease
USP28	9606.ENSP00000003302	UniProt Keywords	KW-0832	Ubl conjugation
USP28	9606.ENSP00000003302	UniProt Keywords	KW-0833	Ubl conjugation pathway
USP28	9606.ENSP00000003302	UniProt Keywords	KW-1017	Isopeptide bond
USP28	9606.ENSP00000003302	Pfam	PF13423	Ubiquitin carboxyl-terminal hydrolase
USP28	9606.ENSP00000003302	InterPro	IPR001394	Peptidase C19, ubiquitin carboxyl-terminal hydrolase
USP28	9606.ENSP00000003302	InterPro	IPR009060	UBA-like superfamily
USP28	9606.ENSP00000003302	InterPro	IPR018200	Ubiquitin specific protease, conserved site
USP28	9606.ENSP00000003302	InterPro	IPR028889	Ubiquitin specific protease domain
USP28	9606.ENSP00000003302	InterPro	IPR038765	Papain-like cysteine peptidase superfamily
USP28	9606.ENSP00000003302	SMART	SM00726	Ubiquitin-interacting motif.
